"Choose Date and Time","Choose Date and Time"
"Choose Date","Choose Date"
today,today
selected,selected
Sunday,Sunday
Monday,Monday
Tuesday,Tuesday
Wednesday,Wednesday
Thursday,Thursday
Friday,Friday
Saturday,Saturday
January,January
February,February
March,March
April,April
May,May
June,June
July,July
August,August
September,September
October,October
November,November
December,December
"Change Date and Time","Change Date and Time"
"Change Date","Change Date"
"Previous Month","Previous Month"
"Next Month","Next Month"
Today,Today
Cancel,Cancel
OK,OK
