"Something went wrong while building the report","レポートの生成中に問題が発生しました"
"Not logged in","ログインしていません"
"Email Notifications","メール通知"
"The email report has been deleted.","メールレポートが削除されました。"
"This email report no longer exists.","このメールレポートは存在しません。"
"This email no longer exists.","このメールは存在しません。"
"Edit Email ""%1""","メール ""%1"" を編集"
"New Email Report","新規メールレポート"
"You saved the email report.","メールレポートを保存しました。"
"No data to save.","保存するデータがありません。"
"This report no longer exists.","このレポートは存在しません。"
"Report columns saved.","レポートの列を保存しました。"
"Unsupported format ""%1""","サポートされていない形式 ""%1"""
"This report does not exist or is not available for sharing.","このレポートは存在しないか、共有できません"
"Report identifier is required","レポート識別子が必要です"
"Report: %1","レポート: %1"
"Block identifier ""%1"" does not match any available report or dashboard block. Use GET /V1/reports/reports to discover valid identifiers.","ブロック識別子 ""%1"" は、利用可能なレポートまたはダッシュボードブロックと一致しません。有効な識別子を確認するには GET /V1/reports/reports を使用してください。"
"Time range ""%1"" is not valid. Valid values: %2","期間 ""%1"" は無効です。有効な値: %2"
"Email with ID ""%1"" does not exist.","ID ""%1"" のメールは存在しません。"
Back,戻る
Delete,削除
"Are you sure you want to do this?","本当に実行してよろしいですか？"
Save,保存
"Save & Continue","保存して続行"
"Save & Send","保存して送信"
Edit,編集
"Delete email?","メールを削除しますか？"
(previous),(前期)
"%1 out of %2 selected","%2 件中 %1 件を選択"
"Access URL","アクセスURL"
Actions,操作
"Active filters:","有効なフィルター:"
"Add Empty Widget","空のウィジェットを追加"
"Add filter","フィルターを追加"
"Add Filter","フィルターを追加"
"Add New Board","新規ボードを追加"
"Add New Widget","新規ウィジェットを追加"
"Add Widget","ウィジェットを追加"
"Additional Filters","追加フィルター"
"Advanced mode","詳細モード"
Aggregator,集計関数
"and more %1 other columns","他 %1 列"
applicable,適用可能
Apply,適用
"Apply date filter","日付フィルターを適用"
"Apply Filters","フィルターを適用"
"Are you sure you want to reset the access token?","アクセストークンをリセットしてもよろしいですか？"
Average,平均
"Base Table","ベーステーブル"
"Block Type","ブロックタイプ"
Cancel,キャンセル
"Cancel date filter","日付フィルターを解除"
Chart,グラフ
"Chart type selector","グラフタイプセレクター"
"Clear all","すべてクリア"
Close,閉じる
"Close menu","メニューを閉じる"
Column,列
"Column for grouping data in the table","テーブル内でデータをグループ化する列"
"Column for grouping the data in the table","テーブル内でデータをグループ化する列"
"Column selector mode switcher. Current mode: %1","列セレクターのモード切替。現在のモード: %1"
Columns,列
"Columns to group the rows in the table","テーブルの行をグループ化する列"
Comparison,比較
contains,含む
Content,コンテンツ
Copied,コピーしました
"Copy importdata code for Google Sheets","Google Sheets用のimportdataコードをコピー"
"Copy to clipboard","クリップボードにコピー"
Count,件数
Country,国
"Current mode: %1","現在のモード: %1"
"Current Page","現在のページ"
Custom,カスタム
Customize,カスタマイズ
Date,日付
"Date filter","日付フィルター"
Day,日
"Delete report","レポートを削除"
Description,説明
Dimension,ディメンション
"Dimension column table","ディメンション列テーブル"
Dimensions,ディメンション
Disable,無効化
"Disable sharing report","レポートの共有を無効化"
"Do not compare","比較しない"
"doesn't contain","含まない"
Download,ダウンロード
Duplicate,複製
"Duplicate report","レポートを複製"
Early,早期
"Edit Board","ボードを編集"
"Edit columns","列を編集"
"Edit report","レポートを編集"
"Empty report data table","空のレポートデータテーブル"
Enable,有効化
"Enable Remote Access","リモートアクセスを有効化"
"Enable Remote Access on Storefront","フロントエンドでリモートアクセスを有効化"
"Enable sharing report","レポートの共有を有効化"
"Enter page number","ページ番号を入力"
"Excel XML","Excel XML"
Export,エクスポート
"Filter value","フィルター値"
Filters,フィルター
"Found: %1 columns","検出: %1 列"
from,から
"From date","開始日"
"General Information","一般情報"
"Go to next page","次のページへ"
"Go to previous page","前のページへ"
"Group by","グループ化"
"Hide percentage of total","合計のパーセンテージを非表示"
"Image for %1","%1 の画像"
"Import data code","データインポートコード"
"Insert the below code into your Google Sheet and it will automatically import the most recent data from the report every hour:","以下のコードをGoogleシートに挿入すると、1時間ごとにレポートの最新データが自動的にインポートされます:"
"Insert To Google Sheet","Googleシートに挿入"
"Insert widget's HTML content here","ここにウィジェットのHTMLコンテンツを挿入"
"Internal Filters","内部フィルター"
"Is Default","デフォルト"
"is not","ではない"
"is not one of","いずれでもない"
"is one of","いずれかである"
Loading...,読み込み中...
"Lower number means higher position. Boards with the same sort order will be ordered according to the dashboard general sorting settings.","数値が小さいほど上位に表示されます。同じ並び順のボードは、ダッシュボードの一般的な並び替え設定に従って並べられます。"
"Make a copy","コピーを作成"
"Make sure that the selected columns are","選択した列が次の条件を満たしていることを確認してください"
Manage,管理
"Manage columns","列を管理"
"Manage filters","フィルターを管理"
Metric,メトリック
Month,月
"More filters","その他のフィルター"
"More Filters","その他のフィルター"
"No next pages, action disabled","次のページがありません。操作は無効です"
"No previous pages, action disabled","前のページがありません。操作は無効です"
"not allowed","許可されていません"
Number,数値
of,/
"Once you have configured the report, you can use a direct link to open the report on any device without opening the admin and always with fresh live data.","レポートを構成すると、管理画面を開かずにどのデバイスからでも直接リンクでレポートを開くことができ、常に最新のライブデータを参照できます。"
"Open link","リンクを開く"
"Open menu","メニューを開く"
"Override dashboard time","ダッシュボードの期間を上書き"
"Page Size","ページサイズ"
Percent,パーセント
"Please select","選択してください"
"Previous period","前期間"
"Primary Filters","主要フィルター"
"Private Board","プライベートボード"
"Private Board will be available only for the current admin user. Shared Board will be available for all admin users.","プライベートボードは現在の管理者ユーザーのみ利用可能です。共有ボードはすべての管理者ユーザーが利用可能です。"
Quarter,四半期
"Quick Access & Sharing","クイックアクセスと共有"
"A quick access link to the report is a great alternative to routine daily exporting.","レポートへのクイックアクセスリンクは、日常的なエクスポート作業の優れた代替手段です。"
Range,範囲
"records found","件のレコードが見つかりました"
Refresh,更新
Remove,削除
"Remove filter","フィルターを削除"
"Remove from chart","グラフから削除"
"Removing board...","ボードを削除中..."
"Report data table with %1 rows","%1 行のレポートデータテーブル"
Reset,リセット
"Reset access token","アクセストークンをリセット"
"Reset Changes","変更をリセット"
"Resetting the access token will deactivate the old access link. Anyone who previously had access to the board will lose it and will need the new link to access it.","アクセストークンをリセットすると、古いアクセスリンクが無効になります。以前ボードへのアクセス権を持っていたユーザーはアクセスできなくなり、新しいリンクが必要になります。"
"Rows Limit","行数の上限"
"Same period last month","先月の同期間"
"Same period last week","先週の同期間"
"Same period last year","昨年の同期間"
"Save Changes","変更を保存"
"Saving report...","レポートを保存中..."
Saving...,保存中...
"Search column across ALL tables by identifier.","識別子によりすべてのテーブルから列を検索します。"
"Search for column","列を検索"
"Select condition","条件を選択"
"Select date range","日付範囲を選択"
"Select Date Range","日付範囲を選択"
Share,共有
"Share Dashboard","ダッシュボードを共有"
"Share in %1 format","%1 形式で共有"
"Shared Board","共有ボード"
"Sharing link","共有リンク"
"Show in chart","グラフに表示"
"Show percentage of total","合計のパーセンテージを表示"
"Single Value","単一値"
"Sort by %1","%1 で並び替え"
"Sort Order","並び順"
Sorting,並び替え
"Spark line","スパークライン"
String,文字列
Sum,合計
"Switch to %1 chart","%1 グラフに切り替え"
Table,テーブル
"Time Range","期間"
Title,タイトル
to,〜
"To date","終了日"
"to the current report.","現在のレポートに。"
Toolbar,ツールバー
Type,タイプ
"Type to search","入力して検索"
"Untitled Block","無題のブロック"
"Untitled Board","無題のボード"
Value,値
"We couldn't find any records.","レコードが見つかりませんでした。"
Week,週
"Widget Library","ウィジェットライブラリ"
"Wrong configuration. Please change report building conditions.","構成が正しくありません。レポート生成の条件を変更してください。"
Year,年
"To add your first block, unlock the board (top right corner).","最初のブロックを追加するには、ボードのロックを解除（右上隅）する必要があります。"
"Loading report data","レポートデータを読み込み中"
"Report data table for %1","%1 のレポートデータテーブル"
Block,ブロック
"Date Interval","日付間隔"
Limit,上限
"Add Block","ブロックを追加"
Active,有効
"Attach each block as a separate CSV report","各ブロックを個別のCSVレポートとして添付"
Subject,件名
Recipient,宛先
Schedule,スケジュール
"Should be cron-like expression. <br/>Example: 59 23 * * * <br/>Will be sent report every day at 23:59","cron形式の式で指定してください。<br/>例: 59 23 * * * <br/>毎日23:59にレポートが送信されます"
Body,本文
"Add New Email","新規メールを追加"
ID,ID
Status,ステータス
"Last Sent At","最終送信日時"
