"Help Desk Tickets (%1)","تذاكر مكتب المساعدة (%1)"
"Departments","الأقسام"
"Add New Department","إضافة قسم جديد"
"Custom Fields","حقول مخصصة"
"Add New Field","إضافة حقل جديد"
"Gateways","البوابات"
"Add New Gateway","إضافة بوابة جديدة"
"Tickets","التذاكر"
"Priorities","الأولويات"
"Statuses","الحالات"
"Quick Responses","ردود سريعة"
"SPAM patterns","أنماط البريد المزعج"
"Permissions","الأذونات"
"Workflow Rules","قواعد سير العمل"
"Satisfaction Survey Results","نتائج استبيان الرضا"
"Working Hours","ساعات العمل"
"Reports","التقارير"
"Refresh Statistics","تحديث الإحصائيات"
"Settings","الإعدادات"
"Spam Filter Patterns","أنماط تصفية البريد المزعج"
"Add New Pattern","إضافة نمط جديد"
"Add New Permission","إضافة إذن جديد"
"Add New Priority","إضافة أولوية جديدة"
"Add New Rule","إضافة قاعدة جديدة"
"Apply the rule only if the following conditions are met:","تطبيق القاعدة فقط إذا تم استيفاء الشروط التالية:"
"Help Desk Tickets","تذاكر مكتب المساعدة"
"Create a ticket for this order","إنشاء تذكرة لهذا الطلب"
"Satisfaction Survey","استبيان الرضا"
"Schedule","الجدول"
"Add New Schedule","إضافة جدول جديد"
"General Information","معلومات عامة"
"Working days/hours","أيام/ساعات العمل"
"Spam Folder","مجلد البريد المزعج"
"Add New Status","إضافة حالة جديدة"
"Add New Template","إضافة قالب جديد"
"Create New Ticket","إنشاء تذكرة جديدة"
"Previous Ticket","التذكرة السابقة"
"Next Ticket","التذكرة التالية"
"Convert to RMA","التحويل إلى RMA"
"Save","حفظ"
"Save & Edit","حفظ وتعديل"
"To Archive","إلى الأرشيف"
"To Spam","إلى البريد المزعج"
"Delete","حذف"
"Are you sure you want to do this?","هل أنت متأكد من رغبتك في القيام بذلك؟"
"To Inbox","إلى البريد الوارد"
"Additional Information","معلومات إضافية"
"Subject","موضوع"
"Store View","عرض المتجر"
"Channel","القناة"
"open page","فتح الصفحة"
"External Link","رابط خارجي"
"Tags","الوسوم"
"comma-separated list","قائمة مفصولة بفواصل"
"Customer Note","ملاحظة العميل"
"This field is shared for all of this customer's tickets.","هذا الحقل مشترك لجميع تذاكر هذا العميل."
"Follow Up","المتابعة"
"Period","الفترة"
"Period Value","قيمة الفترة"
"Execute At","التنفيذ في"
"Send Reminder","إرسال تذكير"
"Set Status To","تعيين الحالة إلى"
"Set Priority To","تعيين الأولوية إلى"
"Set Owner To","تعيين المالك إلى"
"Unassigned","غير معين"
"Loading...","جارٍ التحميل..."
"%1, %2","%1, %2"
"Select a store","اختر متجرًا"
"Store","المتجر"
"General","عام"
"Additional","إضافي"
"Other Tickets (%1)","تذاكر أخرى (%1)"
"ID","المعرف"
"Customer Name","اسم العميل"
"Last Replier","آخر مجيب"
"Owner","المالك"
"Department"," قسم، أقسام"
"Status","الحالة"
"Priority","أفضلية"
"Replies","الردود"
"Created At","تاريخ الإنشاء"
"Updated At","تاريخ التحديث"
"Last Reply At","تاريخ آخر رد"
"Last Activity","النشاط الاخير"
"Action","الإجراء"
"View","رأي"
"Change Status","تغيير الحالة"
"Change Owner","تغيير المالك"
"Merge","دمج"
"Are you sure you want to proceed? This action is not reversible.","هل أنت متأكد من رغبتك في المتابعة؟ لا يمكن التراجع عن هذا الإجراء."
"Archive","الأرشيف"
"Are you sure?","هل أنت متأكد؟"
"Mark as spam","وضع علامة بريد مزعج"
"Add Ticket","إضافة تذكرة"
"Help Desk","مكتب المساعدة"
"Help Desk Settings","إعدادات مكتب المساعدة"
"Signature for Emails","توقيع رسائل البريد الإلكتروني"
"Thank you","شكرا  لكم"
"Processing Rate","معدل المعالجة"
"Create Ticket","إنشاء تذكرة"
"[%1] %2","[%1] %2"
"You are not allowed to add the message to the current ticket as it is locked. To contact support team you should create a new ticket.","لا يُسمح لك بإضافة رسالة إلى التذكرة الحالية لأنها مقفلة. للتواصل مع فريق الدعم، يجب عليك إنشاء تذكرة جديدة."
"--/--/--","--/--/--"
"unlocked","غير مقفل"
"locked","مقفل"
"New Department","قسم جديد"
"Department  Manager","مدير القسم"
"Department Manager","مدير القسم"
"Add Department","إضافة قسم"
"Department was successfully deleted","تم حذف القسم بنجاح"
"Edit Department '%1'","تعديل القسم '%1'"
"Edit Department","تعديل القسم"
"The Department does not exist.","القسم غير موجود."
"Department was successfully saved","تم حفظ القسم بنجاح"
"Unable to find Department to save","تعذر العثور على القسم لحفظه"
"Wrong request.","طلب غير صحيح."
"This ticket does not exist anymore.","هذه التذكرة لم تعد موجودة."
"New Field","حقل جديد"
"Field  Manager","مدير الحقل"
"Field Manager","مدير الحقل"
"Add Field","إضافة حقل"
"Field was successfully deleted","تم حذف الحقل بنجاح"
"Edit Field '%1'","تعديل الحقل '%1'"
"Edit Field","تعديل الحقل"
"The Field does not exist.","الحقل غير موجود."
"Field with the same code already exists","حقل بنفس الرمز موجود بالفعل"
"Field was successfully saved","تم حفظ الحقل بنجاح"
"Unable to find Field to save","تعذر العثور على الحقل لحفظه"
"Please, ask your hosting provider to enable the IMAP extension in PHP configuration of your server. Otherwise, helpdesk will not be able to fetch emails.","يرجى مطالبة مزود الاستضافة الخاص بك بتمكين امتداد IMAP في إعدادات PHP على الخادم. وإلا فلن يتمكن مكتب المساعدة من جلب رسائل البريد الإلكتروني."
"New Gateway","بوابة جديدة"
"Gateway  Manager","مدير البوابة"
"Gateway Manager","مدير البوابة"
"Add Gateway","إضافة بوابة"
"done","تم"
"Gateway was successfully deleted","تم حذف البوابة بنجاح"
"Edit Gateway '%1'","تعديل البوابة '%1'"
"Edit Gateway","تعديل البوابة"
"The Gateway does not exist.","البوابة غير موجودة."
"OAuth2 authorization failed: %1","فشل تخويل OAuth2: %1"
"Invalid OAuth2 callback parameters.","معلمات استدعاء OAuth2 غير صالحة."
"Invalid state parameter.","معلمة الحالة غير صالحة."
"CSRF token validation failed.","فشل التحقق من رمز CSRF."
"Gateway not found.","البوابة غير موجودة."
"Connected","متصل"
"Connected to %1","متصل بـ %1"
"No email connected","لا يوجد بريد إلكتروني متصل"
"Successfully connected to Gmail!","تم الاتصال بـ Gmail بنجاح!"
"Failed to obtain access token.","فشل الحصول على رمز الوصول."
"OAuth2 token exchange failed: %1","فشل تبادل رمز OAuth2: %1"
"Gateway ID is required.","معرف البوابة مطلوب."
"Please configure OAuth2 Client ID and Secret first.","يرجى تكوين OAuth2 Client ID والسر أولاً."
"Gateway was successfully saved. Please click ""Connect to Gmail"" to authorize.","تم حفظ البوابة بنجاح. يرجى النقر على ""الاتصال بـ Gmail"" للتخويل."
"Gateway was successfully saved. Connection has been established.","تم حفظ البوابة بنجاح. تم إنشاء الاتصال."
"Unable to find Gateway to save","تعذر العثور على البوابة لحفظها"
"A total of %1 record(s) have been updated.","تم تحديث ما مجموعه %1 سجل/سجلات."
"A total of %1 record(s) have been deleted.","تم حذف ما مجموعه %1 سجل/سجلات."
"New Pattern","نمط جديد"
"Pattern  Manager","مدير النمط"
"Pattern Manager","مدير النمط"
"Add Pattern","إضافة نمط"
"Pattern was successfully deleted","تم حذف النمط بنجاح"
"Edit Pattern '%1'","تعديل النمط '%1'"
"Edit Pattern","تعديل النمط"
"The Pattern does not exist.","النمط غير موجود."
"Pattern was successfully saved","تم حفظ النمط بنجاح"
"You have written an incorrect pattern","لقد كتبت نمطًا غير صحيح"
"Unable to find Pattern to save","تعذر العثور على النمط لحفظه"
"New Permission","إذن جديد"
"Permission  Manager","مدير الأذونات"
"Permission Manager","مدير الأذونات"
"Add Permission","إضافة إذن"
"Permission was successfully deleted","تم حذف الإذن بنجاح"
"Edit Permission","تعديل الإذن"
"Permission does not exist.","الإذن غير موجود."
"Permission was successfully saved","تم حفظ الإذن بنجاح"
"Unable to find Permission to save","تعذر العثور على الإذن لحفظه"
"New Priority","أولوية جديدة"
"Priority  Manager","مدير الأولويات"
"Priority Manager","مدير الأولويات"
"Add Priority","إضافة أولوية"
"Priority was successfully deleted","تم حذف الأولوية بنجاح"
"Edit Priority '%1'","تعديل الأولوية '%1'"
"Edit Priority","تعديل الأولوية"
"The Priority does not exist.","الأولوية غير موجودة."
"Priority was successfully saved","تم حفظ الأولوية بنجاح"
"Unable to find Priority to save","تعذر العثور على الأولوية لحفظها"
"Statistics was successfully updated","تم تحديث الإحصائيات بنجاح"
"Helpdesk","مكتب المساعدة"
"New Rule","قاعدة جديدة"
"Rule  Manager","مدير القواعد"
"Rule Manager","مدير القواعد"
"Add Rule","إضافة قاعدة"
"Rule was successfully deleted","تم حذف القاعدة بنجاح"
"Edit Rule '%1'","تعديل القاعدة '%1'"
"Edit Rule","تعديل القاعدة"
"The Rule does not exist.","القاعدة غير موجودة."
"Rule was successfully saved","تم حفظ القاعدة بنجاح"
"Unable to find Rule to save","تعذر العثور على القاعدة لحفظها"
"New Satisfaction","رضا جديد"
"Satisfaction  Manager","مدير الرضا"
"Satisfaction Manager","مدير الرضا"
"Add Satisfaction","إضافة رضا"
"Satisfaction was successfully deleted","تم حذف الرضا بنجاح"
"Edit Satisfaction '%1'","تعديل الرضا '%1'"
"Edit Satisfaction","تعديل الرضا"
"The Satisfaction does not exist.","الرضا غير موجود."
"Satisfaction was successfully saved","تم حفظ الرضا بنجاح"
"Unable to find Satisfaction to save","تعذر العثور على الرضا لحفظه"
"New Schedule","جدول جديد"
"Schedule Manager","مدير الجدول"
"Add Schedule","إضافة جدول"
"You can not delete this schedule, because there are gateways using it.
                         Please, change gateways settings","لا يمكنك حذف هذا الجدول، لأن هناك بوابات تستخدمه. يرجى تغيير إعدادات البوابات"
"Schedule was successfully deleted","تم حذف الجدول بنجاح"
"Edit Schedule '%1'","تعديل الجدول '%1'"
"Edit Schedule","تعديل الجدول"
"The Schedule does not exist.","الجدول غير موجود."
"Schedules","الجداول"
"Working days/hours is a required field.","أيام/ساعات العمل حقل مطلوب."
"Schedule was successfully saved","تم حفظ الجدول بنجاح"
"Unable to find a Schedule to save","تعذر العثور على جدول لحفظه"
"Ticket was successfully moved to the Tickets folder","تم نقل التذكرة بنجاح إلى مجلد التذاكر"
"Edit Spam '%1'","تعديل البريد المزعج '%1'"
"Edit Spam","تعديل البريد المزعج"
"The spam does not exist.","البريد المزعج غير موجود."
"Please select spam(s)","يرجى اختيار البريد المزعج"
"Total of %1 record(s) were successfully moved to the Tickets folder","تم نقل ما مجموعه %1 سجل/سجلات بنجاح إلى مجلد التذاكر"
"Total of %1 record(s) were successfully deleted","تم حذف ما مجموعه %1 سجل/سجلات بنجاح"
"New Status","حالة جديدة"
"Status  Manager","مدير الحالات"
"Status Manager","مدير الحالات"
"Add Status","إضافة حالة"
"Status was successfully deleted","تم حذف الحالة بنجاح"
"Edit Status '%1'","تعديل الحالة '%1'"
"Edit Status","تعديل الحالة"
"The Status does not exist.","الحالة غير موجودة."
"Status was successfully saved","تم حفظ الحالة بنجاح"
"Unable to find a Status to save","تعذر العثور على حالة لحفظها"
"New Template","قالب جديد"
"Template  Manager","مدير القوالب"
"Template Manager","مدير القوالب"
"Add Template","إضافة قالب"
"Template was successfully deleted","تم حذف القالب بنجاح"
"Edit Template '%1'","تعديل القالب '%1'"
"Edit Template","تعديل القالب"
"The Template does not exist.","القالب غير موجود."
"Template was successfully saved","تم حفظ القالب بنجاح"
"Unable to find a Template to save","تعذر العثور على قالب لحفظه"
"New Ticket","تذكرة جديدة"
"Ticket Manager","مدير التذاكر"
"Ticket was moved to Archive","تم نقل التذكرة إلى الأرشيف"
"The file does not exist or has been deleted.","الملف غير موجود أو تم حذفه."
"Ticket was successfully deleted","تم حذف التذكرة بنجاح"
"Edit Ticket","تعديل التذكرة"
"The ticket does not exist.","التذكرة غير موجودة."
"Total of %1 record(s) were moved to Archive.","تم نقل ما مجموعه %1 سجل/سجلات إلى الأرشيف."
"Please select ticket(s)","يرجى اختيار التذكرة/التذاكر"
"Total of %1 record(s) were moved to the Spam folder","تم نقل ما مجموعه %1 سجل/سجلات إلى مجلد البريد المزعج"
"Total of %1 record(s) were successfully updated","تم تحديث ما مجموعه %1 سجل/سجلات بنجاح"
"Total of %1 record(s) Assignee was changed.","تم تغيير المعين لما مجموعه %1 سجل/سجلات."
"You don't have permission for this operation.","ليس لديك إذن لهذه العملية."
"Total of %1 record(s) were moved to the Inbox folder.","تم نقل ما مجموعه %1 سجل/سجلات إلى مجلد البريد الوارد."
"Please select 2 or more tickets","يرجى اختيار تذكرتين أو أكثر"
"Total of %1 record(s) were successfully merged","تم دمج ما مجموعه %1 سجل/سجلات بنجاح"
"Total of %1 record(s) were moved to the Spam folder.","تم نقل ما مجموعه %1 سجل/سجلات إلى مجلد البريد المزعج."
"Ticket was moved to the Inbox","تم نقل التذكرة إلى البريد الوارد"
"Message was successfully sent","تم إرسال الرسالة بنجاح"
"Ticket was successfully updated","تم تحديث التذكرة بنجاح"
"Field ""Cc"" is limited by %1 emails","الحقل ""Cc"" محدود بـ %1 من رسائل البريد الإلكتروني"
"Something went wrong while saving the ticket.","حدث خطأ ما أثناء حفظ التذكرة."
"Unable to find ticket to save","تعذر العثور على التذكرة لحفظها"
"Incorrect email format.","تنسيق البريد الإلكتروني غير صحيح."
"Incorrect CC format.","تنسيق CC غير صحيح."
"Incorrect BCC format.","تنسيق BCC غير صحيح."
"Ticket was moved to the Spam folder","تم نقل التذكرة إلى مجلد البريد المزعج"
"Your request was successfully submitted. You should receive a confirmation email shortly.","تم إرسال طلبك بنجاح. يجب أن تتلقى رسالة تأكيد بالبريد الإلكتروني قريبا."
"Unable to submit your request. Please, try again later","غير قادر على تقديم طلبك. الرجاء معاودة المحاولة في وقت لاحق"
"Field ""Name"" is required","الحقل ""الاسم"" مطلوب"
"Field ""Comment"" is required","الحقل ""التعليق"" مطلوب"
"Something went wrong","حدث خطأ ما"
"Telephone","هاتف"
"Your inquiry was submitted and will be responded to as soon as possible. Thank you for contacting us.","تم إرسال استفسارك وسيتم الرد عليه في أقرب وقت ممكن. أشكركم على الاتصال بنا."
"Sorry, for technical reasons you can't submit your query from this browser. Please try using a different browser or computer.","عذرًا، لأسباب تقنية لا يمكنك إرسال استفسارك من هذا المتصفح. يرجى المحاولة باستخدام متصفح أو حاسوب مختلف."
"Page not found.","الصفحة غير موجودة."
"Your message was successfully posted","تم نشر رسالتك بنجاح"
"Your ticket was successfully posted","تم نشر تذكرتك بنجاح"
"Ticket was successfully closed","تم إغلاق التذاكر بنجاح"
"wrong URL","عنوان URL خاطئ"
"Can't upload file %1 . Max allowed upload size is %2 MB.","لا يمكن تحميل الملف %1. الحد الأقصى المسموح به لحجم التحميل هو %2 ميغابايت."
"Allows only this file types: %1","يسمح فقط لأنواع الملفات التالية: %1"
"%1:%2 (%3) is open.","%1:%2 (%3) مفتوح."
"%1:%2 is closed.","%1:%2 مغلق."
"%1 Help Desk","%1 مكتب المساعدة"
"You have %1 unread notifications.","لديك %1 من الإشعارات غير المقروءة."
"Ticket ""%1"" was created.","تم إنشاء التذكرة ""%1""."
"New message was added to the ticket ""%1""","تمت إضافة رسالة جديدة إلى التذكرة ""%1"""
"Ticket ""%1"" was assigned to you.","تم إسناد التذكرة ""%1"" إليك."
"%1 is editing now","%1 يقوم بالتعديل الآن"
"%1 has opened this ticket %2","%1 قام بفتح هذه التذكرة %2"
"%1 have opened this ticket %2","%1 قاموا بفتح هذه التذكرة %2"
"please type your reply above this line","يرجى كتابة ردك فوق هذا السطر"
"Can't fetch.
                Please, ask your hosting provider to enable the IMAP extension in PHP configuration of your server.","تعذر الجلب. يرجى مطالبة مزود الاستضافة الخاص بك بتمكين امتداد IMAP في إعدادات PHP على الخادم."
"Yes","نعم"
"No","لا"
"Unable to define email sender","تعذر تحديد مرسل البريد الإلكتروني"
"Rule '%1'","القاعدة '%1'"
"Follow Up actions","إجراءات المتابعة"
"%1: %2 => %3","%1: %2 => %3"
"%1: %2","%1: %2"
"Ticket was merged to: %1","تم دمج التذكرة في: %1"
"Ticket was merged with: %1","تم دمج التذكرة مع: %1"
"Message added","تمت إضافة الرسالة"
"Internal note added","تمت إضافة ملاحظة داخلية"
"Third party message added","تمت إضافة رسالة جهة خارجية"
"Private third party message added","تمت إضافة رسالة خاصة تابعة لجهة خارجية"
"Folder","المجلد"
"Order","طلب"
"User","المستخدم"
"Customer","زبون"
"Customer Email","البريد الإلكتروني للعميل"
"Cc","Cc"
"Bcc","Bcc"
"-- Please Select --","- من فضلك اختر -"
"Inbox","البريد الوارد"
"Spam","البريد المزعج"
"Email","البريد الإلكتروني"
"Backend","الواجهة الخلفية"
"Contact Tab","جهة الاتصال"
"Contact Form","نموذج الاتصال"
"Customer Account","حساب العميل"
"Public Reply","رد عام"
"Internal Note","ملاحظة داخلية"
"Message to Third Party","رسالة إلى طرف ثالث"
"Internal Note to Third Party","ملاحظة داخلية إلى طرف ثالث"
"at %1 (%2) - %3","في %1 (%2) - %3"
"You don't have permissions to read this ticket. Please, contact your administrator.","ليس لديك أذونات لقراءة هذه التذكرة. من فضلك ، اتصل بالمسؤول."
"Field ""Name"" is incorrect.","الحقل ""الاسم"" غير صحيح."
"Email field should not be empty","حقل البريد الإلكتروني يجب ألا يكون فارغًا"
"Submitted from the page:","المقدمة من الصفحة:"
"Invalid Customer Email","البريد غير صالح للعميل"
"Ticket was merged to %1","تم دمج التذكرة في %1"
"Pattern","النمط"
"Attribute Value","قيمة السمة"
"Default","افتراضي"
"Integer","عدد صحيح"
"Price","السعر"
"Strip Tags","إزالة الوسوم"
"Ticket Attributes","سمات التذكرة"
"Wrong URL","عنوان URL خاطئ"
"Unknown time","وقت غير معروف"
"ago","منذ"
"from now","من الان"
"1 sec ago","منذ 1 ثانية"
"Links:","الروابط:"
"Open Ticket","تذكرة مفتوحة"
"Open Tickets","افتح التذاكر"
"! Blocked file -","! ملف محظور -"
"File System","نظام الملفات"
"Database","قاعدة البيانات"
"IMAP","IMAP"
"OAuth2 (Gmail)","OAuth2 (Gmail)"
"Aqua","أكوا"
"Grey","اللون الرمادي"
"Navy","القوات البحرية"
"Silver","فضة"
"Black","أسود"
"Green","أخضر"
"Olive","زيتون"
"Teal","بط نهري صغير"
"Blue","أزرق"
"Lime","جير"
"Purple","أرجواني"
"Fuchsia","ضارب الى الحمرة"
"Maroon","كستنائي"
"Red","أحمر"
"Orange","البرتقالي"
"Yellow","الأصفر"
"NONE","لا شيء"
"SSL","SSL"
"Text","نص"
"Multi-line text","نص متعدد الأسطر"
"Date","تاريخ"
"Checkbox","مربع"
"Drop-down list","قائمة منسدلة"
"In minutes...","في دقائق..."
"In hours...","في ساعات..."
"In days...","في الايام..."
"In weeks...","في اسابيع ..."
"In months...","في الأشهر..."
"Custom","العادة"
"Move to Archive","نقل إلى الأرشيف"
"Move from Archive","نقل من الأرشيف"
"All users","كل المستخدمين"
"Left","يسار"
"Right","يمين"
"POP","POP"
"Great!","رائع!"
"OK","حسنًا"
"Bad","سيء"
"--Please Select--","--يرجى التحديد--"
"New ticket created","تم إنشاء تذكرة جديدة"
"New reply from customer","رد جديد من العميل"
"New reply from staff","رد جديد من الموظفين"
"New reply from third party","رد جديد من طرف ثالث"
"Ticket assigned to staff","تذكرة مسندة للموظفين"
"Ticket was changed","تم تغيير التذكرة"
"Ticket was converted to RMA","تم تحويل التذكرة إلى RMA"
"Check every hour","التحقق كل ساعة"
"Headers","الرؤوس"
"Body","النص"
"Using Department Name (e.g. Sales)","استخدام اسم القسم (مثل المبيعات)"
"Using Staff Name (e.g. John Doe)","استخدام اسم الموظف (مثل John Doe)"
"Using Custom Template","استخدام قالب مخصص"
"Last Reply","آخر رد"
"View link","عرض الرابط"
"%1 attachments were deleted","تم حذف %1 من المرفقات"
"desktop notifications","إشعارات سطح المكتب"
"%1 %2 were deleted","تم حذف %1 %2"
"Process is locked","العملية مقفلة"
"Locked","مقفل"
"Success","نجاح"
"Pattern is invalid","النمط غير صالح"
"""%1"" department is using as default department in next gateway(s) with id: %2.
                Please change it first.","القسم ""%1"" مستخدم كقسم افتراضي في البوابة/البوابات التالية بالمعرف: %2. يرجى تغييره أولاً."
"""%1"" department is used as the default department in the option ""Feedback Tab > Assign to Department"".
                Please change this option first.","القسم ""%1"" مستخدم كقسم افتراضي في الخيار ""تبويب الملاحظات > الإسناد إلى قسم"". يرجى تغيير هذا الخيار أولاً."
"Update the Ticket","تحديث التذكرة"
"Conditions Combination","مجموعة الشروط"
"Ticket Attribute","سمة التذكرة"
"Last 7-days Clicks","نقرات آخر 7 أيام"
"Last 7-days Orders","طلبات آخر 7 أيام"
"Last 7-days Revenue","إيرادات آخر 7 أيام"
"Last 7-days Conversation Rate (%)","معدل التحويل لآخر 7 أيام (%)"
"Last message body","نص آخر رسالة"
"Priority (before change)","الأولوية (قبل التغيير)"
"Status (before change)","الحالة (قبل التغيير)"
"Department (before change)","القسم (قبل التغيير)"
"Owner (before change)","المالك (قبل التغيير)"
"Folder (before change)","المجلد (قبل التغيير)"
"Last Reply By","آخر رد بواسطة"
"Last Reply Type","نوع آخر رد"
"Hours since Created","ساعات منذ الإنشاء"
"Hours since Updated","ساعات منذ التحديث"
"Hours since Last reply","ساعات منذ آخر رد"
"Ticket Source (Channel)","مصدر التذكرة (القناة)"
"%1 (before change)","%1 (قبل التغيير)"
"Staff","العاملين"
"Third party","طرف ثالث"
"Closed","مغلق"
"Opened 24hr","افتتح 24hr"
"Searchable attributes not defined","السمات القابلة للبحث غير محددة"
"- Disable these emails -","- تعطيل رسائل البريد هذه -"
"Authentication failed for the Gateway(s) ""%1""
                                <br> To hide this message, re-save the above Gateway(s) and run cron,
                                or disable the above Gateway(s) <a href=""%2"">help desk gateways</a>.","فشل المصادقة للبوابة/البوابات ""%1""<br> لإخفاء هذه الرسالة، أعد حفظ البوابة/البوابات أعلاه وقم بتشغيل cron، أو قم بتعطيل البوابة/البوابات أعلاه <a href=""%2"">بوابات مكتب المساعدة</a>."
"The Help Desk can't fetch new emails.
                Please, try to run bin/magento mirasvit:helpdesk:run to determine the source of this problem.","لا يستطيع مكتب المساعدة جلب رسائل بريد إلكتروني جديدة. يرجى محاولة تشغيل bin/magento mirasvit:helpdesk:run لتحديد مصدر هذه المشكلة."
"Help desk can't fetch emails.","لا يستطيع مكتب المساعدة جلب رسائل البريد الإلكتروني."
"<br> To temporarily hide this message, disable all <a href=""%1"">help desk gateways</a>.","<br> لإخفاء هذه الرسالة مؤقتًا، قم بتعطيل جميع <a href=""%1"">بوابات مكتب المساعدة</a>."
"Help Desk can't fetch new emails.
                 Please, check that you are running cron for bin/magento mirasvit:helpdesk:run.","لا يستطيع مكتب المساعدة جلب رسائل بريد إلكتروني جديدة. يرجى التحقق من أنك تشغل cron لـ bin/magento mirasvit:helpdesk:run."
"Helpdesk Tickets","تذاكر مكتب المساعدة"
"Department with id ""%1"" does not exist.","القسم بالمعرف ""%1"" غير موجود."
"Field with id ""%1"" does not exist.","الحقل بالمعرف ""%1"" غير موجود."
"Priority with id ""%1"" does not exist.","الأولوية بالمعرف ""%1"" غير موجودة."
"Satisfaction with id ""%1"" does not exist.","الرضا بالمعرف ""%1"" غير موجود."
"Cannot delete satisfaction with id %1","لا يمكن حذف الرضا بالمعرف %1"
"Status with id ""%1"" does not exist.","الحالة بالمعرف ""%1"" غير موجودة."
"Template with id ""%1"" does not exist.","القالب بالمعرف ""%1"" غير موجود."
"Cannot delete ticket with id %1","لا يمكن حذف التذكرة بالمعرف %1"
"Admin authorization is required.","تخويل المسؤول مطلوب."
"Message body cannot be empty.","لا يمكن أن يكون نص الرسالة فارغًا."
"Invalid folder ""%1"". Allowed: 1 (Inbox), 2 (Archive), 3 (Spam)","مجلد غير صالح ""%1"". المسموح به: 1 (البريد الوارد)، 2 (الأرشيف)، 3 (البريد المزعج)"
"Invalid customer email format.","تنسيق البريد الإلكتروني للعميل غير صالح."
"Invalid %1 email format: %2","تنسيق بريد إلكتروني %1 غير صالح: %2"
"Invalid message type ""%1"". Allowed: %2","نوع رسالة غير صالح ""%1"". المسموح به: %2"
"Area: ""%1""","المنطقة: ""%1"""
"Ticket ID: ""%1""","معرف التذكرة: ""%1"""
"Customer ID: ""%1""","معرف العميل: ""%1"""
"User ID: ""%1""","معرف المستخدم: ""%1"""
"Some tickets could not be parsed. Please check logs.","تعذر تحليل بعض التذاكر. يرجى التحقق من السجلات."
"Edit","تصحيح"
"All Departments","جميع الإدارات"
"All Roles","كل الأدوار"
"Back","الى الخلف"
"Reset","إعادة تعيين"
"Save and Continue Edit","حفظ ومتابعة التعديل"
"Debug","تصحيح الأخطاء"
"24 hrs x 7 days","24 ساعة × 7 أيام"
"Select working days/hours","حدد أيام / ساعات العمل"
"All Tickets","كل التذاكر"
"My Tickets","تذاكري"
"Satisfaction survey","مسح الرضا"
"Satisfaction rating: %1 out of 5","تقييم الرضا: %1 من 5"
"View message source in new window","عرض مصدر الرسالة في نافذة جديدة"
"show source","عرض المصدر"
"to %1 (third party)","إلى %1 (طرف ثالث)"
"%1 %2 (third party)","%1 %2 (طرف ثالث)"
"%1","%1"
"Attachment image: %1","صورة المرفق: %1"
"Document file icon","أيقونة ملف المستند"
"Download icon","أيقونة التنزيل"
"Download","تنزيل"
"Max file size: %1 Mb","الحد الأقصى لحجم الملف: %1 ميغابايت"
"Close","إغلاق"
"Image preview","معاينة الصورة"
"Previous image","الصورة السابقة"
"Previous","السابق"
"Next","التالي"
"Ticket Summary","ملخص تذكرة"
"enter subject of ticket","أدخل موضوع التذكرة"
"Ticket ID","معرف تذكرة"
"Assignee","المحال"
"Additional Info","معلومات إضافية"
"You are not allowed to add the message to the current ticket as it is locked. To add the message to the current ticket you should change its status to one of unlocked.","لا يُسمح لك بإضافة رسالة إلى التذكرة الحالية لأنها مقفلة. لإضافة رسالة إلى التذكرة الحالية يجب عليك تغيير حالتها إلى إحدى الحالات غير المقفلة."
"Ticket History","تاريخ التذاكر"
"Done by","فعلت من قبل"
"Changes","التغييرات"
"Ticket Grid Container","حاوية شبكة التذاكر"
"View tickets notifications","عرض إشعارات التذاكر"
"Navigate to all tickets page","الانتقال إلى صفحة كل التذاكر"
"See All Tickets","عرض كل التذاكر"
"Edit ticket: %1","تعديل التذكرة: %1"
"View tickets page","عرض صفحة التذاكر"
"Open contact form","فتح نموذج الاتصال"
"Close contact form","إغلاق نموذج الاتصال"
"Name","اسم"
"Attach files","إرفاق ملفات"
"Submit","خضع"
"Submit Ticket","قدم التذكرة"
"What is your question?","ما هو سؤالك؟"
"We found the following topics that might be helpful:","لقد وجدنا الموضوعات التالية التي قد تكون مفيدة:"
"None of these are helpful - contact us","لا شيء من هذا مفيد - تواصل معنا"
"We have not found any helpful topics.","لم نعثر على موضوعات يمكن أن تكون مفيدة."
"Contact Information","معلومات الاتصال"
"Comment","تعليق"
"We are open 24 x 7","نحن مفتوحون 24 × 7"
"We are closed","نحن مغلقة"
"Timezone: %1","المنطقة الزمنية: %1"
"Please take a second to rate my reply...","يرجى أخذ ثانية لتقييم رداتي ..."
"Great","عظيم"
"Awesome","رائع"
"Fast, friendly, helpful, pleasant. Great job!","سريعة وودية ومفيدة وممتعة. عمل عظيم!"
"Just Okay","بحالة جيدة"
"Fine, but definitely could have been better.","بخير ، ولكن بالتأكيد يمكن أن يكون أفضل."
"Not good","غير جيد"
"Unfortunately, I wasn't happy with it at all.","لسوء الحظ ، لم أكن سعيدًا بذلك على الإطلاق."
"Satisfactory level of customer service in real time","مستوى الرضا عن خدمة العملاء في الوقت الحقيقي"
"%1% said great!","%1% قالوا رائع!"
"last updated %1","آخر تحديث %1"
"Thank you for participating in our survey!","شكرا لك لمشاركتك في بحثنا!"
"If you would like to provide additional comments, please do so below:","إذا كنت ترغب في تقديم تعليقات إضافية ، فالرجاء القيام بذلك أدناه:"
"Message","رسالة"
"Submit Message","تقديم رسالة"
"Thank you for your feedback!","شكرا لك على ملاحظاتك!"
"If the processing doesn't start automatically in a few seconds, please click the button below","إذا لم تبدأ المعالجة تلقائيًا خلال بضع ثوانٍ، يرجى النقر على الزر أدناه"
"Process Rate","معدل المعالجة"
"Attachments","مرفقات"
"-- Select an Order --","- اختر طلب -"
"Create ticket","إنشاء تذكرة"
"Navigate to create new ticket page","الانتقال إلى صفحة إنشاء تذكرة جديدة"
"You don't have open tickets","ليس لديك تذاكر مفتوحة"
"View ticket: %1","عرض التذكرة: %1"
"Post a Reply","اكتب ردا"
"Max file size: %1","الحد الأقصى لحجم الملف: %1"
"Reopen Ticket","إعادة فتح تذكرة"
"Close Ticket","إغلاق التذكرة"
"History","التاريخ"
"%1 (third party)","%1 (طرف ثالث)"
"Attachment: %1","المرفق: %1"
"Download attachment: %1","تنزيل المرفق: %1"
"Image file icon","أيقونة ملف الصورة"
"Go back to my tickets list","العودة إلى قائمة تذاكري"
"Back to My Tickets","العودة إلى التذاكر الخاصة بي"
"Next image","الصورة التالية"
"Rate","تقييم"
"Ok","حسنًا"
"To","إلى"
"Customer Summary","ملخص العميل"
"Assigned To Customer","مسندة إلى العميل"
"Assigned To Order","مسندة إلى الطلب"
"Customer does not have any orders.","ليس لدى العميل أي طلبات."
"RMA","RMA"
"type email or name","اكتب البريد الإلكتروني أو الاسم"
"Click this button to authorize access to Gmail via OAuth2","انقر على هذا الزر للتخويل بالوصول إلى Gmail عبر OAuth2"
"Reconnect","إعادة الاتصال"
"Connect to Gmail","الاتصال بـ Gmail"
"Attachment","المرفق"
"type third party email here","اكتب بريد الطرف الثالث هنا"
"Kind","النوع"
"Info","معلومات"
"You can check the status of reply to this ticket online at:","يمكنك التحقق من حالة الرد على هذه التذكرة عبر الإنترنت على:"
"Dear %name,","عزيزي %name,"
"Thank you for contacting us!","شكرًا لتواصلك معنا!"
"This is an automated response confirming the receipt of your ticket. One of our agents will get back to you as soon as possible.","هذا رد آلي يؤكد استلام تذكرتك. سيتواصل معك أحد وكلائنا في أقرب وقت ممكن."
"Details","التفاصيل"
"Please, answer the following ticket:","يرجى الرد على التذكرة التالية:"
"Ticket ID:","معرف التذكرة:"
"Name:","الاسم:"
"Email address:","عنوان البريد الإلكتروني:"
"Store:","المتجر:"
"Department:","القسم:"
"Staff (Owner): -- Unassigned --","الموظف (المالك): -- غير معين --"
"Status:","الحالة:"
"Priority:","الأولوية:"
"Created:","تم الإنشاء:"
"Staff (Owner):","الموظف (المالك):"
"Updated:","تم التحديث:"
"== INTERNAL NOTE ==","== ملاحظة داخلية =="
"Dear <strong>%user_firstname %user_lastname</strong>, <br><br>
    %ticket_customer_name rated your help with smile","عزيزي <strong>%user_firstname %user_lastname</strong>, <br><br>
    قام %ticket_customer_name بتقييم مساعدتك بابتسامة"
"Customer email:","البريد الإلكتروني للعميل:"
"Comment:","التعليق:"
"This browser does not support desktop notification","هذا المتصفح لا يدعم إشعارات سطح المكتب"
"Please save the gateway first before connecting to Gmail.","يرجى حفظ البوابة أولاً قبل الاتصال بـ Gmail."
"Please enter Client ID and Client Secret before connecting.","يرجى إدخال Client ID و Client Secret قبل الاتصال."
"Your message will be emailed to the customer","سيتم إرسال رسالتك بالبريد الإلكتروني إلى العميل"
"Your message will be emailed to your colleague. The customer will not see it.","سيتم إرسال رسالتك بالبريد الإلكتروني إلى زميلك. لن يراها العميل."
"Your message will be emailed to the third party. Customer will see it in the ticket history.","سيتم إرسال رسالتك بالبريد الإلكتروني إلى الطرف الثالث. سيراها العميل في سجل التذكرة."
"Internal Message to Third Party","رسالة داخلية إلى طرف ثالث"
"Your message will be emailed to the third party. The customer will not see it.","سيتم إرسال رسالتك بالبريد الإلكتروني إلى الطرف الثالث. لن يراها العميل."
"Session has expired. Please copy all unsaved data and reload the page.","انتهت الجلسة. يرجى نسخ جميع البيانات غير المحفوظة وإعادة تحميل الصفحة."
"Upload Too Large","حجم التحميل كبير جدًا"
"Open","افتح"
"Help Desk MX","مكتب المساعدة MX"
"General Settings","الإعدادات العامة"
"Enhance the overall performance and user experience of your helpdesk by setting up core features such as how communication is managed, personalizing customer interactions, and ensuring smooth ticket management with automated tasks.","حسّن الأداء العام وتجربة المستخدم لمكتب المساعدة من خلال إعداد الميزات الأساسية مثل كيفية إدارة الاتصالات وتخصيص تفاعلات العملاء وضمان إدارة سلسة للتذاكر بمهام آلية."
"Helpdesk title in the customer account","عنوان مكتب المساعدة في حساب العميل"
"Customize the title displayed for the Helpdesk section in the customer's account to create a clear and branded support experience.","خصص العنوان المعروض لقسم مكتب المساعدة في حساب العميل لإنشاء تجربة دعم واضحة ومميزة بالعلامة التجارية."
"Sign staff replies","توقيع ردود الموظفين"
"Adds a personal touch to customer communication, which helps personalize responses and provide clarity on who handled the support request increasing trust and transparency.","يضيف لمسة شخصية إلى التواصل مع العميل مما يساعد على تخصيص الردود وتوضيح من تولى طلب الدعم، مما يزيد من الثقة والشفافية."
"Signature template","قالب التوقيع"
"Send blind carbon copy (BCC) of all emails to","إرسال نسخة كربونية مخفية (BCC) لجميع رسائل البريد الإلكتروني إلى"
"Automatically send a BCC of all helpdesk-related emails to a specified address for monitoring or record-keeping, helping ensure nothing gets overlooked.","إرسال نسخة BCC تلقائيًا لجميع رسائل البريد الإلكتروني المتعلقة بمكتب المساعدة إلى عنوان محدد للمراقبة أو حفظ السجلات، مما يساعد على ضمان عدم إغفال أي شيء."
"Use default Magento cron","استخدام cron الافتراضي لـ Magento"
"If this option is disabled, helpdesk-related tasks will not be processed automatically. For instance, emails from the configured gateway will not be fetched. However, you can still manually trigger cron tasks to test the module's functionality.","إذا تم تعطيل هذا الخيار، فلن تتم معالجة المهام المتعلقة بمكتب المساعدة تلقائيًا. على سبيل المثال، لن يتم جلب رسائل البريد الإلكتروني من البوابة المكونة. ومع ذلك، لا يزال بإمكانك تشغيل مهام cron يدويًا لاختبار وظائف الوحدة."
"Enable magento cron to ensure scheduled actions like email fetching are handled efficiently without extra configuration.","قم بتمكين cron الخاص بـ Magento لضمان معالجة الإجراءات المجدولة مثل جلب البريد الإلكتروني بكفاءة دون تكوين إضافي."
"Allow customer to open ticket by unique URL (without additional authentication)","السماح للعميل بفتح التذكرة بعنوان URL فريد (بدون مصادقة إضافية)"
"Customers will receive link in the email notification to access their support tickets via a unique URL, simplifying the process and increasing accessibility by eliminating extra login steps.","سيتلقى العملاء رابطًا في إشعار البريد الإلكتروني للوصول إلى تذاكر الدعم الخاصة بهم عبر عنوان URL فريد، مما يبسط العملية ويزيد من سهولة الوصول من خلال التخلص من خطوات تسجيل الدخول الإضافية."
"Tickets Settings","إعدادات التذاكر"
"Manage the flow and organization of support tickets efficiently by controlling the prioritization, categorization, and statuses of incoming customer requests. This section ensures that support agents can handle tickets based on urgency and track progress seamlessly.","إدارة تدفق وتنظيم تذاكر الدعم بكفاءة من خلال التحكم في تحديد الأولويات والتصنيف وحالات طلبات العملاء الواردة. يضمن هذا القسم أن وكلاء الدعم يمكنهم التعامل مع التذاكر بناءً على الأولوية وتتبع التقدم بسلاسة."
"Priority for new tickets","الأولوية للتذاكر الجديدة"
"Set the default priority for new tickets to help organize and prioritize customer issues based on urgency.","تعيين الأولوية الافتراضية للتذاكر الجديدة للمساعدة في تنظيم مشكلات العملاء وترتيبها حسب الأولوية بناءً على الاستعجال."
"Status for new tickets","الحالة للتذاكر الجديدة"
"Define the default status for new tickets to give clear visibility of ticket progress.","تحديد الحالة الافتراضية للتذاكر الجديدة لإعطاء رؤية واضحة لتقدم التذكرة."
"Move Ticket to Archive if it has one of following statuses:","نقل التذكرة إلى الأرشيف إذا كانت في إحدى الحالات التالية:"
"Automatically move tickets to the archive when they reach specified statuses, ensuring the system stays organized.","نقل التذاكر تلقائيًا إلى الأرشيف عند وصولها إلى حالات محددة، مما يضمن بقاء النظام منظمًا."
"Lock Ticket if it has one of following statuses:","قفل التذكرة إذا كانت في إحدى الحالات التالية:"
"When ticket is locked the customer cannot add a new message to the ticket, while admin still can send messages","عندما تكون التذكرة مقفلة، لا يمكن للعميل إضافة رسالة جديدة إلى التذكرة، بينما لا يزال بإمكان المسؤول إرسال الرسائل"
"Control when tickets are locked based on their statuses to avoid further changes once certain progress is made.","التحكم في وقت قفل التذاكر بناءً على حالاتها لتجنب المزيد من التغييرات بمجرد إحراز تقدم معين."
"Tickets autosave period, sec","فترة الحفظ التلقائي للتذاكر، ثانية"
"Set how frequently ticket drafts are autosaved, minimizing the risk of losing unsaved work. Leave empty to disable autosave.","تعيين معدل الحفظ التلقائي لمسودات التذاكر، مما يقلل من مخاطر فقدان العمل غير المحفوظ. اتركه فارغًا لتعطيل الحفظ التلقائي."
"Use WYSIWYG Editor in backend","استخدام محرر WYSIWYG في الواجهة الخلفية"
"Enable the use of a text editor for tickets in the backend, making it easier for staff to format replies and provide detailed, structured responses.","تمكين استخدام محرر نصوص للتذاكر في الواجهة الخلفية، مما يسهل على الموظفين تنسيق الردود وتقديم استجابات مفصلة ومنظمة."
"Create Tickets from Contact Us form","إنشاء التذاكر من نموذج اتصل بنا"
"Automatically create helpdesk tickets from submissions via the 'Contact Us' form, turning every inquiry into a manageable support ticket.","إنشاء تذاكر مكتب المساعدة تلقائيًا من الإرسالات عبر نموذج ""اتصل بنا""، وتحويل كل استفسار إلى تذكرة دعم قابلة للإدارة."
"Admin Display Options","خيارات عرض المسؤول"
"Improve the visual accessibility and ease of navigating through tickets in the admin panel. This section allows you to enable quick access to essential data, helping your support team handle tickets faster and more effectively.","تحسين سهولة الوصول البصري والتنقل عبر التذاكر في لوحة الإدارة. يسمح لك هذا القسم بتمكين الوصول السريع إلى البيانات الأساسية، مما يساعد فريق الدعم على معالجة التذاكر بشكل أسرع وأكثر فعالية."
"Show Quick Data Bar in admin ticket grid","عرض شريط البيانات السريع في شبكة تذاكر المسؤول"
"This feature enhances workflow visibility and helps agents stay on top of their responsibilities.","تعزز هذه الميزة وضوح سير العمل وتساعد الوكلاء على البقاء على اطلاع بمسؤولياتهم."
"Show User Activity Data Bar in admin ticket grid","عرض شريط بيانات نشاط المستخدم في شبكة تذاكر المسؤول"
"Shows recent user activity related to the ticket, helping managers track staff interactions with customers more efficiently.","يعرض نشاط المستخدم الأخير المتعلق بالتذكرة، مما يساعد المديرين على تتبع تفاعلات الموظفين مع العملاء بشكل أكثر كفاءة."
"Show previous/next button in backend ticket edit page","عرض زر السابق/التالي في صفحة تعديل التذكرة في الواجهة الخلفية"
"Display 'previous' and 'next' buttons on the ticket editing page in the backend to move through tickets quickly without returning to the grid.","عرض زر ""السابق"" و""التالي"" في صفحة تعديل التذكرة في الواجهة الخلفية للتنقل عبر التذاكر بسرعة دون العودة إلى الشبكة."
"Attachments Settings","إعدادات المرفقات"
"Customize how file attachments are managed within the helpdesk. This section helps you control the storage, format, and retention of attachments, ensuring customers and staff can exchange relevant files without compromising storage space.","تخصيص كيفية إدارة مرفقات الملفات داخل مكتب المساعدة. يساعدك هذا القسم على التحكم في التخزين والتنسيق والاحتفاظ بالمرفقات، مما يضمن إمكانية تبادل الملفات ذات الصلة بين العملاء والموظفين دون المساس بمساحة التخزين."
"Store attachments in","تخزين المرفقات في"
"Select the storage location for ticket attachments, giving you control over file management.","حدد موقع التخزين لمرفقات التذاكر، مما يمنحك التحكم في إدارة الملفات."
"Auto-removing old attachments","الإزالة التلقائية للمرفقات القديمة"
"Enable automatic removal of old attachments to free up storage space and keep the system clutter-free","تمكين الإزالة التلقائية للمرفقات القديمة لتوفير مساحة التخزين والحفاظ على النظام خاليًا من الفوضى"
"Remove attachments older than, days","إزالة المرفقات الأقدم من، أيام"
"Specifies the number of days after which old ticket attachments will be deleted.","يحدد عدد الأيام التي بعدها سيتم حذف مرفقات التذاكر القديمة."
"Only allow upload of attachments with extensions","السماح فقط بتحميل المرفقات ذات الامتدادات"
"Restrict attachment uploads to specific file types to avoid security risks and maintain control over the type of files uploaded. Comma separated list. e.g. jpg, jpeg, gif, png, bmp, pdf>","تقييد تحميل المرفقات بأنواع ملفات محددة لتجنب المخاطر الأمنية والحفاظ على التحكم في نوع الملفات التي يتم تحميلها. قائمة مفصولة بفواصل. مثل jpg, jpeg, gif, png, bmp, pdf>"
"Feedback Tab","تبويب الملاحظات"
"Boost customer engagement by offering an easy-to-use feedback system. The feedback tab allows customers to submit inquiries or tickets directly from the website, improving accessibility to your support team.","عزز مشاركة العملاء من خلال تقديم نظام ملاحظات سهل الاستخدام. يسمح تبويب الملاحظات للعملاء بإرسال الاستفسارات أو التذاكر مباشرة من الموقع، مما يحسن إمكانية الوصول إلى فريق الدعم."
"Enable Feedback Tab","تمكين تبويب الملاحظات"
"Activate the feedback tab on your website, making it easy for customers to submit support requests.","قم بتفعيل تبويب الملاحظات على موقعك، مما يسهل على العملاء إرسال طلبات الدعم."
"Assign to Department","إسناد إلى قسم"
"Automatically assign feedback tab-generated tickets to a specific department, ensuring they reach the right team for quick resolution.","إسناد التذاكر التي تم إنشاؤها بواسطة تبويب الملاحظات تلقائيًا إلى قسم معين، لضمان وصولها إلى الفريق المناسب لحل سريع."
"Tab Color","لون التبويب"
"Customize the feedback tab color to align with your brand, making it more visually appealing and noticeable.","تخصيص لون تبويب الملاحظات بما يتوافق مع علامتك التجارية، مما يجعله أكثر جاذبية بصريًا وملاحظة."
"Tab Title","عنوان التبويب"
"Set the title for the feedback tab, giving customers a clear call to action","تعيين عنوان لتبويب الملاحظات، مما يعطي العملاء دعوة واضحة للعمل"
"Tab Position","موضع التبويب"
"Choose where the feedback tab is displayed on the screen, ensuring it's easily accessible","اختر مكان عرض تبويب الملاحظات على الشاشة، مع ضمان سهولة الوصول إليه"
"Search Knowledge Base Topics first","البحث في مواضيع قاعدة المعرفة أولاً"
"Allow the feedback tab to suggest knowledge base topics before showing the form, helping reduce support ticket volume by guiding customers to self-help resources.","اسمح لتبويب الملاحظات باقتراح مواضيع قاعدة المعرفة قبل عرض النموذج، مما يساعد على تقليل حجم تذاكر الدعم من خلال توجيه العملاء إلى موارد المساعدة الذاتية."
"Form Fields","حقول النموذج"
"Tailor the feedback submission forms to collect the right information from customers. This section lets you customize form fields and improve the accuracy of the information gathered from customers, enhancing the quality of support requests.","صمم نماذج إرسال الملاحظات لجمع المعلومات الصحيحة من العملاء. يتيح لك هذا القسم تخصيص حقول النموذج وتحسين دقة المعلومات التي يتم جمعها من العملاء، مما يعزز جودة طلبات الدعم."
"Form Title","عنوان النموذج"
"Set a title for the feedback form to provide context and guide customers on what to expect.","تعيين عنوان لنموذج الملاحظات لتوفير السياق وتوجيه العملاء بشأن ما يمكن توقعه."
"Subject Title","عنوان الموضوع"
"Label the subject field to ensure customers provide a brief overview of their issue.","ضع تسمية لحقل الموضوع لضمان أن يقدم العملاء نظرة عامة موجزة عن مشكلتهم."
"Subject Placeholder","نائب الموضوع"
"Placeholder text displayed inside the subject input field that provides guidance on what kind of information the customer should enter.","نص نائب يُعرض داخل حقل إدخال الموضوع يوفر إرشادات حول نوع المعلومات التي يجب على العميل إدخالها."
"Description Title","عنوان الوصف"
"Label the description field to prompt customers to provide more details about their inquiry.","ضع تسمية لحقل الوصف لحث العملاء على تقديم مزيد من التفاصيل حول استفسارهم."
"Description Placeholder","نائب الوصف"
"Add helpful placeholder text to guide customers in providing relevant information.","أضف نص نائب مفيد لتوجيه العملاء في تقديم المعلومات ذات الصلة."
"Allow customer to attach files","السماح للعميل بإرفاق الملفات"
"Enables the option for customers to upload files (e.g., screenshots or documents) with their feedback or support request providing additional context or supporting materials for their issue.","تمكين الخيار للعملاء لتحميل الملفات (مثل لقطات الشاشة أو المستندات) مع ملاحظاتهم أو طلب الدعم، مما يوفر سياقًا إضافيًا أو مواد داعمة لمشكلتهم."
"Allow customers to select Priority","السماح للعملاء بتحديد الأولوية"
"Gives customers the ability to set the priority of their feedback or ticket that can help the support team to prioritize urgent requests over less critical ones.","يمنح العملاء القدرة على تعيين أولوية ملاحظاتهم أو تذكرتهم مما يساعد فريق الدعم على إعطاء الأولوية للطلبات العاجلة على الأقل أهمية."
"Allow customer to select Department","السماح للعميل بتحديد القسم"
"Allows customers to choose the department their request should be sent to. This ensures that inquiries are routed to the correct team for faster handling.","يسمح للعملاء باختيار القسم الذي يجب إرسال طلبهم إليه. يضمن ذلك توجيه الاستفسارات إلى الفريق الصحيح للمعالجة الأسرع."
"Improve customer experience by integrating helpdesk functionality into the customer’s account. This section helps you enable features like tracking ticket status, prioritizing requests, and allowing file attachments, making the support process more user-friendly.","حسّن تجربة العملاء من خلال دمج وظائف مكتب المساعدة في حساب العميل. يساعدك هذا القسم على تمكين ميزات مثل تتبع حالة التذكرة وترتيب أولويات الطلبات والسماح بإرفاق الملفات، مما يجعل عملية الدعم أكثر سهولة."
"Show the Help Desk section in the Customer Account","عرض قسم مكتب المساعدة في حساب العميل"
"Display a Help Desk section in the customer’s account, making it easy for customers to submit and track their support tickets directly from their account dashboard.","عرض قسم مكتب المساعدة في حساب العميل، مما يسهل على العملاء إرسال وتتبع تذاكر الدعم الخاصة بهم مباشرة من لوحة معلومات حسابهم."
"Show Help Desk link in customer menu","عرض رابط مكتب المساعدة في قائمة العميل"
"Add a Help Desk link in the customer's dropdown menu for quick access to the support page, ensuring customers can easily find the help they need.","أضف رابط مكتب المساعدة في القائمة المنسدلة للعميل للوصول السريع إلى صفحة الدعم، مما يضمن أن يجد العملاء المساعدة التي يحتاجونها بسهولة."
"Let customers the ability to set the priority of the ticket that can help the support team to prioritize urgent requests over less critical ones.","يمنح العملاء القدرة على تعيين أولوية التذكرة مما يساعد فريق الدعم على إعطاء الأولوية للطلبات العاجلة على الأقل أهمية."
"Allow customer to select Order","السماح للعميل بتحديد الطلب"
"Allows customers to link their support tickets to particular orders they have placed, helping support staff to address issues more efficiently.","يسمح للعملاء بربط تذاكر الدعم الخاصة بهم بطلبات معينة قاموا بإجرائها، مما يساعد موظفي الدعم على معالجة المشكلات بكفاءة أكبر."
"When enabled, customers can upload files with their ticket submissions, providing additional context or supporting materials for their issue.","عند التمكين، يمكن للعملاء تحميل الملفات مع إرسال تذاكرهم، مما يوفر سياقًا إضافيًا أو مواد داعمة لمشكلتهم."
"Customer Satisfaction Survey","استبيان رضا العملاء"
"Gain valuable insights into customer satisfaction with your support. This section allows you to include surveys in your communications and view the results, helping you continually improve your service based on real feedback.","احصل على رؤى قيمة حول رضا العملاء عن دعمك. يسمح لك هذا القسم بتضمين الاستبيانات في اتصالاتك وعرض النتائج، مما يساعدك على تحسين خدمتك باستمرار بناءً على ملاحظات حقيقية."
"Include a satisfaction survey in the reply email from staff members","تضمين استبيان رضا في رسالة البريد الإلكتروني الرد من أعضاء الموظفين"
"Automatically include a satisfaction survey in staff reply emails to encourage feedback and measure customer satisfaction with the support they received.","تضمين استبيان رضا تلقائيًا في رسائل البريد الإلكتروني للرد من الموظفين لتشجيع الملاحظات وقياس رضا العملاء عن الدعم الذي تلقوه."
"Show survey results in the frontend ticket history","عرض نتائج الاستبيان في سجل تذاكر الواجهة الأمامية"
"Allow customers to view their survey ratings in the ticket history within their account, giving them transparency on how they rated their interaction with support.","السماح للعملاء بعرض تقييمات استبيانهم في سجل التذاكر داخل حسابهم، مما يمنحهم الشفافية حول كيفية تقييم تفاعلهم مع الدعم."
"Show survey results in the backend ticket history","عرض نتائج الاستبيان في سجل تذاكر الواجهة الخلفية"
"Provide support staff access to customer satisfaction ratings in the backend, allowing them to review and address feedback for service improvement.","توفير وصول موظفي الدعم إلى تقييمات رضا العملاء في الواجهة الخلفية، مما يسمح لهم بمراجعة الملاحظات ومعالجتها لتحسين الخدمة."
"Send survey results to the ticket owner","إرسال نتائج الاستبيان إلى مالك التذكرة"
"Notify the assigned staff member when a customer submits a satisfaction survey, giving them the opportunity to review their performance.","إخطار الموظف المعين عندما يرسل العميل استبيان رضا، مما يمنحه الفرصة لمراجعة أدائه."
"Send survey results to emails","إرسال نتائج الاستبيان إلى رسائل البريد الإلكتروني"
"Automatically send customer satisfaction survey results to designated email addresses (e.g., managers) for analysis and performance tracking. You can enter multiple emails separated by a comma.","إرسال نتائج استبيان رضا العملاء تلقائيًا إلى عناوين بريد إلكتروني محددة (مثل المديرين) للتحليل وتتبع الأداء. يمكنك إدخال عدة رسائل بريد إلكتروني مفصولة بفاصلة."
"Email Notification Settings","إعدادات إشعارات البريد الإلكتروني"
"Ensure efficient communication between your support team and customers by configuring how and when email notifications are sent. This section helps automate key touchpoints, keeping all parties informed about ticket statuses.","ضمان التواصل الفعال بين فريق الدعم والعملاء من خلال تكوين كيفية ووقت إرسال إشعارات البريد الإلكتروني. يساعد هذا القسم على أتمتة نقاط الاتصال الرئيسية، مما يبقي جميع الأطراف على اطلاع بحالات التذاكر."
"Show Ticket ID in the email title","عرض معرف التذكرة في عنوان البريد الإلكتروني"
"Include the ticket ID in the subject line of helpdesk-related emails, making it easy for both customers and staff to reference specific tickets in ongoing conversations.","تضمين معرف التذكرة في سطر موضوع رسائل البريد الإلكتروني المتعلقة بمكتب المساعدة، مما يسهل على كل من العملاء والموظفين الإشارة إلى تذاكر محددة في المحادثات الجارية."
"Add customers Cc emails to the ticket","إضافة رسائل Cc للعملاء إلى التذكرة"
"When enabled will automatically add additional email recipients (Cc) to the ticket from the fetched email. If option is enabled spam Cc email are possible.","عند التمكين، سيقوم تلقائيًا بإضافة مستلمين إضافيين للبريد الإلكتروني (Cc) إلى التذكرة من البريد الإلكتروني الذي تم جلبه. إذا تم تمكين الخيار، فقد تكون رسائل Cc غير المرغوب فيها ممكنة."
"Number of last replies to be shown in the ticket history","عدد آخر الردود التي سيتم عرضها في سجل التذكرة"
"Control how many recent replies are displayed in the ticket history within email notifications, providing context without overwhelming the recipient with too much information.","التحكم في عدد الردود الأخيرة التي يتم عرضها في سجل التذكرة ضمن إشعارات البريد الإلكتروني، مما يوفر السياق دون إثقال المستلم بمعلومات كثيرة جدًا."
"Email Notification Templates","قوالب إشعارات البريد الإلكتروني"
"Streamline your email communication with customers and staff by setting notification templates. This section ensures that each email interaction is consistent and professional, keeping everyone aligned with support activities.","بسّط تواصلك عبر البريد الإلكتروني مع العملاء والموظفين من خلال تعيين قوالب الإشعارات. يضمن هذا القسم أن كل تفاعل بريد إلكتروني متسق ومهني، مما يبقي الجميع على اطلاع بأنشطة الدعم."
"Template of New Ticket Email for Customer","قالب رسالة البريد الإلكتروني للتذكرة الجديدة للعميل"
"Set the email template that notifies customers when a new ticket is created, ensuring consistent branding and communication.","تعيين قالب البريد الإلكتروني الذي يُخطر العملاء عند إنشاء تذكرة جديدة، مما يضمن اتساق العلامة التجارية والتواصل."
"Template of New Ticket Email for Staff","قالب رسالة البريد الإلكتروني للتذكرة الجديدة للموظفين"
"Set the template for the email notifying staff about new tickets, ensuring timely alerts and a professional look.","تعيين قالب للبريد الإلكتروني الذي يُخطر الموظفين بالتذاكر الجديدة، مما يضمن تنبيهات في الوقت المناسب ومظهرًا احترافيًا."
"Template of Ticket Email Assigned to Staff","قالب رسالة البريد الإلكتروني للتذكرة المسندة إلى الموظفين"
"Set the email template used when a ticket is assigned to a staff member, ensuring they are informed of their new task promptly.","تعيين قالب البريد الإلكتروني المستخدم عند إسناد تذكرة إلى موظف، مما يضمن إبلاغه بمهمته الجديدة على الفور."
"Template of New Message Email for Customer","قالب رسالة البريد الإلكتروني للرسالة الجديدة للعميل"
"Set the template for emails that update customers when a new message is posted to their ticket, ensuring they stay informed about progress.","تعيين قالب لرسائل البريد الإلكتروني التي تُحدث العملاء عند نشر رسالة جديدة في تذكرتهم، مما يضمن بقاءهم على اطلاع بالتقدم."
"Template of New Message Email for Staff","قالب رسالة البريد الإلكتروني للرسالة الجديدة للموظفين"
"Set the template to alert staff when a customer responds, ensuring timely follow-ups.","تعيين القالب لتنبيه الموظفين عندما يرد العميل، مما يضمن متابعة في الوقت المناسب."
"Template of New Message Email for Third Party","قالب رسالة البريد الإلكتروني للرسالة الجديدة لطرف ثالث"
"Set the template for notifying third-party collaborators, ensuring external stakeholders stay updated on the ticket progress.","تعيين قالب لإخطار المتعاونين من الأطراف الثالثة، مما يضمن بقاء أصحاب المصلحة الخارجيين على اطلاع بتقدم التذكرة."
"Template of Ticket Reminder","قالب تذكير التذكرة"
"Set the template for reminder emails, prompting customers to follow up on unresolved tickets.","تعيين قالب لرسائل التذكير، مما يحث العملاء على متابعة التذاكر غير المحلولة."
"Template of Rule Notification","قالب إشعار القاعدة"
"Set a rule-specific template for automated emails sent via helpdesk workflow rules, ensuring consistency in communications.","تعيين قالب خاص بالقاعدة للرسائل الإلكترونية الآلية المرسلة عبر قواعد سير عمل مكتب المساعدة، لضمان الاتساق في الاتصالات."
"Template of Survey Satisfaction Result","قالب نتيجة استبيان الرضا"
"Set the template used to send staff survey feedback results, providing insights into customer satisfaction.","تعيين القالب المستخدم لإرسال نتائج ملاحظات استبيان الموظفين، مما يوفر رؤى حول رضا العملاء."
"Desktop Notification Settings","إعدادات إشعارات سطح المكتب"
"Keep your staff informed in real time with desktop notifications about new tickets and updates. This section enables instant awareness of new tasks, helping the support team act quickly and stay organized.","أبقِ موظفيك على اطلاع في الوقت الفعلي بإشعارات سطح المكتب حول التذاكر والتحديثات الجديدة. يتيح هذا القسم الوعي الفوري بالمهام الجديدة، مما يساعد فريق الدعم على التصرف بسرعة والبقاء منظمًا."
"Notifications check period, sec","فترة التحقق من الإشعارات، ثانية"
"On heavy-loaded systems, this can cause production loss - so in this case, you need to disable this feature, or increase the check period to 500-600 secs. Setting to 0 will disable them.","في الأنظمة ذات الحمل الثقيل، يمكن أن يسبب ذلك خسارة في الإنتاج - لذلك في هذه الحالة، تحتاج إلى تعطيل هذه الميزة، أو زيادة فترة التحقق إلى 500-600 ثانية. التعيين على 0 سيعطلها."
"Adjusting the frequency helps staff stay updated in real-time, ensuring timely follow-ups.","يساعد تعديل التردد الموظفين على البقاء على اطلاع في الوقت الفعلي، مما يضمن متابعة في الوقت المناسب."
"Show notification about arrival of new tickets for","عرض إشعار حول وصول تذاكر جديدة لـ"
"Allows you to specify which users should receive notifications about the arrival of new tickets, ensuring the right team members are alerted promptly.","يسمح لك بتحديد المستخدمين الذين يجب أن يتلقوا إشعارات حول وصول تذاكر جديدة، مما يضمن تنبيه أعضاء الفريق المناسبين على الفور."
"Enable notification about arrival of new messages in tickets assigned for user","تمكين الإشعار حول وصول رسائل جديدة في التذاكر المسندة للمستخدم"
"Notifies users about a new message is added to any ticket that they are assigned to, helping them stay informed on ticket updates.","يُخطر المستخدمين بإضافة رسالة جديدة إلى أي تذكرة يكونون مسندين إليها، مما يساعدهم على البقاء على اطلاع بتحديثات التذكرة."
"Enable notification about assigning a ticket to the user","تمكين الإشعار حول إسناد تذكرة إلى المستخدم"
"Sends a notification to users when a ticket is assigned to them, ensuring they are aware of their new responsibilities.","يرسل إشعارًا إلى المستخدمين عند إسناد تذكرة إليهم، مما يضمن وعيهم بمسؤولياتهم الجديدة."
"Set clear expectations for customers by displaying your business hours. This section helps customers know when they can expect support availability, enhancing the overall customer experience and ensuring timely responses.","حدد توقعات واضحة للعملاء من خلال عرض ساعات عملك. يساعد هذا القسم العملاء على معرفة متى يمكنهم توقع توفر الدعم، مما يعزز تجربة العميل الإجمالية ويضمن استجابات في الوقت المناسب."
"Working schedule title","عنوان جدول العمل"
"Customize the title for the working hours section on the 'Contact Us' page, ensuring customers know when your team is available.","تخصيص العنوان لقسم ساعات العمل في صفحة ""اتصل بنا""، مما يضمن أن يعرف العملاء متى يكون فريقك متاحًا."
"Upcoming working schedule title","عنوان جدول العمل القادم"
"Add a title for upcoming business hours, providing customers with clear information on future availability.","أضف عنوانًا لساعات العمل القادمة، مما يوفر للعملاء معلومات واضحة عن التوفر المستقبلي."
"Default message when we are open","الرسالة الافتراضية عندما نكون مفتوحين"
"Can be overwritten for each schedule in Customers > Help Desk MX > Working Hours.  This allows you to provide customized messages for different time periods or scenarios, depending on the specific schedule of your support team.","يمكن استبدالها لكل جدول في العملاء > Help Desk MX > ساعات العمل. يسمح لك ذلك بتوفير رسائل مخصصة لفترات زمنية أو سيناريوهات مختلفة، بناءً على الجدول المحدد لفريق الدعم الخاص بك."
"Set a default message to display when the helpdesk is open, encouraging customers to reach out during business hours.","تعيين رسالة افتراضية للعرض عندما يكون مكتب المساعدة مفتوحًا، مما يشجع العملاء على التواصل خلال ساعات العمل."
"Default message when we are closed","الرسالة الافتراضية عندما نكون مغلقين"
"Define the message displayed when the helpdesk is closed managing customer expectations during off-hours.","تحديد الرسالة المعروضة عندما يكون مكتب المساعدة مغلقًا لإدارة توقعات العملاء خلال ساعات الإغلاق."
"Show online/offline status on the Contact Us page","عرض حالة الاتصال/عدم الاتصال في صفحة اتصل بنا"
"Display the status on the Contact Us page that can help manage customer expectations about when support is available.","عرض الحالة في صفحة اتصل بنا التي يمكن أن تساعد في إدارة توقعات العملاء بشأن وقت توفر الدعم."
"Show online/offline status in the Feedback popup","عرض حالة الاتصال/عدم الاتصال في النافذة المنبثقة للملاحظات"
"Display the status in the Feedback popup that can be useful for informing customers about availability before submitting a request or feedback.","عرض الحالة في النافذة المنبثقة للملاحظات التي يمكن أن تكون مفيدة لإبلاغ العملاء بالتوفر قبل إرسال طلب أو ملاحظات."
"Show online/offline status in the Customer Account > My Tickets","عرض حالة الاتصال/عدم الاتصال في حساب العميل > تذاكري"
"Display the status in the My Tickets section of the customer's account. This help customers know whether they can expect a prompt response to their support ticket.","عرض الحالة في قسم تذاكري في حساب العميل. هذا يساعد العملاء على معرفة ما إذا كان بإمكانهم توقع استجابة سريعة لتذكرة الدعم الخاصة بهم."
"Show working hours on the Contact Us page","عرض ساعات العمل في صفحة اتصل بنا"
"Display the status on the Contact Us page to give customers a clear idea of when you are available for support","عرض الحالة في صفحة اتصل بنا لإعطاء العملاء فكرة واضحة عن وقت توفرك للدعم"
"Show holiday schedule in X days before activation","عرض جدول العطلات قبل X أيام من التفعيل"
"Specifies how many days in advance your holiday schedule will be displayed to customers to ensure that customers are informed about upcoming holiday hours before they take effect","يحدد عدد الأيام مقدمًا التي سيتم خلالها عرض جدول العطلات للعملاء لضمان إعلام العملاء بساعات العطلات القادمة قبل أن تدخل حيز التنفيذ"
"Track the performance of your helpdesk with reporting on solved tickets. This section allows you to define which ticket statuses are considered solved, helping you monitor team efficiency and customer service success.","تتبع أداء مكتب المساعدة الخاص بك من خلال التقارير عن التذاكر المحلولة. يسمح لك هذا القسم بتحديد حالات التذاكر التي تعتبر محلولة، مما يساعدك على مراقبة كفاءة الفريق ونجاح خدمة العملاء."
"Solved Statuses","الحالات المحلولة"
"Developer Settings","إعدادات المطور"
"Optimize the technical aspects of the helpdesk system with developer-specific options. This section helps in testing, debugging, and customizing the module to suit your website's infrastructure without disrupting live operations.","تحسين الجوانب التقنية لنظام مكتب المساعدة بخيارات خاصة بالمطور. يساعد هذا القسم في الاختبار وتصحيح الأخطاء وتخصيص الوحدة لتناسب البنية التحتية لموقعك دون تعطيل العمليات المباشرة."
"Activate Sandbox","تفعيل البيئة التجريبية"
"Enable sandbox mode to test the helpdesk system without affecting live data. All emails will be redirected to the sandbox email, preventing disruptions to real customer interactions.","تمكين وضع البيئة التجريبية لاختبار نظام مكتب المساعدة دون التأثير على البيانات الحية. سيتم إعادة توجيه جميع رسائل البريد الإلكتروني إلى البريد الإلكتروني للبيئة التجريبية، مما يمنع التعطيل في تفاعلات العملاء الحقيقية."
"Send All Outgoing emails to Email","إرسال جميع رسائل البريد الإلكتروني الصادرة إلى البريد الإلكتروني"
"Set an email address to receive all outgoing emails in sandbox mode, ensuring a controlled environment for testing email templates and notifications.","تعيين عنوان بريد إلكتروني لتلقي جميع رسائل البريد الإلكتروني الصادرة في وضع البيئة التجريبية، مما يضمن بيئة مضبوطة لاختبار قوالب البريد الإلكتروني والإشعارات."
"Force store's theme to apply styles","إجبار سمة المتجر على تطبيق الأنماط"
"If theme overrides Magento way of including style this option will add Help Desk styles to page","إذا تجاوزت السمة طريقة Magento في تضمين الأنماط، فسيضيف هذا الخيار أنماط مكتب المساعدة إلى الصفحة"
"Log ticket deletion","تسجيل حذف التذكرة"
"Keep a log of deleted tickets to track deletions and maintain a record for audit or recovery purposes, stored in the /var/log/mirasvit/helpdesk.log file.","احتفظ بسجل للتذاكر المحذوفة لتتبع عمليات الحذف والاحتفاظ بسجل لأغراض التدقيق أو الاسترداد، يتم تخزينه في ملف /var/log/mirasvit/helpdesk.log."
"Help Text","نص المساعدة"
"Add customizable help text that appears under the title on the 'Contact Us' page and Feedback tab, providing customers with clear guidance on how to submit a support request.","أضف نص مساعدة قابلًا للتخصيص يظهر تحت العنوان في صفحة ""اتصل بنا"" وتبويب الملاحظات، مما يوفر للعملاء إرشادات واضحة حول كيفية إرسال طلب الدعم."
"Show customer the local time in backend","عرض الوقت المحلي للعميل في الواجهة الخلفية"
"Display the customer’s local time in the backend to help support staff understand when the customer submitted the ticket, providing context for time-sensitive issues.","عرض الوقت المحلي للعميل في الواجهة الخلفية لمساعدة موظفي الدعم على فهم متى أرسل العميل التذكرة، مما يوفر سياقًا للمشاكل الحساسة للوقت."
"Enable Google reCaptcha","تمكين Google reCaptcha"
"Activate Google reCaptcha on Helpdesk pages to prevent spam and bots from submitting fraudulent tickets. Configuration for reCaptcha settings is available in Configuration > Security > Google reCaptcha.","قم بتنشيط Google reCaptcha في صفحات مكتب المساعدة لمنع البريد المزعج والروبوتات من إرسال تذاكر احتيالية. يتوفر تكوين إعدادات reCaptcha في التكوين > الأمان > Google reCaptcha."
"Helpdesk Contact Form","نموذج اتصال مكتب المساعدة"
"Helpdesk Satisfaction Block","كتلة رضا مكتب المساعدة"
"Satisfaction List Url","عنوان URL لقائمة الرضا"
"Helpdesk Satisfaction List","قائمة رضا مكتب المساعدة"
"All Store Views","جميع عروض المتجر"
"Purchased From","تم الشراء من"
"Replies #","عدد الردود"
"Created","تم الإنشاء"
"Modified","تم التعديل"
"Title","العنوان"
"Active","نشط"
"Is Shown on Frontend","يُعرض في الواجهة الأمامية"
"Sort Order","ترتيب الفرز"
"Sender Email","بريد المرسل الإلكتروني"
"Members of Department","أعضاء القسم"
"Notification","الإشعار"
"If ticket is unassigned, send notifications to all department members","إذا كانت التذكرة غير معينة، أرسل الإشعارات إلى جميع أعضاء القسم"
"If ticket is unassigned, send notifications to email","إذا كانت التذكرة غير معينة، أرسل الإشعارات إلى البريد الإلكتروني"
"Code","الرمز"
"Internal field. Can contain only letters, digits and underscore.","حقل داخلي. يمكن أن يحتوي على أحرف وأرقام وشرطة سفلية فقط."
"Type","النوع"
"Description","الوصف"
"Options list","قائمة الخيارات"
"Only for drop-down list. Enter each value from the new line using format:<br>value1 | label1<br>value2 | label2","فقط للقائمة المنسدلة. أدخل كل قيمة من سطر جديد باستخدام التنسيق:<br>value1 | label1<br>value2 | label2"
"Show value in customer account","عرض القيمة في حساب العميل"
"Show in create ticket form","عرض في نموذج إنشاء التذكرة"
"Show in contact us form","عرض في نموذج اتصل بنا"
"Required for customers","مطلوب للعملاء"
"Required for staff","مطلوب للموظفين"
"Authorization Type","نوع التخويل"
"OAuth2 Client ID","OAuth2 Client ID"
"OAuth2 Client Secret","OAuth2 Client Secret"
"OAuth2 Redirect URI","OAuth2 Redirect URI"
"Use this URL when configuring OAuth2 credentials in Google Cloud Console","استخدم عنوان URL هذا عند تكوين بيانات اعتماد OAuth2 في Google Cloud Console"
"Gmail Connection","اتصال Gmail"
"Connection Status","حالة الاتصال"
"Login","تسجيل الدخول"
"Password","كلمة المرور"
"Host","المضيف"
"Protocol","البروتوكول"
"Encryption","التشفير"
"Port","المنفذ"
"Fetch Frequency (minutes)","تردد الجلب (بالدقائق)"
"Fetch Max","الحد الأقصى للجلب"
"Fetch Only X Last Emails","جلب آخر X رسائل بريد إلكتروني فقط"
"Can be useful for some mailboxes. Leave empty to disable this feature.","قد يكون مفيدًا لبعض صناديق البريد. اتركه فارغًا لتعطيل هذه الميزة."
"Remove emails after fetching","إزالة رسائل البريد الإلكتروني بعد الجلب"
"Auto-assign tickets to Store View","إسناد التذاكر تلقائيًا إلى عرض المتجر"
"Auto-assign tickets to department","إسناد التذاكر تلقائيًا إلى قسم"
"Notes","ملاحظات"
"Create New Department","إنشاء قسم جديد"
"Change status","تغيير الحالة"
"Inactive","غير نشط"
"Delete items","حذف العناصر"
"Are you sure you want to delete selected items?","هل أنت متأكد أنك تريد حذف العناصر المحددة؟"
"Is Active","نشط"
"Create New Field","إنشاء حقل جديد"
"Create New Gateway","إنشاء بوابة جديدة"
"Last Fetched At","آخر جلب في"
"Last Fetch Result","نتيجة آخر جلب"
"Create New Pattern","إنشاء نمط جديد"
"Create New Permission","إنشاء إذن جديد"
"Role","الدور"
"Has Access to Tickets of Departments","لديه وصول إلى تذاكر الأقسام"
"Can Remove Tickets","يمكنه إزالة التذاكر"
"Create New Priority","إنشاء أولوية جديدة"
"Color","اللون"
"Create New Rule","إنشاء قاعدة جديدة"
"Stop Processing","إيقاف المعالجة"
"Remote Ip","عنوان IP البعيد"
"View Ticket","عرض التذكرة"
"Create New Schedule","إنشاء جدول جديد"
"Holiday","عطلة"
"Active From","نشط من"
"Active To","نشط إلى"
"Create New Status","إنشاء حالة جديدة"
"Create New Template","إنشاء قالب جديد"
"Select...","اختر..."
"Mark as Spam","وضع علامة بريد مزعج"
"Mark as Archive","وضع علامة أرشيف"
"Merge tickets","دمج التذاكر"
"Mark as Inbox","وضع علامة بريد وارد"
"Change Assignee","تغيير المعين"
"Requester","الطالب"
"Requester Email","بريد الطالب الإلكتروني"
"Scope","النطاق"
"If one of these characters uses as part of the string it should be escaped with \(backslash ): . \ + * ? [ ^ ] $ ( ) { } = ! < > | : - #. The pattern should be enclosed by delimiters.","إذا تم استخدام أحد هذه الأحرف كجزء من السلسلة، فيجب تجاوزه بـ \(شرطة مائلة عكسية): . \ + * ? [ ^ ] $ ( ) { } = ! < > | : - #. يجب أن يكون النمط محصورًا بمحددات."
"Allows access to tickets of departments","يسمح بالوصول إلى تذاكر الأقسام"
"Can Delete Tickets","يمكنه حذف التذاكر"
"Rule Name","اسم القاعدة"
"Arranged in the ascending order. 0 is the highest.","مرتبة بترتيب تصاعدي. 0 هي الأعلى."
"Stop Further Rules Processing","إيقاف معالجة القواعد الإضافية"
"Conditions","الشروط"
"Event","الحدث"
"Actions","الإجراءات"
"Set Status","تعيين الحالة"
"Set Priority","تعيين الأولوية"
"Set Department","تعيين القسم"
"Set Owner","تعيين المالك"
"Add Tags","إضافة وسوم"
"Remove Tags","إزالة الوسوم"
"Notifications","الإشعارات"
"Send email to ticket owner","إرسال بريد إلكتروني إلى مالك التذكرة"
"Send email to all department users","إرسال بريد إلكتروني إلى جميع مستخدمي القسم"
"Send email to customer","إرسال بريد إلكتروني إلى العميل"
"Send email to other email addresses","إرسال بريد إلكتروني إلى عناوين بريد إلكتروني أخرى"
"Email subject","موضوع البريد الإلكتروني"
"Email Body","نص البريد الإلكتروني"
"Attach files previously attached to the last message","إرفاق الملفات المرفقة سابقًا في آخر رسالة"
"Stores","المتاجر"
"Is Holiday","عطلة"
"Timezone","المنطقة الزمنية"
"Open message","رسالة الفتح"
"Closed message","رسالة الإغلاق"
"Internal Title","العنوان الداخلي"
"Template","القالب"
"Request ID","معرف الطلب"
"Admin or integration authorization is required.","مطلوب تفويض المسؤول أو التكامل."
"Internal notes require an admin identity and cannot be added with an integration token.","تتطلب الملاحظات الداخلية هوية مسؤول ولا يمكن إضافتها باستخدام رمز التكامل."
"OAuth2 (Microsoft 365 / Exchange Online)","OAuth2 (Microsoft 365 / Exchange Online)"
"Microsoft Directory (tenant) ID","معرّف دليل Microsoft (tenant)"
"Azure AD Directory (tenant) ID, from the Azure App registration Overview page. Leave empty to use ""common"".","معرّف دليل Azure AD (tenant) من صفحة Overview الخاصة بتسجيل تطبيق Azure. اتركه فارغًا لاستخدام ""common""."
"Register this URL as the redirect URI in your OAuth2 app (Google Cloud Console for Gmail, or the Azure App Registration for Microsoft 365 / Exchange Online).","سجّل عنوان URL هذا كـ redirect URI في تطبيق OAuth2 الخاص بك (Google Cloud Console لـ Gmail، أو Azure App Registration لـ Microsoft 365 / Exchange Online)."
"Mailbox Connection","اتصال صندوق البريد"
"Connect Mailbox","ربط صندوق البريد"
"Click this button to authorize mailbox access via OAuth2","انقر على هذا الزر للسماح بالوصول إلى صندوق البريد عبر OAuth2"
"Successfully connected the mailbox!","تم ربط صندوق البريد بنجاح!"
"Gateway was successfully saved. Please click ""Connect"" to authorize the mailbox.","تم حفظ البوابة بنجاح. الرجاء النقر على ""Connect"" للسماح بالوصول إلى صندوق البريد."
"Please save the gateway first before connecting the mailbox.","يرجى حفظ البوابة أولاً قبل ربط صندوق البريد."
"How to obtain Gmail OAuth2 credentials","كيفية الحصول على بيانات اعتماد OAuth2 الخاصة بـ Gmail"
"Open the Google Cloud Console and create (or pick) a project.","افتح Google Cloud Console وأنشئ مشروعًا (أو اختر مشروعًا)."
"Go to APIs & Services then Credentials, click Create Credentials and choose OAuth client ID (application type: Web application).","انتقل إلى APIs & Services ثم Credentials، وانقر على Create Credentials واختر OAuth client ID (نوع التطبيق: Web application)."
"Open Google Cloud Console Credentials","فتح Google Cloud Console Credentials"
"Add the OAuth2 Redirect URI shown below to the Authorized redirect URIs list.","أضف OAuth2 Redirect URI الموضح أدناه إلى قائمة Authorized redirect URIs."
"On the OAuth consent screen add the gmail.modify and userinfo.email scopes, then copy the generated Client ID and Client Secret into the fields below.","في OAuth consent screen أضف النطاقين gmail.modify و userinfo.email، ثم انسخ Client ID و Client Secret المُنشأين إلى الحقول أدناه."
"Open OAuth consent screen","فتح OAuth consent screen"
"How to obtain Microsoft 365 / Exchange Online OAuth2 credentials","كيفية الحصول على بيانات اعتماد OAuth2 الخاصة بـ Microsoft 365 / Exchange Online"
"Open the Azure portal and go to App registrations, then register a new application (supported account types as your tenant requires).","افتح بوابة Azure وانتقل إلى App registrations، ثم سجّل تطبيقًا جديدًا (أنواع الحسابات المدعومة حسب ما يتطلبه tenant الخاص بك)."
"Open Azure App registrations","فتح Azure App registrations"
"Copy the Application (client) ID and the Directory (tenant) ID from the app Overview page into the fields below (leave tenant empty to use common).","انسخ Application (client) ID و Directory (tenant) ID من صفحة Overview الخاصة بالتطبيق إلى الحقول أدناه (اترك tenant فارغًا لاستخدام common)."
"Under Certificates & secrets create a new client secret and copy its Value into the OAuth2 Client Secret field below.","ضمن Certificates & secrets أنشئ client secret جديدًا وانسخ القيمة Value الخاصة به إلى حقل OAuth2 Client Secret أدناه."
"Under Authentication add a Web platform and register the OAuth2 Redirect URI shown below exactly as displayed.","ضمن Authentication أضف منصة Web وسجّل OAuth2 Redirect URI الموضح أدناه تمامًا كما هو معروض."
"Under API permissions add the delegated Office 365 Exchange Online IMAP.AccessAsUser.All and offline_access permissions, then grant admin consent.","ضمن API permissions أضف الأذونات المفوَّضة Office 365 Exchange Online IMAP.AccessAsUser.All و offline_access، ثم امنح موافقة المسؤول."
"For Gmail: the OAuth client ID from Google Cloud Console (APIs & Services then Credentials). For Microsoft 365: the Application (client) ID from the Azure App registration Overview page. See the steps above.","بالنسبة إلى Gmail: معرّف OAuth client ID من Google Cloud Console (APIs & Services ثم Credentials). بالنسبة إلى Microsoft 365: معرّف Application (client) ID من صفحة Overview الخاصة بتسجيل تطبيق Azure. راجع الخطوات أعلاه."
"For Gmail: the client secret created alongside the OAuth client ID in Google Cloud Console. For Microsoft 365: the client secret Value from Certificates & secrets in the Azure App registration. See the steps above.","بالنسبة إلى Gmail: client secret الذي تم إنشاؤه مع OAuth client ID في Google Cloud Console. بالنسبة إلى Microsoft 365: قيمة client secret من Certificates & secrets في تسجيل تطبيق Azure. راجع الخطوات أعلاه."
