"Help Desk Tickets (%1)","Tikety helpdesku (%1)"
"Departments","Oddělení"
"Add New Department","Přidat nové oddělení"
"Custom Fields","Vlastní pole"
"Add New Field","Přidat nové pole"
"Gateways","Brány"
"Add New Gateway","Přidat novou bránu"
"Tickets","Tikety"
"Priorities","Priority"
"Statuses","Stavy"
"Quick Responses","Rychlé odpovědi"
"SPAM patterns","Vzory spamu"
"Permissions","Oprávnění"
"Workflow Rules","Pravidla workflow"
"Satisfaction Survey Results","Výsledky průzkumu spokojenosti"
"Working Hours","Pracovní doba"
"Reports","Reporty"
"Refresh Statistics","Obnovit statistiky"
"Settings","Nastavení"
"Spam Filter Patterns","Vzory filtru spamu"
"Add New Pattern","Přidat nový vzor"
"Add New Permission","Přidat nové oprávnění"
"Add New Priority","Přidat novou prioritu"
"Add New Rule","Přidat nové pravidlo"
"Apply the rule only if the following conditions are met:","Použít pravidlo pouze pokud jsou splněny následující podmínky:"
"Help Desk Tickets","Tikety helpdesku"
"Create a ticket for this order","Vytvořit tiket pro tuto objednávku"
"Satisfaction Survey","Průzkum spokojenosti"
"Schedule","Rozvrh"
"Add New Schedule","Přidat nový rozvrh"
"General Information","Obecné informace"
"Working days/hours","Pracovní dny/hodiny"
"Spam Folder","Složka spamu"
"Add New Status","Přidat nový stav"
"Add New Template","Přidat novou šablonu"
"Create New Ticket","Vytvořit nový tiket"
"Previous Ticket","Předchozí tiket"
"Next Ticket","Další tiket"
"Convert to RMA","Převést na RMA"
"Save","Uložit"
"Save & Edit","Uložit a upravit"
"To Archive","Do archivu"
"To Spam","Do spamu"
"Delete","Smazat"
"Are you sure you want to do this?","Opravdu to chcete provést?"
"To Inbox","Do doručené pošty"
"Additional Information","Doplňující informace"
"Subject","Předmět"
"Store View","Pohled obchodu"
"Channel","Kanál"
"open page","otevřít stránku"
"External Link","Externí odkaz"
"Tags","Štítky"
"comma-separated list","seznam oddělený čárkami"
"Customer Note","Poznámka zákazníka"
"This field is shared for all of this customer's tickets.","Toto pole je sdíleno pro všechny tikety tohoto zákazníka."
"Follow Up","Připomínka"
"Period","Období"
"Period Value","Hodnota období"
"Execute At","Provést v"
"Send Reminder","Odeslat připomínku"
"Set Status To","Nastavit stav na"
"Set Priority To","Nastavit prioritu na"
"Set Owner To","Nastavit vlastníka na"
"Unassigned","Nepřiřazeno"
"Loading...","Načítání..."
"%1, %2","%1, %2"
"Select a store","Vyberte obchod"
"Store","Obchod"
"General","Obecné"
"Additional","Doplňkové"
"Other Tickets (%1)","Ostatní tikety (%1)"
"ID","ID"
"Customer Name","Jméno zákazníka"
"Last Replier","Poslední odpovídající"
"Owner","Vlastník"
"Department","Oddělení"
"Status","Stav"
"Priority","Priorita"
"Replies","Odpovědi"
"Created At","Vytvořeno"
"Updated At","Aktualizováno"
"Last Reply At","Poslední odpověď"
"Last Activity","Poslední aktivita"
"Action","Akce"
"View","Zobrazit"
"Change Status","Změnit stav"
"Change Owner","Změnit vlastníka"
"Merge","Sloučit"
"Are you sure you want to proceed? This action is not reversible.","Opravdu chcete pokračovat? Tato akce je nevratná."
"Archive","Archiv"
"Are you sure?","Opravdu?"
"Mark as spam","Označit jako spam"
"Add Ticket","Přidat tiket"
"Help Desk","Helpdesk"
"Help Desk Settings","Nastavení helpdesku"
"Signature for Emails","Podpis pro e-maily"
"Thank you","Děkujeme"
"Processing Rate","Rychlost zpracování"
"Create Ticket","Vytvořit tiket"
"[%1] %2","[%1] %2"
"You are not allowed to add the message to the current ticket as it is locked. To contact support team you should create a new ticket.","Nemáte povoleno přidat zprávu k aktuálnímu tiketu, protože je uzamčen. Pro kontaktování týmu podpory byste měli vytvořit nový tiket."
"--/--/--","--/--/--"
"unlocked","odemčeno"
"locked","uzamčeno"
"New Department","Nové oddělení"
"Department  Manager","Správce oddělení"
"Department Manager","Správce oddělení"
"Add Department","Přidat oddělení"
"Department was successfully deleted","Oddělení bylo úspěšně smazáno"
"Edit Department '%1'","Upravit oddělení '%1'"
"Edit Department","Upravit oddělení"
"The Department does not exist.","Oddělení neexistuje."
"Department was successfully saved","Oddělení bylo úspěšně uloženo"
"Unable to find Department to save","Nelze najít oddělení k uložení"
"Wrong request.","Nesprávný požadavek."
"This ticket does not exist anymore.","Tento tiket již neexistuje."
"New Field","Nové pole"
"Field  Manager","Správce pole"
"Field Manager","Správce pole"
"Add Field","Přidat pole"
"Field was successfully deleted","Pole bylo úspěšně smazáno"
"Edit Field '%1'","Upravit pole '%1'"
"Edit Field","Upravit pole"
"The Field does not exist.","Pole neexistuje."
"Field with the same code already exists","Pole se stejným kódem již existuje"
"Field was successfully saved","Pole bylo úspěšně uloženo"
"Unable to find Field to save","Nelze najít pole k uložení"
"Please, ask your hosting provider to enable the IMAP extension in PHP configuration of your server. Otherwise, helpdesk will not be able to fetch emails.","Požádejte prosím svého poskytovatele hostingu, aby povolil rozšíření IMAP v PHP konfiguraci vašeho serveru. Jinak helpdesk nebude schopen načítat e-maily."
"New Gateway","Nová brána"
"Gateway  Manager","Správce brány"
"Gateway Manager","Správce brány"
"Add Gateway","Přidat bránu"
"done","hotovo"
"Gateway was successfully deleted","Brána byla úspěšně smazána"
"Edit Gateway '%1'","Upravit bránu '%1'"
"Edit Gateway","Upravit bránu"
"The Gateway does not exist.","Brána neexistuje."
"OAuth2 authorization failed: %1","Autorizace OAuth2 selhala: %1"
"Invalid OAuth2 callback parameters.","Neplatné parametry callbacku OAuth2."
"Invalid state parameter.","Neplatný parametr state."
"CSRF token validation failed.","Ověření CSRF tokenu selhalo."
"Gateway not found.","Brána nenalezena."
"Connected","Připojeno"
"Connected to %1","Připojeno k %1"
"No email connected","Žádný e-mail nepřipojen"
"Successfully connected to Gmail!","Úspěšně připojeno ke Gmailu!"
"Failed to obtain access token.","Nepodařilo se získat přístupový token."
"OAuth2 token exchange failed: %1","Výměna OAuth2 tokenu selhala: %1"
"Gateway ID is required.","ID brány je povinné."
"Please configure OAuth2 Client ID and Secret first.","Nejprve prosím nakonfigurujte OAuth2 Client ID a Secret."
"Gateway was successfully saved. Please click ""Connect to Gmail"" to authorize.","Brána byla úspěšně uložena. Klikněte prosím na ""Připojit ke Gmailu"" pro autorizaci."
"Gateway was successfully saved. Connection has been established.","Brána byla úspěšně uložena. Připojení bylo navázáno."
"Unable to find Gateway to save","Nelze najít bránu k uložení"
"A total of %1 record(s) have been updated.","Celkem bylo aktualizováno %1 záznamů."
"A total of %1 record(s) have been deleted.","Celkem bylo smazáno %1 záznamů."
"New Pattern","Nový vzor"
"Pattern  Manager","Správce vzorů"
"Pattern Manager","Správce vzorů"
"Add Pattern","Přidat vzor"
"Pattern was successfully deleted","Vzor byl úspěšně smazán"
"Edit Pattern '%1'","Upravit vzor '%1'"
"Edit Pattern","Upravit vzor"
"The Pattern does not exist.","Vzor neexistuje."
"Pattern was successfully saved","Vzor byl úspěšně uložen"
"You have written an incorrect pattern","Napsali jste nesprávný vzor"
"Unable to find Pattern to save","Nelze najít vzor k uložení"
"New Permission","Nové oprávnění"
"Permission  Manager","Správce oprávnění"
"Permission Manager","Správce oprávnění"
"Add Permission","Přidat oprávnění"
"Permission was successfully deleted","Oprávnění bylo úspěšně smazáno"
"Edit Permission","Upravit oprávnění"
"Permission does not exist.","Oprávnění neexistuje."
"Permission was successfully saved","Oprávnění bylo úspěšně uloženo"
"Unable to find Permission to save","Nelze najít oprávnění k uložení"
"New Priority","Nová priorita"
"Priority  Manager","Správce priorit"
"Priority Manager","Správce priorit"
"Add Priority","Přidat prioritu"
"Priority was successfully deleted","Priorita byla úspěšně smazána"
"Edit Priority '%1'","Upravit prioritu '%1'"
"Edit Priority","Upravit prioritu"
"The Priority does not exist.","Priorita neexistuje."
"Priority was successfully saved","Priorita byla úspěšně uložena"
"Unable to find Priority to save","Nelze najít prioritu k uložení"
"Statistics was successfully updated","Statistiky byly úspěšně aktualizovány"
"Helpdesk","Helpdesk"
"New Rule","Nové pravidlo"
"Rule  Manager","Správce pravidel"
"Rule Manager","Správce pravidel"
"Add Rule","Přidat pravidlo"
"Rule was successfully deleted","Pravidlo bylo úspěšně smazáno"
"Edit Rule '%1'","Upravit pravidlo '%1'"
"Edit Rule","Upravit pravidlo"
"The Rule does not exist.","Pravidlo neexistuje."
"Rule was successfully saved","Pravidlo bylo úspěšně uloženo"
"Unable to find Rule to save","Nelze najít pravidlo k uložení"
"New Satisfaction","Nové hodnocení"
"Satisfaction  Manager","Správce hodnocení"
"Satisfaction Manager","Správce hodnocení"
"Add Satisfaction","Přidat hodnocení"
"Satisfaction was successfully deleted","Hodnocení bylo úspěšně smazáno"
"Edit Satisfaction '%1'","Upravit hodnocení '%1'"
"Edit Satisfaction","Upravit hodnocení"
"The Satisfaction does not exist.","Hodnocení neexistuje."
"Satisfaction was successfully saved","Hodnocení bylo úspěšně uloženo"
"Unable to find Satisfaction to save","Nelze najít hodnocení k uložení"
"New Schedule","Nový rozvrh"
"Schedule Manager","Správce rozvrhu"
"Add Schedule","Přidat rozvrh"
"You can not delete this schedule, because there are gateways using it.
                         Please, change gateways settings","Tento rozvrh nelze smazat, protože ho používají brány. Změňte prosím nejprve nastavení bran"
"Schedule was successfully deleted","Rozvrh byl úspěšně smazán"
"Edit Schedule '%1'","Upravit rozvrh '%1'"
"Edit Schedule","Upravit rozvrh"
"The Schedule does not exist.","Rozvrh neexistuje."
"Schedules","Rozvrhy"
"Working days/hours is a required field.","Pracovní dny/hodiny jsou povinné pole."
"Schedule was successfully saved","Rozvrh byl úspěšně uložen"
"Unable to find a Schedule to save","Nelze najít rozvrh k uložení"
"Ticket was successfully moved to the Tickets folder","Tiket byl úspěšně přesunut do složky Tikety"
"Edit Spam '%1'","Upravit spam '%1'"
"Edit Spam","Upravit spam"
"The spam does not exist.","Spam neexistuje."
"Please select spam(s)","Vyberte prosím spam"
"Total of %1 record(s) were successfully moved to the Tickets folder","Celkem %1 záznamů bylo úspěšně přesunuto do složky Tikety"
"Total of %1 record(s) were successfully deleted","Celkem %1 záznamů bylo úspěšně smazáno"
"New Status","Nový stav"
"Status  Manager","Správce stavů"
"Status Manager","Správce stavů"
"Add Status","Přidat stav"
"Status was successfully deleted","Stav byl úspěšně smazán"
"Edit Status '%1'","Upravit stav '%1'"
"Edit Status","Upravit stav"
"The Status does not exist.","Stav neexistuje."
"Status was successfully saved","Stav byl úspěšně uložen"
"Unable to find a Status to save","Nelze najít stav k uložení"
"New Template","Nová šablona"
"Template  Manager","Správce šablon"
"Template Manager","Správce šablon"
"Add Template","Přidat šablonu"
"Template was successfully deleted","Šablona byla úspěšně smazána"
"Edit Template '%1'","Upravit šablonu '%1'"
"Edit Template","Upravit šablonu"
"The Template does not exist.","Šablona neexistuje."
"Template was successfully saved","Šablona byla úspěšně uložena"
"Unable to find a Template to save","Nelze najít šablonu k uložení"
"New Ticket","Nový tiket"
"Ticket Manager","Správce tiketů"
"Ticket was moved to Archive","Tiket byl přesunut do archivu"
"The file does not exist or has been deleted.","Soubor neexistuje nebo byl smazán."
"Ticket was successfully deleted","Tiket byl úspěšně smazán"
"Edit Ticket","Upravit tiket"
"The ticket does not exist.","Tiket neexistuje."
"Total of %1 record(s) were moved to Archive.","Celkem %1 záznamů bylo přesunuto do archivu."
"Please select ticket(s)","Vyberte prosím tiket(y)"
"Total of %1 record(s) were moved to the Spam folder","Celkem %1 záznamů bylo přesunuto do složky Spam"
"Total of %1 record(s) were successfully updated","Celkem %1 záznamů bylo úspěšně aktualizováno"
"Total of %1 record(s) Assignee was changed.","U celkem %1 záznamů byl změněn přiřazený."
"You don't have permission for this operation.","Pro tuto operaci nemáte oprávnění."
"Total of %1 record(s) were moved to the Inbox folder.","Celkem %1 záznamů bylo přesunuto do složky Doručená pošta."
"Please select 2 or more tickets","Vyberte prosím 2 nebo více tiketů"
"Total of %1 record(s) were successfully merged","Celkem %1 záznamů bylo úspěšně sloučeno"
"Total of %1 record(s) were moved to the Spam folder.","Celkem %1 záznamů bylo přesunuto do složky Spam."
"Ticket was moved to the Inbox","Tiket byl přesunut do Doručené pošty"
"Message was successfully sent","Zpráva byla úspěšně odeslána"
"Ticket was successfully updated","Tiket byl úspěšně aktualizován"
"Field ""Cc"" is limited by %1 emails","Pole ""Cc"" je omezeno na %1 e-mailů"
"Something went wrong while saving the ticket.","Při ukládání tiketu se něco pokazilo."
"Unable to find ticket to save","Nelze najít tiket k uložení"
"Incorrect email format.","Nesprávný formát e-mailu."
"Incorrect CC format.","Nesprávný formát CC."
"Incorrect BCC format.","Nesprávný formát BCC."
"Ticket was moved to the Spam folder","Tiket byl přesunut do složky Spam"
"Your request was successfully submitted. You should receive a confirmation email shortly.","Váš požadavek byl úspěšně odeslán. Brzy byste měli obdržet potvrzovací e-mail."
"Unable to submit your request. Please, try again later","Nelze odeslat váš požadavek. Zkuste to prosím později"
"Field ""Name"" is required","Pole ""Jméno"" je povinné"
"Field ""Comment"" is required","Pole ""Komentář"" je povinné"
"Something went wrong","Něco se pokazilo"
"Telephone","Telefon"
"Your inquiry was submitted and will be responded to as soon as possible. Thank you for contacting us.","Váš dotaz byl odeslán a bude na něj odpovězeno co nejdříve. Děkujeme, že jste nás kontaktovali."
"Sorry, for technical reasons you can't submit your query from this browser. Please try using a different browser or computer.","Omlouváme se, z technických důvodů nelze váš dotaz odeslat z tohoto prohlížeče. Zkuste prosím použít jiný prohlížeč nebo počítač."
"Page not found.","Stránka nenalezena."
"Your message was successfully posted","Vaše zpráva byla úspěšně odeslána"
"Your ticket was successfully posted","Váš tiket byl úspěšně odeslán"
"Ticket was successfully closed","Tiket byl úspěšně uzavřen"
"wrong URL","nesprávná URL"
"Can't upload file %1 . Max allowed upload size is %2 MB.","Nelze nahrát soubor %1. Maximální povolená velikost je %2 MB."
"Allows only this file types: %1","Povoluje pouze tyto typy souborů: %1"
"%1:%2 (%3) is open.","%1:%2 (%3) je otevřeno."
"%1:%2 is closed.","%1:%2 je uzavřeno."
"%1 Help Desk","%1 Helpdesk"
"You have %1 unread notifications.","Máte %1 nepřečtených oznámení."
"Ticket ""%1"" was created.","Tiket ""%1"" byl vytvořen."
"New message was added to the ticket ""%1""","Nová zpráva byla přidána k tiketu ""%1"""
"Ticket ""%1"" was assigned to you.","Tiket ""%1"" byl přiřazen vám."
"%1 is editing now","%1 nyní upravuje"
"%1 has opened this ticket %2","%1 otevřel tento tiket %2"
"%1 have opened this ticket %2","%1 otevřeli tento tiket %2"
"please type your reply above this line","napište prosím svou odpověď nad tento řádek"
"Can't fetch.
                Please, ask your hosting provider to enable the IMAP extension in PHP configuration of your server.","Nelze načíst. Požádejte prosím svého poskytovatele hostingu, aby povolil rozšíření IMAP v PHP konfiguraci vašeho serveru."
"Yes","Ano"
"No","Ne"
"Unable to define email sender","Nelze určit odesílatele e-mailu"
"Rule '%1'","Pravidlo '%1'"
"Follow Up actions","Akce připomínky"
"%1: %2 => %3","%1: %2 => %3"
"%1: %2","%1: %2"
"Ticket was merged to: %1","Tiket byl sloučen do: %1"
"Ticket was merged with: %1","Tiket byl sloučen s: %1"
"Message added","Zpráva přidána"
"Internal note added","Interní poznámka přidána"
"Third party message added","Zpráva třetí strany přidána"
"Private third party message added","Soukromá zpráva třetí strany přidána"
"Folder","Složka"
"Order","Objednávka"
"User","Uživatel"
"Customer","Zákazník"
"Customer Email","E-mail zákazníka"
"Cc","Cc"
"Bcc","Bcc"
"-- Please Select --","-- Vyberte prosím --"
"Inbox","Doručená pošta"
"Spam","Spam"
"Email","E-mail"
"Backend","Administrace"
"Contact Tab","Záložka kontaktu"
"Contact Form","Kontaktní formulář"
"Customer Account","Zákaznický účet"
"Public Reply","Veřejná odpověď"
"Internal Note","Interní poznámka"
"Message to Third Party","Zpráva třetí straně"
"Internal Note to Third Party","Interní poznámka třetí straně"
"at %1 (%2) - %3","v %1 (%2) - %3"
"You don't have permissions to read this ticket. Please, contact your administrator.","Nemáte oprávnění ke čtení tohoto tiketu. Kontaktujte prosím svého administrátora."
"Field ""Name"" is incorrect.","Pole ""Jméno"" je nesprávné."
"Email field should not be empty","Pole e-mail by nemělo být prázdné"
"Submitted from the page:","Odesláno ze stránky:"
"Invalid Customer Email","Neplatný e-mail zákazníka"
"Ticket was merged to %1","Tiket byl sloučen do %1"
"Pattern","Vzor"
"Attribute Value","Hodnota atributu"
"Default","Výchozí"
"Integer","Celé číslo"
"Price","Cena"
"Strip Tags","Odstranit značky"
"Ticket Attributes","Atributy tiketu"
"Wrong URL","Nesprávná URL"
"Unknown time","Neznámý čas"
"ago","před"
"from now","od nynějška"
"1 sec ago","před 1 sekundou"
"Links:","Odkazy:"
"Open Ticket","Otevřít tiket"
"Open Tickets","Otevřené tikety"
"! Blocked file -","! Zablokovaný soubor -"
"File System","Souborový systém"
"Database","Databáze"
"IMAP","IMAP"
"OAuth2 (Gmail)","OAuth2 (Gmail)"
"Aqua","Akvamarínová"
"Grey","Šedá"
"Navy","Tmavě modrá"
"Silver","Stříbrná"
"Black","Černá"
"Green","Zelená"
"Olive","Olivová"
"Teal","Tyrkysová"
"Blue","Modrá"
"Lime","Limetková"
"Purple","Fialová"
"Fuchsia","Fuchsiová"
"Maroon","Kaštanová"
"Red","Červená"
"Orange","Oranžová"
"Yellow","Žlutá"
"NONE","ŽÁDNÉ"
"SSL","SSL"
"Text","Text"
"Multi-line text","Víceřádkový text"
"Date","Datum"
"Checkbox","Zaškrtávací políčko"
"Drop-down list","Rozbalovací seznam"
"In minutes...","Za minut..."
"In hours...","Za hodin..."
"In days...","Za dní..."
"In weeks...","Za týdnů..."
"In months...","Za měsíců..."
"Custom","Vlastní"
"Move to Archive","Přesunout do archivu"
"Move from Archive","Přesunout z archivu"
"All users","Všichni uživatelé"
"Left","Vlevo"
"Right","Vpravo"
"POP","POP"
"Great!","Skvělé!"
"OK","OK"
"Bad","Špatné"
"--Please Select--","--Vyberte prosím--"
"New ticket created","Nový tiket vytvořen"
"New reply from customer","Nová odpověď od zákazníka"
"New reply from staff","Nová odpověď od zaměstnance"
"New reply from third party","Nová odpověď od třetí strany"
"Ticket assigned to staff","Tiket přiřazen zaměstnanci"
"Ticket was changed","Tiket byl změněn"
"Ticket was converted to RMA","Tiket byl převeden na RMA"
"Check every hour","Kontrolovat každou hodinu"
"Headers","Hlavičky"
"Body","Tělo"
"Using Department Name (e.g. Sales)","Pomocí názvu oddělení (např. Prodej)"
"Using Staff Name (e.g. John Doe)","Pomocí jména zaměstnance (např. Jan Novák)"
"Using Custom Template","Pomocí vlastní šablony"
"Last Reply","Poslední odpověď"
"View link","Zobrazit odkaz"
"%1 attachments were deleted","%1 příloh bylo smazáno"
"desktop notifications","oznámení na ploše"
"%1 %2 were deleted","%1 %2 bylo smazáno"
"Process is locked","Proces je uzamčen"
"Locked","Uzamčeno"
"Success","Úspěch"
"Pattern is invalid","Vzor je neplatný"
"""%1"" department is using as default department in next gateway(s) with id: %2.
                Please change it first.","Oddělení ""%1"" se používá jako výchozí oddělení v následujících bránách s id: %2. Změňte ho prosím nejprve."
"""%1"" department is used as the default department in the option ""Feedback Tab > Assign to Department"".
                Please change this option first.","Oddělení ""%1"" se používá jako výchozí oddělení v možnosti ""Záložka Zpětná vazba > Přiřadit k oddělení"". Změňte prosím nejprve tuto možnost."
"Update the Ticket","Aktualizovat tiket"
"Conditions Combination","Kombinace podmínek"
"Ticket Attribute","Atribut tiketu"
"Last 7-days Clicks","Kliky za posledních 7 dní"
"Last 7-days Orders","Objednávky za posledních 7 dní"
"Last 7-days Revenue","Tržby za posledních 7 dní"
"Last 7-days Conversation Rate (%)","Konverzní poměr za posledních 7 dní (%)"
"Last message body","Tělo poslední zprávy"
"Priority (before change)","Priorita (před změnou)"
"Status (before change)","Stav (před změnou)"
"Department (before change)","Oddělení (před změnou)"
"Owner (before change)","Vlastník (před změnou)"
"Folder (before change)","Složka (před změnou)"
"Last Reply By","Poslední odpověď od"
"Last Reply Type","Typ poslední odpovědi"
"Hours since Created","Hodin od vytvoření"
"Hours since Updated","Hodin od aktualizace"
"Hours since Last reply","Hodin od poslední odpovědi"
"Ticket Source (Channel)","Zdroj tiketu (kanál)"
"%1 (before change)","%1 (před změnou)"
"Staff","Zaměstnanec"
"Third party","Třetí strana"
"Closed","Uzavřeno"
"Opened 24hr","Otevřeno 24h"
"Searchable attributes not defined","Prohledávatelné atributy nejsou definovány"
"- Disable these emails -","- Vypnout tyto e-maily -"
"Authentication failed for the Gateway(s) ""%1""
                                <br> To hide this message, re-save the above Gateway(s) and run cron,
                                or disable the above Gateway(s) <a href=""%2"">help desk gateways</a>.","Autentizace selhala pro bránu(y) ""%1""<br> Pro skrytí této zprávy znovu uložte výše uvedenou bránu(y) a spusťte cron, nebo deaktivujte výše uvedenou bránu(y) <a href=""%2"">brány helpdesku</a>."
"The Help Desk can't fetch new emails.
                Please, try to run bin/magento mirasvit:helpdesk:run to determine the source of this problem.","Helpdesk nemůže načíst nové e-maily. Zkuste prosím spustit bin/magento mirasvit:helpdesk:run pro zjištění zdroje problému."
"Help desk can't fetch emails.","Helpdesk nemůže načíst e-maily."
"<br> To temporarily hide this message, disable all <a href=""%1"">help desk gateways</a>.","<br> Pro dočasné skrytí této zprávy deaktivujte všechny <a href=""%1"">brány helpdesku</a>."
"Help Desk can't fetch new emails.
                 Please, check that you are running cron for bin/magento mirasvit:helpdesk:run.","Helpdesk nemůže načíst nové e-maily. Zkontrolujte prosím, zda spouštíte cron pro bin/magento mirasvit:helpdesk:run."
"Helpdesk Tickets","Tikety helpdesku"
"Department with id ""%1"" does not exist.","Oddělení s id ""%1"" neexistuje."
"Field with id ""%1"" does not exist.","Pole s id ""%1"" neexistuje."
"Priority with id ""%1"" does not exist.","Priorita s id ""%1"" neexistuje."
"Satisfaction with id ""%1"" does not exist.","Hodnocení s id ""%1"" neexistuje."
"Cannot delete satisfaction with id %1","Nelze smazat hodnocení s id %1"
"Status with id ""%1"" does not exist.","Stav s id ""%1"" neexistuje."
"Template with id ""%1"" does not exist.","Šablona s id ""%1"" neexistuje."
"Cannot delete ticket with id %1","Nelze smazat tiket s id %1"
"Admin authorization is required.","Je vyžadována autorizace administrátora."
"Message body cannot be empty.","Tělo zprávy nemůže být prázdné."
"Invalid folder ""%1"". Allowed: 1 (Inbox), 2 (Archive), 3 (Spam)","Neplatná složka ""%1"". Povolené: 1 (Doručená pošta), 2 (Archiv), 3 (Spam)"
"Invalid customer email format.","Neplatný formát e-mailu zákazníka."
"Invalid %1 email format: %2","Neplatný formát e-mailu %1: %2"
"Invalid message type ""%1"". Allowed: %2","Neplatný typ zprávy ""%1"". Povolené: %2"
"Area: ""%1""","Oblast: ""%1"""
"Ticket ID: ""%1""","ID tiketu: ""%1"""
"Customer ID: ""%1""","ID zákazníka: ""%1"""
"User ID: ""%1""","ID uživatele: ""%1"""
"Some tickets could not be parsed. Please check logs.","Některé tikety nelze zpracovat. Zkontrolujte prosím logy."
"Edit","Upravit"
"All Departments","Všechna oddělení"
"All Roles","Všechny role"
"Back","Zpět"
"Reset","Obnovit"
"Save and Continue Edit","Uložit a pokračovat v úpravách"
"Debug","Ladění"
"24 hrs x 7 days","24 hodin × 7 dní"
"Select working days/hours","Vyberte pracovní dny/hodiny"
"All Tickets","Všechny tikety"
"My Tickets","Moje tikety"
"Satisfaction survey","Průzkum spokojenosti"
"Satisfaction rating: %1 out of 5","Hodnocení spokojenosti: %1 z 5"
"View message source in new window","Zobrazit zdroj zprávy v novém okně"
"show source","zobrazit zdroj"
"to %1 (third party)","na %1 (třetí strana)"
"%1 %2 (third party)","%1 %2 (třetí strana)"
"%1","%1"
"Attachment image: %1","Obrázek přílohy: %1"
"Document file icon","Ikona souboru dokumentu"
"Download icon","Ikona stažení"
"Download","Stáhnout"
"Max file size: %1 Mb","Maximální velikost souboru: %1 MB"
"Close","Zavřít"
"Image preview","Náhled obrázku"
"Previous image","Předchozí obrázek"
"Previous","Předchozí"
"Next","Další"
"Ticket Summary","Souhrn tiketu"
"enter subject of ticket","zadejte předmět tiketu"
"Ticket ID","ID tiketu"
"Assignee","Přiřazený"
"Additional Info","Doplňující informace"
"You are not allowed to add the message to the current ticket as it is locked. To add the message to the current ticket you should change its status to one of unlocked.","Nemáte povoleno přidat zprávu k aktuálnímu tiketu, protože je uzamčen. Pro přidání zprávy k aktuálnímu tiketu byste měli změnit jeho stav na některý z odemčených."
"Ticket History","Historie tiketu"
"Done by","Provedl"
"Changes","Změny"
"Ticket Grid Container","Kontejner mřížky tiketů"
"View tickets notifications","Zobrazit oznámení tiketů"
"Navigate to all tickets page","Přejít na stránku všech tiketů"
"See All Tickets","Zobrazit všechny tikety"
"Edit ticket: %1","Upravit tiket: %1"
"View tickets page","Zobrazit stránku tiketů"
"Open contact form","Otevřít kontaktní formulář"
"Close contact form","Zavřít kontaktní formulář"
"Name","Jméno"
"Attach files","Připojit soubory"
"Submit","Odeslat"
"Submit Ticket","Odeslat tiket"
"What is your question?","Jaký je váš dotaz?"
"We found the following topics that might be helpful:","Našli jsme následující témata, která by mohla pomoci:"
"None of these are helpful - contact us","Žádné z nich nepomáhá - kontaktujte nás"
"We have not found any helpful topics.","Nenašli jsme žádná užitečná témata."
"Contact Information","Kontaktní informace"
"Comment","Komentář"
"We are open 24 x 7","Máme otevřeno 24 × 7"
"We are closed","Máme zavřeno"
"Timezone: %1","Časové pásmo: %1"
"Please take a second to rate my reply...","Věnujte prosím chvilku ohodnocení mé odpovědi..."
"Great","Skvělé"
"Awesome","Výborné"
"Fast, friendly, helpful, pleasant. Great job!","Rychlé, přátelské, nápomocné, příjemné. Skvělá práce!"
"Just Okay","Průměrné"
"Fine, but definitely could have been better.","V pořádku, ale rozhodně to mohlo být lepší."
"Not good","Špatné"
"Unfortunately, I wasn't happy with it at all.","Bohužel jsem s tím nebyl vůbec spokojen."
"Satisfactory level of customer service in real time","Uspokojivá úroveň zákaznického servisu v reálném čase"
"%1% said great!","%1 % řeklo skvělé!"
"last updated %1","naposledy aktualizováno %1"
"Thank you for participating in our survey!","Děkujeme za účast v našem průzkumu!"
"If you would like to provide additional comments, please do so below:","Pokud byste chtěli poskytnout další komentáře, učiňte tak prosím níže:"
"Message","Zpráva"
"Submit Message","Odeslat zprávu"
"Thank you for your feedback!","Děkujeme za vaši zpětnou vazbu!"
"If the processing doesn't start automatically in a few seconds, please click the button below","Pokud se zpracování automaticky nespustí během několika sekund, klikněte prosím na tlačítko níže"
"Process Rate","Rychlost zpracování"
"Attachments","Přílohy"
"-- Select an Order --","-- Vyberte objednávku --"
"Create ticket","Vytvořit tiket"
"Navigate to create new ticket page","Přejít na stránku vytvoření nového tiketu"
"You don't have open tickets","Nemáte žádné otevřené tikety"
"View ticket: %1","Zobrazit tiket: %1"
"Post a Reply","Odeslat odpověď"
"Max file size: %1","Maximální velikost souboru: %1"
"Reopen Ticket","Znovu otevřít tiket"
"Close Ticket","Uzavřít tiket"
"History","Historie"
"%1 (third party)","%1 (třetí strana)"
"Attachment: %1","Příloha: %1"
"Download attachment: %1","Stáhnout přílohu: %1"
"Image file icon","Ikona obrázkového souboru"
"Go back to my tickets list","Zpět na seznam mých tiketů"
"Back to My Tickets","Zpět na Moje tikety"
"Next image","Další obrázek"
"Rate","Hodnotit"
"Ok","OK"
"To","Komu"
"Customer Summary","Souhrn zákazníka"
"Assigned To Customer","Přiřazeno zákazníkovi"
"Assigned To Order","Přiřazeno objednávce"
"Customer does not have any orders.","Zákazník nemá žádné objednávky."
"RMA","RMA"
"type email or name","zadejte e-mail nebo jméno"
"Click this button to authorize access to Gmail via OAuth2","Kliknutím na toto tlačítko autorizujete přístup ke Gmailu přes OAuth2"
"Reconnect","Znovu připojit"
"Connect to Gmail","Připojit ke Gmailu"
"Attachment","Příloha"
"type third party email here","zadejte zde e-mail třetí strany"
"Kind","Druh"
"Info","Info"
"You can check the status of reply to this ticket online at:","Stav odpovědi na tento tiket můžete zkontrolovat online na:"
"Dear %name,","Vážený/á %name,"
"Thank you for contacting us!","Děkujeme, že jste nás kontaktovali!"
"This is an automated response confirming the receipt of your ticket. One of our agents will get back to you as soon as possible.","Toto je automatická odpověď potvrzující přijetí vašeho tiketu. Jeden z našich agentů se vám ozve co nejdříve."
"Details","Podrobnosti"
"Please, answer the following ticket:","Odpovězte prosím na následující tiket:"
"Ticket ID:","ID tiketu:"
"Name:","Jméno:"
"Email address:","E-mailová adresa:"
"Store:","Obchod:"
"Department:","Oddělení:"
"Staff (Owner): -- Unassigned --","Zaměstnanec (vlastník): -- Nepřiřazeno --"
"Status:","Stav:"
"Priority:","Priorita:"
"Created:","Vytvořeno:"
"Staff (Owner):","Zaměstnanec (vlastník):"
"Updated:","Aktualizováno:"
"== INTERNAL NOTE ==","== INTERNÍ POZNÁMKA =="
"Dear <strong>%user_firstname %user_lastname</strong>, <br><br>
    %ticket_customer_name rated your help with smile","Vážený/á <strong>%user_firstname %user_lastname</strong>, <br><br>
    %ticket_customer_name ohodnotil(a) vaši pomoc úsměvem"
"Customer email:","E-mail zákazníka:"
"Comment:","Komentář:"
"This browser does not support desktop notification","Tento prohlížeč nepodporuje oznámení na ploše"
"Please save the gateway first before connecting to Gmail.","Před připojením ke Gmailu prosím nejprve uložte bránu."
"Please enter Client ID and Client Secret before connecting.","Před připojením prosím zadejte Client ID a Client Secret."
"Your message will be emailed to the customer","Vaše zpráva bude odeslána e-mailem zákazníkovi"
"Your message will be emailed to your colleague. The customer will not see it.","Vaše zpráva bude odeslána e-mailem vašemu kolegovi. Zákazník ji neuvidí."
"Your message will be emailed to the third party. Customer will see it in the ticket history.","Vaše zpráva bude odeslána e-mailem třetí straně. Zákazník ji uvidí v historii tiketu."
"Internal Message to Third Party","Interní zpráva třetí straně"
"Your message will be emailed to the third party. The customer will not see it.","Vaše zpráva bude odeslána e-mailem třetí straně. Zákazník ji neuvidí."
"Session has expired. Please copy all unsaved data and reload the page.","Relace vypršela. Zkopírujte prosím všechna neuložená data a znovu načtěte stránku."
"Upload Too Large","Nahrávaný soubor je příliš velký"
"Open","Otevřít"
"Help Desk MX","Help Desk MX"
"General Settings","Obecná nastavení"
"Enhance the overall performance and user experience of your helpdesk by setting up core features such as how communication is managed, personalizing customer interactions, and ensuring smooth ticket management with automated tasks.","Vylepšete celkový výkon a uživatelský zážitek vašeho helpdesku nastavením základních funkcí, jako je správa komunikace, personalizace interakcí se zákazníky a zajištění plynulé správy tiketů pomocí automatizovaných úloh."
"Helpdesk title in the customer account","Název helpdesku v zákaznickém účtu"
"Customize the title displayed for the Helpdesk section in the customer's account to create a clear and branded support experience.","Přizpůsobte název zobrazený pro sekci Helpdesk v účtu zákazníka pro vytvoření jasného a značkového zážitku z podpory."
"Sign staff replies","Podepisovat odpovědi zaměstnanců"
"Adds a personal touch to customer communication, which helps personalize responses and provide clarity on who handled the support request increasing trust and transparency.","Přidává osobní rozměr ke komunikaci se zákazníkem, což pomáhá personalizovat odpovědi a poskytuje jasnost o tom, kdo se zabýval požadavkem na podporu, čímž zvyšuje důvěru a transparentnost."
"Signature template","Šablona podpisu"
"Send blind carbon copy (BCC) of all emails to","Odeslat skrytou kopii (BCC) všech e-mailů na"
"Automatically send a BCC of all helpdesk-related emails to a specified address for monitoring or record-keeping, helping ensure nothing gets overlooked.","Automaticky odesílat BCC všech e-mailů souvisejících s helpdeskem na zadanou adresu pro monitorování nebo evidenci, čímž pomáhá zajistit, že nic nebude přehlédnuto."
"Use default Magento cron","Použít výchozí Magento cron"
"If this option is disabled, helpdesk-related tasks will not be processed automatically. For instance, emails from the configured gateway will not be fetched. However, you can still manually trigger cron tasks to test the module's functionality.","Pokud je tato možnost zakázána, úlohy související s helpdeskem nebudou zpracovávány automaticky. Například nebudou načítány e-maily z nakonfigurované brány. Stále však můžete ručně spustit cron úlohy pro otestování funkčnosti modulu."
"Enable magento cron to ensure scheduled actions like email fetching are handled efficiently without extra configuration.","Povolte Magento cron pro zajištění efektivního zpracování naplánovaných akcí, jako je načítání e-mailů, bez dodatečné konfigurace."
"Allow customer to open ticket by unique URL (without additional authentication)","Povolit zákazníkovi otevřít tiket pomocí unikátní URL (bez dodatečné autentizace)"
"Customers will receive link in the email notification to access their support tickets via a unique URL, simplifying the process and increasing accessibility by eliminating extra login steps.","Zákazníci obdrží v e-mailovém oznámení odkaz pro přístup k jejich tiketům podpory přes unikátní URL, což zjednodušuje proces a zvyšuje dostupnost odstraněním dodatečných kroků přihlášení."
"Tickets Settings","Nastavení tiketů"
"Manage the flow and organization of support tickets efficiently by controlling the prioritization, categorization, and statuses of incoming customer requests. This section ensures that support agents can handle tickets based on urgency and track progress seamlessly.","Efektivně spravujte tok a organizaci tiketů podpory řízením priorit, kategorizace a stavů příchozích zákaznických požadavků. Tato sekce zajišťuje, že agenti podpory mohou zpracovávat tikety na základě urgence a plynule sledovat průběh."
"Priority for new tickets","Priorita pro nové tikety"
"Set the default priority for new tickets to help organize and prioritize customer issues based on urgency.","Nastavte výchozí prioritu pro nové tikety, aby pomohla organizovat a upřednostňovat problémy zákazníků na základě urgence."
"Status for new tickets","Stav pro nové tikety"
"Define the default status for new tickets to give clear visibility of ticket progress.","Definujte výchozí stav pro nové tikety pro jasnou viditelnost průběhu tiketu."
"Move Ticket to Archive if it has one of following statuses:","Přesunout tiket do archivu, pokud má jeden z následujících stavů:"
"Automatically move tickets to the archive when they reach specified statuses, ensuring the system stays organized.","Automaticky přesunout tikety do archivu, když dosáhnou určených stavů, čímž se zajistí, že systém zůstane organizovaný."
"Lock Ticket if it has one of following statuses:","Uzamknout tiket, pokud má jeden z následujících stavů:"
"When ticket is locked the customer cannot add a new message to the ticket, while admin still can send messages","Když je tiket uzamčen, zákazník nemůže přidat novou zprávu k tiketu, zatímco administrátor stále může odesílat zprávy"
"Control when tickets are locked based on their statuses to avoid further changes once certain progress is made.","Řídit, kdy jsou tikety uzamčeny na základě jejich stavů, aby se zabránilo dalším změnám po dosažení určitého pokroku."
"Tickets autosave period, sec","Perioda automatického uložení tiketů, sek"
"Set how frequently ticket drafts are autosaved, minimizing the risk of losing unsaved work. Leave empty to disable autosave.","Nastavte, jak často jsou koncepty tiketů automaticky ukládány, čímž minimalizujete riziko ztráty neuložené práce. Ponechte prázdné pro zakázání automatického ukládání."
"Use WYSIWYG Editor in backend","Použít WYSIWYG editor v administraci"
"Enable the use of a text editor for tickets in the backend, making it easier for staff to format replies and provide detailed, structured responses.","Povolte použití textového editoru pro tikety v administraci, což zaměstnancům usnadní formátování odpovědí a poskytování podrobných, strukturovaných odpovědí."
"Create Tickets from Contact Us form","Vytvářet tikety z formuláře Kontaktujte nás"
"Automatically create helpdesk tickets from submissions via the 'Contact Us' form, turning every inquiry into a manageable support ticket.","Automaticky vytvářet tikety helpdesku z odeslání přes formulář 'Kontaktujte nás', čímž každý dotaz přemění na spravovatelný tiket podpory."
"Admin Display Options","Možnosti zobrazení administrace"
"Improve the visual accessibility and ease of navigating through tickets in the admin panel. This section allows you to enable quick access to essential data, helping your support team handle tickets faster and more effectively.","Zlepšete vizuální dostupnost a snadnost navigace v tiketech v administračním panelu. Tato sekce vám umožňuje povolit rychlý přístup k základním datům, čímž pomáhá vašemu týmu podpory zpracovávat tikety rychleji a efektivněji."
"Show Quick Data Bar in admin ticket grid","Zobrazit panel rychlých dat v mřížce tiketů administrace"
"This feature enhances workflow visibility and helps agents stay on top of their responsibilities.","Tato funkce zlepšuje viditelnost workflow a pomáhá agentům zůstat na vrcholu svých povinností."
"Show User Activity Data Bar in admin ticket grid","Zobrazit panel dat aktivity uživatele v mřížce tiketů administrace"
"Shows recent user activity related to the ticket, helping managers track staff interactions with customers more efficiently.","Zobrazuje nedávnou aktivitu uživatele související s tiketem, čímž pomáhá manažerům efektivněji sledovat interakce zaměstnanců se zákazníky."
"Show previous/next button in backend ticket edit page","Zobrazit tlačítko předchozí/další na stránce úpravy tiketu v administraci"
"Display 'previous' and 'next' buttons on the ticket editing page in the backend to move through tickets quickly without returning to the grid.","Zobrazte tlačítka 'předchozí' a 'další' na stránce úpravy tiketu v administraci pro rychlý pohyb mezi tikety bez návratu do mřížky."
"Attachments Settings","Nastavení příloh"
"Customize how file attachments are managed within the helpdesk. This section helps you control the storage, format, and retention of attachments, ensuring customers and staff can exchange relevant files without compromising storage space.","Přizpůsobte si, jak jsou spravovány přílohy souborů v rámci helpdesku. Tato sekce vám pomáhá řídit ukládání, formát a uchovávání příloh, čímž zajišťuje, že zákazníci a zaměstnanci mohou vyměňovat relevantní soubory bez ohrožení úložného prostoru."
"Store attachments in","Ukládat přílohy do"
"Select the storage location for ticket attachments, giving you control over file management.","Vyberte umístění úložiště pro přílohy tiketů, což vám dává kontrolu nad správou souborů."
"Auto-removing old attachments","Automatické odstraňování starých příloh"
"Enable automatic removal of old attachments to free up storage space and keep the system clutter-free","Povolte automatické odstraňování starých příloh pro uvolnění úložného prostoru a udržení systému bez nepořádku"
"Remove attachments older than, days","Odstranit přílohy starší než, dní"
"Specifies the number of days after which old ticket attachments will be deleted.","Určuje počet dní, po kterých budou staré přílohy tiketů smazány."
"Only allow upload of attachments with extensions","Povolit pouze nahrávání příloh s příponami"
"Restrict attachment uploads to specific file types to avoid security risks and maintain control over the type of files uploaded. Comma separated list. e.g. jpg, jpeg, gif, png, bmp, pdf>","Omezte nahrávání příloh na konkrétní typy souborů, abyste předešli bezpečnostním rizikům a udrželi kontrolu nad typem nahrávaných souborů. Seznam oddělený čárkami. např. jpg, jpeg, gif, png, bmp, pdf>"
"Feedback Tab","Záložka zpětné vazby"
"Boost customer engagement by offering an easy-to-use feedback system. The feedback tab allows customers to submit inquiries or tickets directly from the website, improving accessibility to your support team.","Zvyšte zapojení zákazníků nabídkou snadno použitelného systému zpětné vazby. Záložka zpětné vazby umožňuje zákazníkům odesílat dotazy nebo tikety přímo z webu, čímž zlepšuje dostupnost vašeho týmu podpory."
"Enable Feedback Tab","Povolit záložku zpětné vazby"
"Activate the feedback tab on your website, making it easy for customers to submit support requests.","Aktivujte záložku zpětné vazby na vašem webu, čímž zákazníkům usnadníte odesílání požadavků na podporu."
"Assign to Department","Přiřadit k oddělení"
"Automatically assign feedback tab-generated tickets to a specific department, ensuring they reach the right team for quick resolution.","Automaticky přiřaďte tikety vygenerované ze záložky zpětné vazby konkrétnímu oddělení, čímž zajistíte, že se dostanou ke správnému týmu pro rychlé vyřešení."
"Tab Color","Barva záložky"
"Customize the feedback tab color to align with your brand, making it more visually appealing and noticeable.","Přizpůsobte barvu záložky zpětné vazby tak, aby odpovídala vaší značce, čímž ji učiníte vizuálně atraktivnější a výraznější."
"Tab Title","Název záložky"
"Set the title for the feedback tab, giving customers a clear call to action","Nastavte název pro záložku zpětné vazby, čímž zákazníkům dáte jasnou výzvu k akci"
"Tab Position","Pozice záložky"
"Choose where the feedback tab is displayed on the screen, ensuring it's easily accessible","Vyberte, kde se záložka zpětné vazby zobrazuje na obrazovce, aby byla snadno přístupná"
"Search Knowledge Base Topics first","Nejprve hledat v tématech znalostní báze"
"Allow the feedback tab to suggest knowledge base topics before showing the form, helping reduce support ticket volume by guiding customers to self-help resources.","Povolte záložce zpětné vazby navrhovat témata znalostní báze před zobrazením formuláře, čímž pomůže snížit objem tiketů podpory tím, že zákazníky nasměruje na zdroje samoobsluhy."
"Form Fields","Pole formuláře"
"Tailor the feedback submission forms to collect the right information from customers. This section lets you customize form fields and improve the accuracy of the information gathered from customers, enhancing the quality of support requests.","Přizpůsobte formuláře pro odesílání zpětné vazby, abyste shromáždili správné informace od zákazníků. Tato sekce vám umožňuje přizpůsobit pole formuláře a zlepšit přesnost informací získaných od zákazníků, čímž zvyšuje kvalitu požadavků na podporu."
"Form Title","Název formuláře"
"Set a title for the feedback form to provide context and guide customers on what to expect.","Nastavte název pro formulář zpětné vazby pro poskytnutí kontextu a vedení zákazníků o tom, co očekávat."
"Subject Title","Název předmětu"
"Label the subject field to ensure customers provide a brief overview of their issue.","Označte pole předmětu, abyste zajistili, že zákazníci poskytnou stručný přehled o svém problému."
"Subject Placeholder","Zástupný text předmětu"
"Placeholder text displayed inside the subject input field that provides guidance on what kind of information the customer should enter.","Zástupný text zobrazený uvnitř vstupního pole předmětu, který poskytuje pokyny, jaký druh informací by měl zákazník zadat."
"Description Title","Název popisu"
"Label the description field to prompt customers to provide more details about their inquiry.","Označte pole popisu, abyste vyzvali zákazníky k poskytnutí podrobnějších informací o jejich dotazu."
"Description Placeholder","Zástupný text popisu"
"Add helpful placeholder text to guide customers in providing relevant information.","Přidejte užitečný zástupný text pro vedení zákazníků při poskytování relevantních informací."
"Allow customer to attach files","Povolit zákazníkovi připojit soubory"
"Enables the option for customers to upload files (e.g., screenshots or documents) with their feedback or support request providing additional context or supporting materials for their issue.","Umožňuje zákazníkům nahrávat soubory (např. snímky obrazovky nebo dokumenty) se svou zpětnou vazbou nebo požadavkem na podporu, čímž poskytuje další kontext nebo podpůrné materiály pro jejich problém."
"Allow customers to select Priority","Povolit zákazníkům vybrat prioritu"
"Gives customers the ability to set the priority of their feedback or ticket that can help the support team to prioritize urgent requests over less critical ones.","Dává zákazníkům možnost nastavit prioritu jejich zpětné vazby nebo tiketu, což může pomoci týmu podpory upřednostnit naléhavé požadavky před méně kritickými."
"Allow customer to select Department","Povolit zákazníkovi vybrat oddělení"
"Allows customers to choose the department their request should be sent to. This ensures that inquiries are routed to the correct team for faster handling.","Umožňuje zákazníkům vybrat si oddělení, kterému by měl být jejich požadavek odeslán. To zajišťuje, že dotazy jsou směrovány ke správnému týmu pro rychlejší zpracování."
"Improve customer experience by integrating helpdesk functionality into the customer’s account. This section helps you enable features like tracking ticket status, prioritizing requests, and allowing file attachments, making the support process more user-friendly.","Vylepšete zákaznický zážitek integrací funkčnosti helpdesku do účtu zákazníka. Tato sekce vám pomáhá povolit funkce jako sledování stavu tiketu, prioritizace požadavků a povolení příloh souborů, čímž činí proces podpory uživatelsky přívětivějším."
"Show the Help Desk section in the Customer Account","Zobrazit sekci helpdesku v zákaznickém účtu"
"Display a Help Desk section in the customer’s account, making it easy for customers to submit and track their support tickets directly from their account dashboard.","Zobrazte sekci helpdesku v účtu zákazníka, čímž zákazníkům usnadníte odesílání a sledování jejich tiketů podpory přímo z dashboardu účtu."
"Show Help Desk link in customer menu","Zobrazit odkaz na helpdesk v zákaznickém menu"
"Add a Help Desk link in the customer's dropdown menu for quick access to the support page, ensuring customers can easily find the help they need.","Přidejte odkaz na helpdesk do rozbalovacího menu zákazníka pro rychlý přístup ke stránce podpory, čímž zajistíte, že zákazníci snadno najdou pomoc, kterou potřebují."
"Let customers the ability to set the priority of the ticket that can help the support team to prioritize urgent requests over less critical ones.","Dejte zákazníkům možnost nastavit prioritu tiketu, což může pomoci týmu podpory upřednostnit naléhavé požadavky před méně kritickými."
"Allow customer to select Order","Povolit zákazníkovi vybrat objednávku"
"Allows customers to link their support tickets to particular orders they have placed, helping support staff to address issues more efficiently.","Umožňuje zákazníkům propojit jejich tikety podpory s konkrétními objednávkami, které zadali, čímž pomáhá zaměstnancům podpory efektivněji řešit problémy."
"When enabled, customers can upload files with their ticket submissions, providing additional context or supporting materials for their issue.","Pokud je povoleno, zákazníci mohou nahrávat soubory s odesláním svých tiketů, čímž poskytují další kontext nebo podpůrné materiály pro svůj problém."
"Customer Satisfaction Survey","Průzkum spokojenosti zákazníků"
"Gain valuable insights into customer satisfaction with your support. This section allows you to include surveys in your communications and view the results, helping you continually improve your service based on real feedback.","Získejte cenné poznatky o spokojenosti zákazníků s vaší podporou. Tato sekce vám umožňuje zahrnout průzkumy do vaší komunikace a zobrazit výsledky, čímž vám pomůže neustále zlepšovat vaše služby na základě skutečné zpětné vazby."
"Include a satisfaction survey in the reply email from staff members","Zahrnout průzkum spokojenosti do odpovědního e-mailu od zaměstnanců"
"Automatically include a satisfaction survey in staff reply emails to encourage feedback and measure customer satisfaction with the support they received.","Automaticky zahrnout průzkum spokojenosti do odpovědních e-mailů zaměstnanců pro povzbuzení zpětné vazby a měření spokojenosti zákazníků s obdrženou podporou."
"Show survey results in the frontend ticket history","Zobrazit výsledky průzkumu v historii tiketu na frontendu"
"Allow customers to view their survey ratings in the ticket history within their account, giving them transparency on how they rated their interaction with support.","Umožněte zákazníkům zobrazit jejich hodnocení průzkumu v historii tiketu v rámci jejich účtu, čímž jim poskytnete transparentnost ohledně toho, jak hodnotili svou interakci s podporou."
"Show survey results in the backend ticket history","Zobrazit výsledky průzkumu v historii tiketu v administraci"
"Provide support staff access to customer satisfaction ratings in the backend, allowing them to review and address feedback for service improvement.","Poskytněte zaměstnancům podpory přístup k hodnocením spokojenosti zákazníků v administraci, což jim umožní kontrolovat a řešit zpětnou vazbu pro zlepšení služeb."
"Send survey results to the ticket owner","Odeslat výsledky průzkumu vlastníkovi tiketu"
"Notify the assigned staff member when a customer submits a satisfaction survey, giving them the opportunity to review their performance.","Upozornit přiřazeného zaměstnance, když zákazník odešle průzkum spokojenosti, čímž mu poskytne možnost zhodnotit svůj výkon."
"Send survey results to emails","Odeslat výsledky průzkumu na e-maily"
"Automatically send customer satisfaction survey results to designated email addresses (e.g., managers) for analysis and performance tracking. You can enter multiple emails separated by a comma.","Automaticky odesílat výsledky průzkumu spokojenosti zákazníků na určené e-mailové adresy (např. manažerům) pro analýzu a sledování výkonu. Můžete zadat více e-mailů oddělených čárkou."
"Email Notification Settings","Nastavení e-mailových oznámení"
"Ensure efficient communication between your support team and customers by configuring how and when email notifications are sent. This section helps automate key touchpoints, keeping all parties informed about ticket statuses.","Zajistěte efektivní komunikaci mezi vaším týmem podpory a zákazníky konfigurací toho, jak a kdy jsou odesílána e-mailová oznámení. Tato sekce pomáhá automatizovat klíčové kontaktní body, čímž drží všechny strany informované o stavech tiketů."
"Show Ticket ID in the email title","Zobrazit ID tiketu v názvu e-mailu"
"Include the ticket ID in the subject line of helpdesk-related emails, making it easy for both customers and staff to reference specific tickets in ongoing conversations.","Zahrnout ID tiketu do předmětu e-mailů souvisejících s helpdeskem, čímž zákazníkům i zaměstnancům usnadníte odkazování na konkrétní tikety v probíhajících konverzacích."
"Add customers Cc emails to the ticket","Přidat e-maily zákazníků v Cc do tiketu"
"When enabled will automatically add additional email recipients (Cc) to the ticket from the fetched email. If option is enabled spam Cc email are possible.","Pokud je povoleno, automaticky přidá další příjemce e-mailu (Cc) k tiketu z načteného e-mailu. Pokud je možnost povolena, mohou se objevit spamové Cc e-maily."
"Number of last replies to be shown in the ticket history","Počet posledních odpovědí, které mají být zobrazeny v historii tiketu"
"Control how many recent replies are displayed in the ticket history within email notifications, providing context without overwhelming the recipient with too much information.","Kontrolujte, kolik nedávných odpovědí je zobrazeno v historii tiketu v e-mailových oznámeních, čímž poskytujete kontext bez zahlcení příjemce příliš mnoha informacemi."
"Email Notification Templates","Šablony e-mailových oznámení"
"Streamline your email communication with customers and staff by setting notification templates. This section ensures that each email interaction is consistent and professional, keeping everyone aligned with support activities.","Zjednodušte e-mailovou komunikaci se zákazníky a zaměstnanci nastavením šablon oznámení. Tato sekce zajišťuje, že každá e-mailová interakce je konzistentní a profesionální, čímž drží všechny v souladu s aktivitami podpory."
"Template of New Ticket Email for Customer","Šablona e-mailu o novém tiketu pro zákazníka"
"Set the email template that notifies customers when a new ticket is created, ensuring consistent branding and communication.","Nastavte e-mailovou šablonu, která upozorňuje zákazníky, když je vytvořen nový tiket, čímž zajišťuje konzistentní branding a komunikaci."
"Template of New Ticket Email for Staff","Šablona e-mailu o novém tiketu pro zaměstnance"
"Set the template for the email notifying staff about new tickets, ensuring timely alerts and a professional look.","Nastavte šablonu pro e-mail upozorňující zaměstnance na nové tikety, čímž zajistíte včasná upozornění a profesionální vzhled."
"Template of Ticket Email Assigned to Staff","Šablona e-mailu o tiketu přiřazeném zaměstnanci"
"Set the email template used when a ticket is assigned to a staff member, ensuring they are informed of their new task promptly.","Nastavte e-mailovou šablonu používanou, když je tiket přiřazen zaměstnanci, čímž zajistíte, že je rychle informován o své nové úloze."
"Template of New Message Email for Customer","Šablona e-mailu o nové zprávě pro zákazníka"
"Set the template for emails that update customers when a new message is posted to their ticket, ensuring they stay informed about progress.","Nastavte šablonu pro e-maily, které aktualizují zákazníky, když je k jejich tiketu přidána nová zpráva, čímž zajistíte, že zůstanou informováni o průběhu."
"Template of New Message Email for Staff","Šablona e-mailu o nové zprávě pro zaměstnance"
"Set the template to alert staff when a customer responds, ensuring timely follow-ups.","Nastavte šablonu pro upozornění zaměstnanců, když zákazník odpoví, čímž zajistíte včasné navazování."
"Template of New Message Email for Third Party","Šablona e-mailu o nové zprávě pro třetí stranu"
"Set the template for notifying third-party collaborators, ensuring external stakeholders stay updated on the ticket progress.","Nastavte šablonu pro upozornění spolupracovníků třetí strany, čímž zajistíte, že externí zúčastněné strany zůstanou informované o průběhu tiketu."
"Template of Ticket Reminder","Šablona připomínky tiketu"
"Set the template for reminder emails, prompting customers to follow up on unresolved tickets.","Nastavte šablonu pro připomínkové e-maily, které vyzývají zákazníky k navázání na nevyřešené tikety."
"Template of Rule Notification","Šablona oznámení pravidla"
"Set a rule-specific template for automated emails sent via helpdesk workflow rules, ensuring consistency in communications.","Nastavte šablonu specifickou pro pravidlo pro automatizované e-maily odesílané prostřednictvím pravidel workflow helpdesku, čímž zajistíte konzistenci v komunikaci."
"Template of Survey Satisfaction Result","Šablona výsledku průzkumu spokojenosti"
"Set the template used to send staff survey feedback results, providing insights into customer satisfaction.","Nastavte šablonu používanou pro odeslání výsledků průzkumu zpětné vazby zaměstnancům, čímž poskytnete poznatky o spokojenosti zákazníků."
"Desktop Notification Settings","Nastavení oznámení na ploše"
"Keep your staff informed in real time with desktop notifications about new tickets and updates. This section enables instant awareness of new tasks, helping the support team act quickly and stay organized.","Mějte své zaměstnance informované v reálném čase pomocí oznámení na ploše o nových tiketech a aktualizacích. Tato sekce umožňuje okamžité povědomí o nových úkolech, čímž pomáhá týmu podpory rychle jednat a zůstat organizovaný."
"Notifications check period, sec","Perioda kontroly oznámení, sek"
"On heavy-loaded systems, this can cause production loss - so in this case, you need to disable this feature, or increase the check period to 500-600 secs. Setting to 0 will disable them.","Na silně zatížených systémech to může způsobit ztrátu produkce - takže v tomto případě je potřeba tuto funkci zakázat nebo zvýšit periodu kontroly na 500-600 sekund. Nastavení na 0 je zakáže."
"Adjusting the frequency helps staff stay updated in real-time, ensuring timely follow-ups.","Úprava frekvence pomáhá zaměstnancům zůstat aktualizovaní v reálném čase, čímž zajišťuje včasné navazování."
"Show notification about arrival of new tickets for","Zobrazit oznámení o příchodu nových tiketů pro"
"Allows you to specify which users should receive notifications about the arrival of new tickets, ensuring the right team members are alerted promptly.","Umožňuje vám určit, kteří uživatelé by měli dostávat oznámení o příchodu nových tiketů, čímž zajišťuje, že správní členové týmu jsou rychle upozorněni."
"Enable notification about arrival of new messages in tickets assigned for user","Povolit oznámení o příchodu nových zpráv v tiketech přiřazených uživateli"
"Notifies users about a new message is added to any ticket that they are assigned to, helping them stay informed on ticket updates.","Upozorňuje uživatele, že je přidána nová zpráva k jakémukoli tiketu, ke kterému jsou přiřazeni, čímž jim pomáhá zůstat informovaní o aktualizacích tiketů."
"Enable notification about assigning a ticket to the user","Povolit oznámení o přiřazení tiketu uživateli"
"Sends a notification to users when a ticket is assigned to them, ensuring they are aware of their new responsibilities.","Odešle uživatelům oznámení, když je jim přiřazen tiket, čímž zajistí, že si jsou vědomi svých nových povinností."
"Set clear expectations for customers by displaying your business hours. This section helps customers know when they can expect support availability, enhancing the overall customer experience and ensuring timely responses.","Stanovte jasná očekávání pro zákazníky zobrazením vaší pracovní doby. Tato sekce pomáhá zákazníkům vědět, kdy mohou očekávat dostupnost podpory, čímž zlepšuje celkový zákaznický zážitek a zajišťuje včasné odpovědi."
"Working schedule title","Název pracovního rozvrhu"
"Customize the title for the working hours section on the 'Contact Us' page, ensuring customers know when your team is available.","Přizpůsobte název pro sekci pracovní doby na stránce 'Kontaktujte nás', čímž zajistíte, že zákazníci vědí, kdy je váš tým k dispozici."
"Upcoming working schedule title","Název nadcházejícího pracovního rozvrhu"
"Add a title for upcoming business hours, providing customers with clear information on future availability.","Přidejte název pro nadcházející pracovní dobu, čímž zákazníkům poskytnete jasné informace o budoucí dostupnosti."
"Default message when we are open","Výchozí zpráva, když máme otevřeno"
"Can be overwritten for each schedule in Customers > Help Desk MX > Working Hours.  This allows you to provide customized messages for different time periods or scenarios, depending on the specific schedule of your support team.","Lze přepsat pro každý rozvrh v Zákazníci > Help Desk MX > Pracovní doba. To vám umožňuje poskytovat přizpůsobené zprávy pro různá časová období nebo scénáře, v závislosti na konkrétním rozvrhu vašeho týmu podpory."
"Set a default message to display when the helpdesk is open, encouraging customers to reach out during business hours.","Nastavte výchozí zprávu pro zobrazení, když je helpdesk otevřený, čímž povzbudíte zákazníky, aby se ozvali během pracovní doby."
"Default message when we are closed","Výchozí zpráva, když máme zavřeno"
"Define the message displayed when the helpdesk is closed managing customer expectations during off-hours.","Definujte zprávu zobrazenou, když je helpdesk uzavřen, čímž řídíte očekávání zákazníků mimo pracovní dobu."
"Show online/offline status on the Contact Us page","Zobrazit stav online/offline na stránce Kontaktujte nás"
"Display the status on the Contact Us page that can help manage customer expectations about when support is available.","Zobrazte stav na stránce Kontaktujte nás, který může pomoci řídit očekávání zákazníků ohledně toho, kdy je podpora k dispozici."
"Show online/offline status in the Feedback popup","Zobrazit stav online/offline ve vyskakovacím okně Zpětná vazba"
"Display the status in the Feedback popup that can be useful for informing customers about availability before submitting a request or feedback.","Zobrazte stav ve vyskakovacím okně Zpětná vazba, který může být užitečný pro informování zákazníků o dostupnosti před odesláním požadavku nebo zpětné vazby."
"Show online/offline status in the Customer Account > My Tickets","Zobrazit stav online/offline v Zákaznický účet > Moje tikety"
"Display the status in the My Tickets section of the customer's account. This help customers know whether they can expect a prompt response to their support ticket.","Zobrazte stav v sekci Moje tikety v účtu zákazníka. To pomůže zákazníkům vědět, zda mohou očekávat rychlou odpověď na svůj tiket podpory."
"Show working hours on the Contact Us page","Zobrazit pracovní dobu na stránce Kontaktujte nás"
"Display the status on the Contact Us page to give customers a clear idea of when you are available for support","Zobrazte stav na stránce Kontaktujte nás, abyste zákazníkům poskytli jasnou představu o tom, kdy jste k dispozici pro podporu"
"Show holiday schedule in X days before activation","Zobrazit svátkový rozvrh X dní před aktivací"
"Specifies how many days in advance your holiday schedule will be displayed to customers to ensure that customers are informed about upcoming holiday hours before they take effect","Určuje, kolik dní předem bude váš svátkový rozvrh zobrazen zákazníkům, aby se zajistilo, že zákazníci jsou informováni o nadcházejících svátečních hodinách předtím, než vstoupí v platnost"
"Track the performance of your helpdesk with reporting on solved tickets. This section allows you to define which ticket statuses are considered solved, helping you monitor team efficiency and customer service success.","Sledujte výkon vašeho helpdesku pomocí reportingu o vyřešených tiketech. Tato sekce vám umožňuje definovat, které stavy tiketů jsou považovány za vyřešené, čímž vám pomáhá monitorovat efektivitu týmu a úspěch zákaznického servisu."
"Solved Statuses","Vyřešené stavy"
"Developer Settings","Nastavení pro vývojáře"
"Optimize the technical aspects of the helpdesk system with developer-specific options. This section helps in testing, debugging, and customizing the module to suit your website's infrastructure without disrupting live operations.","Optimalizujte technické aspekty systému helpdesku pomocí možností specifických pro vývojáře. Tato sekce pomáhá při testování, ladění a přizpůsobování modulu tak, aby vyhovoval infrastruktuře vašeho webu bez narušení živých operací."
"Activate Sandbox","Aktivovat sandbox"
"Enable sandbox mode to test the helpdesk system without affecting live data. All emails will be redirected to the sandbox email, preventing disruptions to real customer interactions.","Povolit režim sandboxu pro testování systému helpdesku bez ovlivnění živých dat. Všechny e-maily budou přesměrovány na sandbox e-mail, čímž se zabrání narušení skutečných interakcí se zákazníky."
"Send All Outgoing emails to Email","Odeslat všechny odchozí e-maily na e-mail"
"Set an email address to receive all outgoing emails in sandbox mode, ensuring a controlled environment for testing email templates and notifications.","Nastavte e-mailovou adresu pro přijímání všech odchozích e-mailů v režimu sandbox, čímž zajistíte kontrolované prostředí pro testování e-mailových šablon a oznámení."
"Force store's theme to apply styles","Vynutit, aby motiv obchodu aplikoval styly"
"If theme overrides Magento way of including style this option will add Help Desk styles to page","Pokud motiv přepisuje způsob Magento pro zahrnutí stylů, tato možnost přidá styly helpdesku ke stránce"
"Log ticket deletion","Logovat smazání tiketu"
"Keep a log of deleted tickets to track deletions and maintain a record for audit or recovery purposes, stored in the /var/log/mirasvit/helpdesk.log file.","Vést log smazaných tiketů pro sledování mazání a udržování záznamu pro účely auditu nebo obnovy, uložený v souboru /var/log/mirasvit/helpdesk.log."
"Help Text","Text nápovědy"
"Add customizable help text that appears under the title on the 'Contact Us' page and Feedback tab, providing customers with clear guidance on how to submit a support request.","Přidejte přizpůsobitelný text nápovědy, který se zobrazí pod názvem na stránce 'Kontaktujte nás' a v záložce Zpětná vazba, čímž zákazníkům poskytne jasné pokyny, jak odeslat požadavek na podporu."
"Show customer the local time in backend","Zobrazit zákazníkovi místní čas v administraci"
"Display the customer’s local time in the backend to help support staff understand when the customer submitted the ticket, providing context for time-sensitive issues.","Zobrazte místní čas zákazníka v administraci, abyste zaměstnancům podpory pomohli pochopit, kdy zákazník tiket odeslal, čímž poskytnete kontext pro časově citlivé problémy."
"Enable Google reCaptcha","Povolit Google reCaptcha"
"Activate Google reCaptcha on Helpdesk pages to prevent spam and bots from submitting fraudulent tickets. Configuration for reCaptcha settings is available in Configuration > Security > Google reCaptcha.","Aktivujte Google reCaptcha na stránkách helpdesku, abyste zabránili spamu a botům v odesílání podvodných tiketů. Konfigurace pro nastavení reCaptcha je k dispozici v Konfigurace > Zabezpečení > Google reCaptcha."
"Helpdesk Contact Form","Kontaktní formulář helpdesku"
"Helpdesk Satisfaction Block","Blok spokojenosti helpdesku"
"Satisfaction List Url","URL seznamu spokojenosti"
"Helpdesk Satisfaction List","Seznam spokojenosti helpdesku"
"All Store Views","Všechny pohledy obchodu"
"Purchased From","Zakoupeno z"
"Replies #","Počet odpovědí"
"Created","Vytvořeno"
"Modified","Upraveno"
"Title","Název"
"Active","Aktivní"
"Is Shown on Frontend","Zobrazuje se na frontendu"
"Sort Order","Pořadí řazení"
"Sender Email","E-mail odesílatele"
"Members of Department","Členové oddělení"
"Notification","Oznámení"
"If ticket is unassigned, send notifications to all department members","Pokud je tiket nepřiřazený, odeslat oznámení všem členům oddělení"
"If ticket is unassigned, send notifications to email","Pokud je tiket nepřiřazený, odeslat oznámení na e-mail"
"Code","Kód"
"Internal field. Can contain only letters, digits and underscore.","Interní pole. Může obsahovat pouze písmena, číslice a podtržítko."
"Type","Typ"
"Description","Popis"
"Options list","Seznam možností"
"Only for drop-down list. Enter each value from the new line using format:<br>value1 | label1<br>value2 | label2","Pouze pro rozbalovací seznam. Zadejte každou hodnotu z nového řádku ve formátu:<br>value1 | label1<br>value2 | label2"
"Show value in customer account","Zobrazit hodnotu v zákaznickém účtu"
"Show in create ticket form","Zobrazit ve formuláři vytvoření tiketu"
"Show in contact us form","Zobrazit ve formuláři Kontaktujte nás"
"Required for customers","Povinné pro zákazníky"
"Required for staff","Povinné pro zaměstnance"
"Authorization Type","Typ autorizace"
"OAuth2 Client ID","OAuth2 Client ID"
"OAuth2 Client Secret","OAuth2 Client Secret"
"OAuth2 Redirect URI","OAuth2 Redirect URI"
"Use this URL when configuring OAuth2 credentials in Google Cloud Console","Použijte tuto URL při konfiguraci přihlašovacích údajů OAuth2 v Google Cloud Console"
"Gmail Connection","Připojení Gmail"
"Connection Status","Stav připojení"
"Login","Přihlášení"
"Password","Heslo"
"Host","Hostitel"
"Protocol","Protokol"
"Encryption","Šifrování"
"Port","Port"
"Fetch Frequency (minutes)","Frekvence načítání (minuty)"
"Fetch Max","Maximum načítání"
"Fetch Only X Last Emails","Načíst pouze posledních X e-mailů"
"Can be useful for some mailboxes. Leave empty to disable this feature.","Může být užitečné pro některé poštovní schránky. Ponechte prázdné pro zakázání této funkce."
"Remove emails after fetching","Odstranit e-maily po načtení"
"Auto-assign tickets to Store View","Automaticky přiřadit tikety k pohledu obchodu"
"Auto-assign tickets to department","Automaticky přiřadit tikety k oddělení"
"Notes","Poznámky"
"Create New Department","Vytvořit nové oddělení"
"Change status","Změnit stav"
"Inactive","Neaktivní"
"Delete items","Smazat položky"
"Are you sure you want to delete selected items?","Opravdu chcete smazat vybrané položky?"
"Is Active","Je aktivní"
"Create New Field","Vytvořit nové pole"
"Create New Gateway","Vytvořit novou bránu"
"Last Fetched At","Naposledy načteno"
"Last Fetch Result","Výsledek posledního načtení"
"Create New Pattern","Vytvořit nový vzor"
"Create New Permission","Vytvořit nové oprávnění"
"Role","Role"
"Has Access to Tickets of Departments","Má přístup k tiketům oddělení"
"Can Remove Tickets","Může odstraňovat tikety"
"Create New Priority","Vytvořit novou prioritu"
"Color","Barva"
"Create New Rule","Vytvořit nové pravidlo"
"Stop Processing","Zastavit zpracování"
"Remote Ip","Vzdálená IP"
"View Ticket","Zobrazit tiket"
"Create New Schedule","Vytvořit nový rozvrh"
"Holiday","Svátek"
"Active From","Aktivní od"
"Active To","Aktivní do"
"Create New Status","Vytvořit nový stav"
"Create New Template","Vytvořit novou šablonu"
"Select...","Vyberte..."
"Mark as Spam","Označit jako spam"
"Mark as Archive","Označit jako archiv"
"Merge tickets","Sloučit tikety"
"Mark as Inbox","Označit jako Doručená pošta"
"Change Assignee","Změnit přiřazeného"
"Requester","Žadatel"
"Requester Email","E-mail žadatele"
"Scope","Rozsah"
"If one of these characters uses as part of the string it should be escaped with \(backslash ): . \ + * ? [ ^ ] $ ( ) { } = ! < > | : - #. The pattern should be enclosed by delimiters.","Pokud je jeden z těchto znaků použit jako součást řetězce, měl by být escapován pomocí \(zpětné lomítko): . \ + * ? [ ^ ] $ ( ) { } = ! < > | : - #. Vzor by měl být uzavřen oddělovači."
"Allows access to tickets of departments","Povoluje přístup k tiketům oddělení"
"Can Delete Tickets","Může mazat tikety"
"Rule Name","Název pravidla"
"Arranged in the ascending order. 0 is the highest.","Seřazeno ve vzestupném pořadí. 0 je nejvyšší."
"Stop Further Rules Processing","Zastavit zpracování dalších pravidel"
"Conditions","Podmínky"
"Event","Událost"
"Actions","Akce"
"Set Status","Nastavit stav"
"Set Priority","Nastavit prioritu"
"Set Department","Nastavit oddělení"
"Set Owner","Nastavit vlastníka"
"Add Tags","Přidat štítky"
"Remove Tags","Odstranit štítky"
"Notifications","Oznámení"
"Send email to ticket owner","Odeslat e-mail vlastníkovi tiketu"
"Send email to all department users","Odeslat e-mail všem uživatelům oddělení"
"Send email to customer","Odeslat e-mail zákazníkovi"
"Send email to other email addresses","Odeslat e-mail na jiné e-mailové adresy"
"Email subject","Předmět e-mailu"
"Email Body","Tělo e-mailu"
"Attach files previously attached to the last message","Připojit soubory dříve připojené k poslední zprávě"
"Stores","Obchody"
"Is Holiday","Je svátek"
"Timezone","Časové pásmo"
"Open message","Zpráva při otevření"
"Closed message","Zpráva při uzavření"
"Internal Title","Interní název"
"Template","Šablona"
"Request ID","ID požadavku"
"Admin or integration authorization is required.","Je vyžadována autorizace administrátora nebo integrace."
"Internal notes require an admin identity and cannot be added with an integration token.","Interní poznámky vyžadují identitu administrátora a nelze je přidat pomocí integračního tokenu."
"OAuth2 (Microsoft 365 / Exchange Online)","OAuth2 (Microsoft 365 / Exchange Online)"
"Microsoft Directory (tenant) ID","ID adresáře Microsoft (tenant)"
"Azure AD Directory (tenant) ID, from the Azure App registration Overview page. Leave empty to use ""common"".","ID adresáře Azure AD (tenant) ze stránky Overview registrace aplikace v Azure. Ponechte prázdné pro použití ""common""."
"Register this URL as the redirect URI in your OAuth2 app (Google Cloud Console for Gmail, or the Azure App Registration for Microsoft 365 / Exchange Online).","Zaregistrujte tuto URL jako redirect URI ve své aplikaci OAuth2 (Google Cloud Console pro Gmail nebo Azure App Registration pro Microsoft 365 / Exchange Online)."
"Mailbox Connection","Připojení schránky"
"Connect Mailbox","Připojit schránku"
"Click this button to authorize mailbox access via OAuth2","Kliknutím na toto tlačítko autorizujete přístup ke schránce přes OAuth2"
"Successfully connected the mailbox!","Schránka byla úspěšně připojena!"
"Gateway was successfully saved. Please click ""Connect"" to authorize the mailbox.","Brána byla úspěšně uložena. Kliknutím na ""Connect"" autorizujte schránku."
"Please save the gateway first before connecting the mailbox.","Před připojením schránky nejprve uložte bránu."
"How to obtain Gmail OAuth2 credentials","Jak získat přihlašovací údaje OAuth2 pro Gmail"
"Open the Google Cloud Console and create (or pick) a project.","Otevřete Google Cloud Console a vytvořte (nebo vyberte) projekt."
"Go to APIs & Services then Credentials, click Create Credentials and choose OAuth client ID (application type: Web application).","Přejděte do APIs & Services a poté Credentials, klikněte na Create Credentials a zvolte OAuth client ID (typ aplikace: Web application)."
"Open Google Cloud Console Credentials","Otevřít Google Cloud Console Credentials"
"Add the OAuth2 Redirect URI shown below to the Authorized redirect URIs list.","Přidejte níže zobrazenou OAuth2 Redirect URI do seznamu Authorized redirect URIs."
"On the OAuth consent screen add the gmail.modify and userinfo.email scopes, then copy the generated Client ID and Client Secret into the fields below.","Na OAuth consent screen přidejte oprávnění gmail.modify a userinfo.email a poté zkopírujte vygenerované Client ID a Client Secret do polí níže."
"Open OAuth consent screen","Otevřít OAuth consent screen"
"How to obtain Microsoft 365 / Exchange Online OAuth2 credentials","Jak získat přihlašovací údaje OAuth2 pro Microsoft 365 / Exchange Online"
"Open the Azure portal and go to App registrations, then register a new application (supported account types as your tenant requires).","Otevřete portál Azure a přejděte do App registrations, poté zaregistrujte novou aplikaci (podporované typy účtů podle požadavků vašeho tenanta)."
"Open Azure App registrations","Otevřít Azure App registrations"
"Copy the Application (client) ID and the Directory (tenant) ID from the app Overview page into the fields below (leave tenant empty to use common).","Zkopírujte Application (client) ID a Directory (tenant) ID ze stránky Overview aplikace do polí níže (ponechte tenant prázdný pro použití common)."
"Under Certificates & secrets create a new client secret and copy its Value into the OAuth2 Client Secret field below.","V Certificates & secrets vytvořte nový client secret a zkopírujte jeho Value do pole OAuth2 Client Secret níže."
"Under Authentication add a Web platform and register the OAuth2 Redirect URI shown below exactly as displayed.","V Authentication přidejte platformu Web a zaregistrujte níže zobrazenou OAuth2 Redirect URI přesně tak, jak je zobrazena."
"Under API permissions add the delegated Office 365 Exchange Online IMAP.AccessAsUser.All and offline_access permissions, then grant admin consent.","V API permissions přidejte delegovaná oprávnění Office 365 Exchange Online IMAP.AccessAsUser.All a offline_access a poté udělte souhlas správce."
"For Gmail: the OAuth client ID from Google Cloud Console (APIs & Services then Credentials). For Microsoft 365: the Application (client) ID from the Azure App registration Overview page. See the steps above.","Pro Gmail: OAuth client ID z Google Cloud Console (APIs & Services a poté Credentials). Pro Microsoft 365: Application (client) ID ze stránky Overview registrace aplikace v Azure. Viz kroky výše."
"For Gmail: the client secret created alongside the OAuth client ID in Google Cloud Console. For Microsoft 365: the client secret Value from Certificates & secrets in the Azure App registration. See the steps above.","Pro Gmail: client secret vytvořený spolu s OAuth client ID v Google Cloud Console. Pro Microsoft 365: Value client secretu z Certificates & secrets v registraci aplikace v Azure. Viz kroky výše."
