"Help Desk Tickets (%1)","Tickets de soporte (%1)"
"Departments","Departamentos"
"Add New Department","Añadir nuevo departamento"
"Custom Fields","Campos personalizados"
"Add New Field","Añadir nuevo campo"
"Gateways","Pasarelas"
"Add New Gateway","Añadir nueva pasarela"
"Tickets","Tickets"
"Priorities","Prioridades"
"Statuses","Estados"
"Quick Responses","Respuestas rápidas"
"SPAM patterns","Patrones de SPAM"
"Permissions","Permisos"
"Workflow Rules","Reglas de flujo de trabajo"
"Satisfaction Survey Results","Resultados de la encuesta de satisfacción"
"Working Hours","Horario de trabajo"
"Reports","Informes"
"Refresh Statistics","Actualizar estadísticas"
"Settings","Configuración"
"Spam Filter Patterns","Patrones de filtro de spam"
"Add New Pattern","Añadir nuevo patrón"
"Add New Permission","Añadir nuevo permiso"
"Add New Priority","Añadir nueva prioridad"
"Add New Rule","Añadir nueva regla"
"Apply the rule only if the following conditions are met:","Aplicar la regla solo si se cumplen las siguientes condiciones:"
"Help Desk Tickets","Tickets de soporte"
"Create a ticket for this order","Crear un ticket para este pedido"
"Satisfaction Survey","Encuesta de satisfacción"
"Schedule","Horario"
"Add New Schedule","Añadir nuevo horario"
"General Information","Información general"
"Working days/hours","Días/horas laborables"
"Spam Folder","Carpeta de spam"
"Add New Status","Añadir nuevo estado"
"Add New Template","Añadir nueva plantilla"
"Create New Ticket","Crear nuevo ticket"
"Previous Ticket","Ticket anterior"
"Next Ticket","Ticket siguiente"
"Convert to RMA","Convertir a RMA"
"Save","Guardar"
"Save & Edit","Guardar y editar"
"To Archive","Archivar"
"To Spam","A spam"
"Delete","Eliminar"
"Are you sure you want to do this?","¿Está seguro de que desea hacer esto?"
"To Inbox","A la bandeja de entrada"
"Additional Information","Información adicional"
"Subject","Asunto"
"Store View","Vista de tienda"
"Channel","Canal"
"open page","abrir página"
"External Link","Enlace externo"
"Tags","Etiquetas"
"comma-separated list","lista separada por comas"
"Customer Note","Nota del cliente"
"This field is shared for all of this customer's tickets.","Este campo se comparte para todos los tickets de este cliente."
"Follow Up","Seguimiento"
"Period","Período"
"Period Value","Valor del período"
"Execute At","Ejecutar el"
"Send Reminder","Enviar recordatorio"
"Set Status To","Establecer estado a"
"Set Priority To","Establecer prioridad a"
"Set Owner To","Establecer propietario a"
"Unassigned","Sin asignar"
"Loading...","Cargando..."
"%1, %2","%1, %2"
"Select a store","Seleccionar una tienda"
"Store","Tienda"
"General","General"
"Additional","Adicional"
"Other Tickets (%1)","Otros tickets (%1)"
"ID","ID"
"Customer Name","Nombre del cliente"
"Last Replier","Último en responder"
"Owner","Propietario"
"Department","Departamento"
"Status","Estado"
"Priority","Prioridad"
"Replies","Respuestas"
"Created At","Creado el"
"Updated At","Actualizado el"
"Last Reply At","Última respuesta el"
"Last Activity","Última actividad"
"Action","Acción"
"View","Ver"
"Change Status","Cambiar estado"
"Change Owner","Cambiar propietario"
"Merge","Fusionar"
"Are you sure you want to proceed? This action is not reversible.","¿Está seguro de que desea continuar? Esta acción no se puede deshacer."
"Archive","Archivo"
"Are you sure?","¿Está seguro?"
"Mark as spam","Marcar como spam"
"Add Ticket","Añadir ticket"
"Help Desk","Soporte"
"Help Desk Settings","Configuración de soporte"
"Signature for Emails","Firma para correos electrónicos"
"Thank you","Gracias"
"Processing Rate","Tasa de procesamiento"
"Create Ticket","Crear ticket"
"[%1] %2","[%1] %2"
"You are not allowed to add the message to the current ticket as it is locked. To contact support team you should create a new ticket.","No puede añadir el mensaje al ticket actual porque está bloqueado. Para contactar con el equipo de soporte, debe crear un nuevo ticket."
"--/--/--","--/--/--"
"unlocked","desbloqueado"
"locked","bloqueado"
"New Department","Nuevo departamento"
"Department  Manager","Gestor de departamentos"
"Department Manager","Gestor de departamentos"
"Add Department","Añadir departamento"
"Add Department","Añadir departamento"
"Department was successfully deleted","El departamento se eliminó correctamente"
"Edit Department '%1'","Editar departamento '%1'"
"Edit Department","Editar departamento"
"The Department does not exist.","El departamento no existe."
"Department was successfully saved","El departamento se guardó correctamente"
"Unable to find Department to save","No se pudo encontrar el departamento para guardar"
"Wrong request.","Solicitud incorrecta."
"This ticket does not exist anymore.","Este ticket ya no existe."
"New Field","Nuevo campo"
"Field  Manager","Gestor de campos"
"Field Manager","Gestor de campos"
"Add Field","Añadir campo"
"Add Field","Añadir campo"
"Field was successfully deleted","El campo se eliminó correctamente"
"Edit Field '%1'","Editar campo '%1'"
"Edit Field","Editar campo"
"The Field does not exist.","El campo no existe."
"Field with the same code already exists","Ya existe un campo con el mismo código"
"Field was successfully saved","El campo se guardó correctamente"
"Unable to find Field to save","No se pudo encontrar el campo para guardar"
"Please, ask your hosting provider to enable the IMAP extension in PHP configuration of your server. Otherwise, helpdesk will not be able to fetch emails.","Solicite a su proveedor de hosting que habilite la extensión IMAP en la configuración de PHP de su servidor. De lo contrario, el helpdesk no podrá obtener los correos electrónicos."
"New Gateway","Nueva pasarela"
"Gateway  Manager","Gestor de pasarelas"
"Gateway Manager","Gestor de pasarelas"
"Add Gateway","Añadir pasarela"
"Add Gateway","Añadir pasarela"
"done","hecho"
"Gateway was successfully deleted","La pasarela se eliminó correctamente"
"Edit Gateway '%1'","Editar pasarela '%1'"
"Edit Gateway","Editar pasarela"
"The Gateway does not exist.","La pasarela no existe."
"OAuth2 authorization failed: %1","La autorización OAuth2 falló: %1"
"Invalid OAuth2 callback parameters.","Parámetros de callback OAuth2 no válidos."
"Invalid state parameter.","Parámetro de estado no válido."
"CSRF token validation failed.","La validación del token CSRF falló."
"Gateway not found.","Pasarela no encontrada."
"Connected","Conectado"
"Connected to %1","Conectado a %1"
"No email connected","Ningún correo electrónico conectado"
"Successfully connected to Gmail!","¡Conectado correctamente a Gmail!"
"Failed to obtain access token.","No se pudo obtener el token de acceso."
"OAuth2 token exchange failed: %1","El intercambio de token OAuth2 falló: %1"
"Gateway ID is required.","Se requiere el ID de la pasarela."
"Please configure OAuth2 Client ID and Secret first.","Configure primero el ID y el secreto de cliente OAuth2."
"Gateway was successfully saved. Please click ""Connect to Gmail"" to authorize.","La pasarela se guardó correctamente. Haga clic en ""Conectar con Gmail"" para autorizar."
"Gateway was successfully saved. Connection has been established.","La pasarela se guardó correctamente. Se ha establecido la conexión."
"Unable to find Gateway to save","No se pudo encontrar la pasarela para guardar"
"A total of %1 record(s) have been updated.","Se ha(n) actualizado un total de %1 registro(s)."
"A total of %1 record(s) have been deleted.","Se ha(n) eliminado un total de %1 registro(s)."
"New Pattern","Nuevo patrón"
"Pattern  Manager","Gestor de patrones"
"Pattern Manager","Gestor de patrones"
"Add Pattern","Añadir patrón"
"Add Pattern","Añadir patrón"
"Pattern was successfully deleted","El patrón se eliminó correctamente"
"Edit Pattern '%1'","Editar patrón '%1'"
"Edit Pattern","Editar patrón"
"The Pattern does not exist.","El patrón no existe."
"Pattern was successfully saved","El patrón se guardó correctamente"
"You have written an incorrect pattern","Ha escrito un patrón incorrecto"
"Unable to find Pattern to save","No se pudo encontrar el patrón para guardar"
"New Permission","Nuevo permiso"
"Permission  Manager","Gestor de permisos"
"Permission Manager","Gestor de permisos"
"Add Permission","Añadir permiso"
"Add Permission","Añadir permiso"
"Permission was successfully deleted","El permiso se eliminó correctamente"
"Edit Permission","Editar permiso"
"Edit Permission","Editar permiso"
"Permission does not exist.","El permiso no existe."
"Permission was successfully saved","El permiso se guardó correctamente"
"Unable to find Permission to save","No se pudo encontrar el permiso para guardar"
"New Priority","Nueva prioridad"
"Priority  Manager","Gestor de prioridades"
"Priority Manager","Gestor de prioridades"
"Add Priority","Añadir prioridad"
"Add Priority","Añadir prioridad"
"Priority was successfully deleted","La prioridad se eliminó correctamente"
"Edit Priority '%1'","Editar prioridad '%1'"
"Edit Priority","Editar prioridad"
"The Priority does not exist.","La prioridad no existe."
"Priority was successfully saved","La prioridad se guardó correctamente"
"Unable to find Priority to save","No se pudo encontrar la prioridad para guardar"
"Statistics was successfully updated","Las estadísticas se actualizaron correctamente"
"Helpdesk","Helpdesk"
"New Rule","Nueva regla"
"Rule  Manager","Gestor de reglas"
"Rule Manager","Gestor de reglas"
"Add Rule","Añadir regla"
"Add Rule","Añadir regla"
"Rule was successfully deleted","La regla se eliminó correctamente"
"Edit Rule '%1'","Editar regla '%1'"
"Edit Rule","Editar regla"
"The Rule does not exist.","La regla no existe."
"Rule was successfully saved","La regla se guardó correctamente"
"Unable to find Rule to save","No se pudo encontrar la regla para guardar"
"New Satisfaction","Nueva satisfacción"
"Satisfaction  Manager","Gestor de satisfacción"
"Satisfaction Manager","Gestor de satisfacción"
"Add Satisfaction","Añadir satisfacción"
"Add Satisfaction","Añadir satisfacción"
"Satisfaction was successfully deleted","La satisfacción se eliminó correctamente"
"Edit Satisfaction '%1'","Editar satisfacción '%1'"
"Edit Satisfaction","Editar satisfacción"
"The Satisfaction does not exist.","La satisfacción no existe."
"Satisfaction was successfully saved","La satisfacción se guardó correctamente"
"Unable to find Satisfaction to save","No se pudo encontrar la satisfacción para guardar"
"New Schedule","Nuevo horario"
"Schedule Manager","Gestor de horarios"
"Add Schedule","Añadir horario"
"Add Schedule","Añadir horario"
"You can not delete this schedule, because there are gateways using it.
                         Please, change gateways settings","No puede eliminar este horario porque hay pasarelas que lo utilizan.
                         Cambie la configuración de las pasarelas"
"Schedule was successfully deleted","El horario se eliminó correctamente"
"Edit Schedule '%1'","Editar horario '%1'"
"Edit Schedule","Editar horario"
"The Schedule does not exist.","El horario no existe."
"Schedules","Horarios"
"Working days/hours is a required field.","Días/horas laborables es un campo obligatorio."
"Schedule was successfully saved","El horario se guardó correctamente"
"Unable to find a Schedule to save","No se pudo encontrar un horario para guardar"
"Ticket was successfully moved to the Tickets folder","El ticket se movió correctamente a la carpeta de tickets"
"Edit Spam '%1'","Editar spam '%1'"
"Edit Spam","Editar spam"
"The spam does not exist.","El spam no existe."
"Please select spam(s)","Seleccione spam"
"Total of %1 record(s) were successfully moved to the Tickets folder","Un total de %1 registro(s) se movieron correctamente a la carpeta de tickets"
"Total of %1 record(s) were successfully deleted","Un total de %1 registro(s) se eliminaron correctamente"
"New Status","Nuevo estado"
"Status  Manager","Gestor de estados"
"Status Manager","Gestor de estados"
"Add Status","Añadir estado"
"Add Status","Añadir estado"
"Status was successfully deleted","El estado se eliminó correctamente"
"Edit Status '%1'","Editar estado '%1'"
"Edit Status","Editar estado"
"The Status does not exist.","El estado no existe."
"Status was successfully saved","El estado se guardó correctamente"
"Unable to find a Status to save","No se pudo encontrar un estado para guardar"
"New Template","Nueva plantilla"
"Template  Manager","Gestor de plantillas"
"Template Manager","Gestor de plantillas"
"Add Template","Añadir plantilla"
"Add Template","Añadir plantilla"
"Template was successfully deleted","La plantilla se eliminó correctamente"
"Edit Template '%1'","Editar plantilla '%1'"
"Edit Template","Editar plantilla"
"The Template does not exist.","La plantilla no existe."
"Template was successfully saved","La plantilla se guardó correctamente"
"Unable to find a Template to save","No se pudo encontrar una plantilla para guardar"
"New Ticket","Nuevo ticket"
"Ticket Manager","Gestor de tickets"
"Add Ticket","Añadir ticket"
"Ticket was moved to Archive","El ticket se movió al archivo"
"The file does not exist or has been deleted.","El archivo no existe o se ha eliminado."
"Ticket was successfully deleted","El ticket se eliminó correctamente"
"Edit Ticket","Editar ticket"
"The ticket does not exist.","El ticket no existe."
"Total of %1 record(s) were moved to Archive.","Un total de %1 registro(s) se movieron al archivo."
"Please select ticket(s)","Seleccione ticket(s)"
"Total of %1 record(s) were moved to the Spam folder","Un total de %1 registro(s) se movieron a la carpeta de spam"
"Total of %1 record(s) were successfully updated","Un total de %1 registro(s) se actualizaron correctamente"
"Total of %1 record(s) Assignee was changed.","Se cambió el responsable de un total de %1 registro(s)."
"You don't have permission for this operation.","No tiene permiso para esta operación."
"Total of %1 record(s) were moved to the Inbox folder.","Un total de %1 registro(s) se movieron a la bandeja de entrada."
"Please select 2 or more tickets","Seleccione 2 o más tickets"
"Total of %1 record(s) were successfully merged","Un total de %1 registro(s) se fusionaron correctamente"
"Total of %1 record(s) were moved to the Spam folder.","Un total de %1 registro(s) se movieron a la carpeta de spam."
"Ticket was moved to the Inbox","El ticket se movió a la bandeja de entrada"
"Message was successfully sent","El mensaje se envió correctamente"
"Ticket was successfully updated","El ticket se actualizó correctamente"
"Field ""Cc"" is limited by %1 emails","El campo ""Cc"" está limitado a %1 correos electrónicos"
"Something went wrong while saving the ticket.","Algo salió mal al guardar el ticket."
"Unable to find ticket to save","No se pudo encontrar el ticket para guardar"
"Incorrect email format.","Formato de correo electrónico incorrecto."
"Incorrect CC format.","Formato CC incorrecto."
"Incorrect BCC format.","Formato BCC incorrecto."
"Ticket was moved to the Spam folder","El ticket se movió a la carpeta de spam"
"Your request was successfully submitted. You should receive a confirmation email shortly.","Su solicitud se envió correctamente. Debería recibir un correo electrónico de confirmación en breve."
"Unable to submit your request. Please, try again later","No se pudo enviar su solicitud. Inténtelo de nuevo más tarde"
"Field ""Name"" is required","El campo ""Nombre"" es obligatorio"
"Field ""Comment"" is required","El campo ""Comentario"" es obligatorio"
"Something went wrong","Algo salió mal"
"Telephone","Teléfono"
"Your inquiry was submitted and will be responded to as soon as possible. Thank you for contacting us.","Su consulta se ha enviado y será respondida lo antes posible. Gracias por contactarnos."
"Sorry, for technical reasons you can't submit your query from this browser. Please try using a different browser or computer.","Lo sentimos, por razones técnicas no puede enviar su consulta desde este navegador. Intente usar un navegador o equipo diferente."
"Page not found.","Página no encontrada."
"Your message was successfully posted","Su mensaje se publicó correctamente"
"Your ticket was successfully posted","Su ticket se publicó correctamente"
"Ticket was successfully closed","El ticket se cerró correctamente"
"wrong URL","URL incorrecta"
"Can't upload file %1 . Max allowed upload size is %2 MB.","No se puede subir el archivo %1. El tamaño máximo de carga permitido es %2 MB."
"Allows only this file types: %1","Solo se permiten estos tipos de archivos: %1"
"%1:%2 (%3) is open.","%1:%2 (%3) está abierto."
"%1:%2 is closed.","%1:%2 está cerrado."
"%1 Help Desk","%1 Soporte"
"You have %1 unread notifications.","Tiene %1 notificaciones no leídas."
"Ticket ""%1"" was created.","Se creó el ticket ""%1""."
"New message was added to the ticket ""%1""","Se añadió un nuevo mensaje al ticket ""%1"""
"Ticket ""%1"" was assigned to you.","Se le ha asignado el ticket ""%1""."
"%1 is editing now","%1 está editando ahora"
"%1 has opened this ticket %2","%1 ha abierto este ticket %2"
"%1 have opened this ticket %2","%1 han abierto este ticket %2"
"please type your reply above this line","escriba su respuesta encima de esta línea"
"Can't fetch.
                Please, ask your hosting provider to enable the IMAP extension in PHP configuration of your server.","No se puede obtener.
                Solicite a su proveedor de hosting que habilite la extensión IMAP en la configuración de PHP de su servidor."
"Yes","Sí"
"No","No"
"Unable to define email sender","No se pudo determinar el remitente del correo electrónico"
"Rule '%1'","Regla '%1'"
"Follow Up actions","Acciones de seguimiento"
"%1: %2 => %3","%1: %2 => %3"
"%1: %2","%1: %2"
"Ticket was merged to: %1","El ticket se fusionó con: %1"
"Ticket was merged with: %1","El ticket se fusionó con: %1"
"Message added","Mensaje añadido"
"Internal note added","Nota interna añadida"
"Third party message added","Mensaje de terceros añadido"
"Private third party message added","Mensaje privado de terceros añadido"
"Folder","Carpeta"
"Order","Pedido"
"User","Usuario"
"Customer","Cliente"
"Customer Email","Correo electrónico del cliente"
"Cc","Cc"
"Bcc","Bcc"
"-- Please Select --","-- Seleccione --"
"Inbox","Bandeja de entrada"
"Spam","Spam"
"Email","Correo electrónico"
"Backend","Backend"
"Contact Tab","Pestaña de contacto"
"Contact Form","Formulario de contacto"
"Customer Account","Cuenta de cliente"
"Public Reply","Respuesta pública"
"Internal Note","Nota interna"
"Message to Third Party","Mensaje a terceros"
"Internal Note to Third Party","Nota interna a terceros"
"at %1 (%2) - %3","a las %1 (%2) - %3"
"You don't have permissions to read this ticket. Please, contact your administrator.","No tiene permisos para leer este ticket. Contacte con su administrador."
"Field ""Name"" is incorrect.","El campo ""Nombre"" es incorrecto."
"Email field should not be empty","El campo de correo electrónico no debe estar vacío"
"Submitted from the page:","Enviado desde la página:"
"Invalid Customer Email","Correo electrónico de cliente no válido"
"Ticket was merged to %1","El ticket se fusionó con %1"
"Pattern","Patrón"
"Attribute Value","Valor del atributo"
"Default","Predeterminado"
"Integer","Entero"
"Price","Precio"
"Strip Tags","Quitar etiquetas"
"Ticket Attributes","Atributos del ticket"
"Wrong URL","URL incorrecta"
"Unknown time","Hora desconocida"
"ago","hace"
"from now","a partir de ahora"
"1 sec ago","hace 1 seg."
"Links:","Enlaces:"
"Open Ticket","Ticket abierto"
"Open Tickets","Tickets abiertos"
"! Blocked file -","! Archivo bloqueado -"
"File System","Sistema de archivos"
"Database","Base de datos"
"IMAP","IMAP"
"OAuth2 (Gmail)","OAuth2 (Gmail)"
"Aqua","Aguamarina"
"Grey","Gris"
"Navy","Azul marino"
"Silver","Plata"
"Black","Negro"
"Green","Verde"
"Olive","Oliva"
"Teal","Verde azulado"
"Blue","Azul"
"Lime","Lima"
"Purple","Púrpura"
"Fuchsia","Fucsia"
"Maroon","Granate"
"Red","Rojo"
"Orange","Naranja"
"Yellow","Amarillo"
"NONE","NINGUNO"
"SSL","SSL"
"Text","Texto"
"Multi-line text","Texto de varias líneas"
"Date","Fecha"
"Checkbox","Casilla de verificación"
"Drop-down list","Lista desplegable"
"In minutes...","En minutos..."
"In hours...","En horas..."
"In days...","En días..."
"In weeks...","En semanas..."
"In months...","En meses..."
"Custom","Personalizado"
"Move to Archive","Mover al archivo"
"Move from Archive","Mover desde el archivo"
"All users","Todos los usuarios"
"Left","Izquierda"
"Right","Derecha"
"POP","POP"
"Great!","¡Genial!"
"OK","OK"
"Bad","Malo"
"--Please Select--","--Seleccione--"
"New ticket created","Nuevo ticket creado"
"New reply from customer","Nueva respuesta del cliente"
"New reply from staff","Nueva respuesta del personal"
"New reply from third party","Nueva respuesta de terceros"
"Ticket assigned to staff","Ticket asignado al personal"
"Ticket was changed","El ticket fue modificado"
"Ticket was converted to RMA","El ticket se convirtió en RMA"
"Check every hour","Comprobar cada hora"
"Headers","Encabezados"
"Body","Cuerpo"
"Using Department Name (e.g. Sales)","Usando el nombre del departamento (ej. Ventas)"
"Using Staff Name (e.g. John Doe)","Usando el nombre del personal (ej. John Doe)"
"Using Custom Template","Usando plantilla personalizada"
"Last Reply","Última respuesta"
"View link","Ver enlace"
"%1 attachments were deleted","Se eliminaron %1 archivos adjuntos"
"desktop notifications","notificaciones de escritorio"
"%1 %2 were deleted","Se eliminaron %1 %2"
"Process is locked","El proceso está bloqueado"
"Locked","Bloqueado"
"Success","Éxito"
"Pattern is invalid","El patrón no es válido"
"""%1"" department is using as default department in next gateway(s) with id: %2.
                Please change it first.","El departamento ""%1"" se está usando como departamento predeterminado en la(s) siguiente(s) pasarela(s) con id: %2.
                Cámbielo primero."
"""%1"" department is used as the default department in the option ""Feedback Tab > Assign to Department"".
                Please change this option first.","El departamento ""%1"" se usa como departamento predeterminado en la opción ""Pestaña de Feedback > Asignar a departamento"".
                Cambie esta opción primero."
"Update the Ticket","Actualizar el ticket"
"Conditions Combination","Combinación de condiciones"
"Ticket Attribute","Atributo del ticket"
"Last 7-days Clicks","Clics de los últimos 7 días"
"Last 7-days Orders","Pedidos de los últimos 7 días"
"Last 7-days Revenue","Ingresos de los últimos 7 días"
"Last 7-days Conversation Rate (%)","Tasa de conversión de los últimos 7 días (%)"
"Last message body","Cuerpo del último mensaje"
"Priority (before change)","Prioridad (antes del cambio)"
"Status (before change)","Estado (antes del cambio)"
"Department (before change)","Departamento (antes del cambio)"
"Owner (before change)","Propietario (antes del cambio)"
"Folder (before change)","Carpeta (antes del cambio)"
"Last Reply By","Última respuesta por"
"Last Reply Type","Tipo de última respuesta"
"Hours since Created","Horas desde la creación"
"Hours since Updated","Horas desde la actualización"
"Hours since Last reply","Horas desde la última respuesta"
"Ticket Source (Channel)","Origen del ticket (canal)"
"%1 (before change)","%1 (antes del cambio)"
"Staff","Personal"
"Third party","Terceros"
"Closed","Cerrado"
"Opened 24hr","Abierto 24 h"
"Searchable attributes not defined","Atributos de búsqueda no definidos"
"- Disable these emails -","- Desactivar estos correos electrónicos -"
"Authentication failed for the Gateway(s) ""%1""
                                <br> To hide this message, re-save the above Gateway(s) and run cron,
                                or disable the above Gateway(s) <a href=""%2"">help desk gateways</a>.","La autenticación falló para la(s) pasarela(s) ""%1""
                                <br> Para ocultar este mensaje, vuelva a guardar la(s) pasarela(s) anterior(es) y ejecute cron,
                                o desactive la(s) pasarela(s) anterior(es) <a href=""%2"">pasarelas de soporte</a>."
"The Help Desk can't fetch new emails.
                Please, try to run bin/magento mirasvit:helpdesk:run to determine the source of this problem.","El soporte no puede obtener nuevos correos electrónicos.
                Intente ejecutar bin/magento mirasvit:helpdesk:run para determinar el origen de este problema."
"Help desk can't fetch emails.","El soporte no puede obtener correos electrónicos."
"<br> To temporarily hide this message, disable all <a href=""%1"">help desk gateways</a>.","<br> Para ocultar temporalmente este mensaje, desactive todas las <a href=""%1"">pasarelas de soporte</a>."
"Help Desk can't fetch new emails.
                 Please, check that you are running cron for bin/magento mirasvit:helpdesk:run.","El soporte no puede obtener nuevos correos electrónicos.
                 Compruebe que está ejecutando cron para bin/magento mirasvit:helpdesk:run."
"Helpdesk Tickets","Tickets de soporte"
"Department with id ""%1"" does not exist.","El departamento con id ""%1"" no existe."
"Field with id ""%1"" does not exist.","El campo con id ""%1"" no existe."
"Priority with id ""%1"" does not exist.","La prioridad con id ""%1"" no existe."
"Satisfaction with id ""%1"" does not exist.","La satisfacción con id ""%1"" no existe."
"Cannot delete satisfaction with id %1","No se puede eliminar la satisfacción con id %1"
"Status with id ""%1"" does not exist.","El estado con id ""%1"" no existe."
"Template with id ""%1"" does not exist.","La plantilla con id ""%1"" no existe."
"Cannot delete ticket with id %1","No se puede eliminar el ticket con id %1"
"Admin authorization is required.","Se requiere autorización de administrador."
"Message body cannot be empty.","El cuerpo del mensaje no puede estar vacío."
"Invalid folder ""%1"". Allowed: 1 (Inbox), 2 (Archive), 3 (Spam)","Carpeta ""%1"" no válida. Permitido: 1 (Bandeja de entrada), 2 (Archivo), 3 (Spam)"
"Invalid customer email format.","Formato de correo electrónico del cliente no válido."
"Invalid %1 email format: %2","Formato de correo electrónico de %1 no válido: %2"
"Invalid message type ""%1"". Allowed: %2","Tipo de mensaje ""%1"" no válido. Permitido: %2"
"Area: ""%1""","Área: ""%1"""
"Ticket ID: ""%1""","ID del ticket: ""%1"""
"Customer ID: ""%1""","ID del cliente: ""%1"""
"User ID: ""%1""","ID del usuario: ""%1"""
"Some tickets could not be parsed. Please check logs.","Algunos tickets no se pudieron analizar. Compruebe los registros."
"Edit","Editar"
"All Departments","Todos los departamentos"
"All Roles","Todos los roles"
"Back","Atrás"
"Reset","Restablecer"
"Save and Continue Edit","Guardar y continuar editando"
"Debug","Depurar"
"24 hrs x 7 days","24 horas x 7 días"
"Select working days/hours","Seleccionar días/horas laborables"
"All Tickets","Todos los tickets"
"My Tickets","Mis tickets"
"Satisfaction survey","Encuesta de satisfacción"
"Satisfaction rating: %1 out of 5","Valoración de satisfacción: %1 de 5"
"View message source in new window","Ver origen del mensaje en una nueva ventana"
"show source","mostrar origen"
"to %1 (third party)","a %1 (terceros)"
"%1 %2 (third party)","%1 %2 (terceros)"
"%1","%1"
"Attachment image: %1","Imagen adjunta: %1"
"Document file icon","Icono de archivo de documento"
"Download icon","Icono de descarga"
"Download","Descargar"
"Max file size: %1 Mb","Tamaño máximo de archivo: %1 MB"
"Close","Cerrar"
"Image preview","Vista previa de imagen"
"Previous image","Imagen anterior"
"Previous","Anterior"
"Next","Siguiente"
"Ticket Summary","Resumen del ticket"
"enter subject of ticket","introducir asunto del ticket"
"Ticket ID","ID del ticket"
"Assignee","Responsable"
"Additional Info","Información adicional"
"You are not allowed to add the message to the current ticket as it is locked. To add the message to the current ticket you should change its status to one of unlocked.","No puede añadir el mensaje al ticket actual porque está bloqueado. Para añadir el mensaje al ticket actual, cambie su estado a uno desbloqueado."
"Ticket History","Historial del ticket"
"Done by","Realizado por"
"Changes","Cambios"
"Ticket Grid Container","Contenedor de la cuadrícula de tickets"
"View tickets notifications","Ver notificaciones de tickets"
"Navigate to all tickets page","Navegar a la página de todos los tickets"
"See All Tickets","Ver todos los tickets"
"Edit ticket: %1","Editar ticket: %1"
"View tickets page","Ver página de tickets"
"Open contact form","Abrir formulario de contacto"
"Close contact form","Cerrar formulario de contacto"
"Name","Nombre"
"Attach files","Adjuntar archivos"
"Submit","Enviar"
"Submit Ticket","Enviar ticket"
"What is your question?","¿Cuál es su pregunta?"
"We found the following topics that might be helpful:","Encontramos los siguientes temas que podrían ser útiles:"
"None of these are helpful - contact us","Ninguno de estos es útil - contáctenos"
"We have not found any helpful topics.","No hemos encontrado ningún tema útil."
"Contact Information","Información de contacto"
"Comment","Comentario"
"We are open 24 x 7","Estamos abiertos 24 x 7"
"We are closed","Estamos cerrados"
"Timezone: %1","Zona horaria: %1"
"Please take a second to rate my reply...","Tómese un momento para valorar mi respuesta..."
"Great","Genial"
"Awesome","Excelente"
"Fast, friendly, helpful, pleasant. Great job!","Rápido, amigable, útil, agradable. ¡Buen trabajo!"
"Just Okay","Aceptable"
"Fine, but definitely could have been better.","Bien, pero definitivamente podría haber sido mejor."
"Not good","No bueno"
"Unfortunately, I wasn't happy with it at all.","Lamentablemente, no quedé satisfecho en absoluto."
"Satisfactory level of customer service in real time","Nivel satisfactorio de servicio al cliente en tiempo real"
"%1% said great!","¡El %1% dijo genial!"
"last updated %1","última actualización %1"
"Thank you for participating in our survey!","¡Gracias por participar en nuestra encuesta!"
"If you would like to provide additional comments, please do so below:","Si desea proporcionar comentarios adicionales, hágalo a continuación:"
"Message","Mensaje"
"Submit Message","Enviar mensaje"
"Thank you for your feedback!","¡Gracias por su comentario!"
"If the processing doesn't start automatically in a few seconds, please click the button below","Si el procesamiento no comienza automáticamente en unos segundos, haga clic en el botón a continuación"
"Process Rate","Tasa de proceso"
"Attachments","Archivos adjuntos"
"-- Select an Order --","-- Seleccione un pedido --"
"Create ticket","Crear ticket"
"Navigate to create new ticket page","Navegar a la página para crear un nuevo ticket"
"You don't have open tickets","No tiene tickets abiertos"
"View ticket: %1","Ver ticket: %1"
"Post a Reply","Publicar una respuesta"
"Max file size: %1","Tamaño máximo de archivo: %1"
"Reopen Ticket","Reabrir ticket"
"Close Ticket","Cerrar ticket"
"History","Historial"
"%1 (third party)","%1 (terceros)"
"Attachment: %1","Adjunto: %1"
"Download attachment: %1","Descargar adjunto: %1"
"Image file icon","Icono de archivo de imagen"
"Go back to my tickets list","Volver a mi lista de tickets"
"Back to My Tickets","Volver a Mis tickets"
"Next image","Siguiente imagen"
"Rate","Valorar"
"Ok","Ok"
"To","Para"
"Customer Summary","Resumen del cliente"
"Assigned To Customer","Asignado al cliente"
"Assigned To Order","Asignado al pedido"
"Customer does not have any orders.","El cliente no tiene pedidos."
"RMA","RMA"
"type email or name","escriba correo electrónico o nombre"
"Click this button to authorize access to Gmail via OAuth2","Haga clic en este botón para autorizar el acceso a Gmail mediante OAuth2"
"Reconnect","Reconectar"
"Connect to Gmail","Conectar con Gmail"
"Attachment","Adjunto"
"type third party email here","escriba aquí el correo electrónico de terceros"
"Kind","Tipo"
"Info","Info"
"You can check the status of reply to this ticket online at:","Puede consultar el estado de la respuesta a este ticket en línea en:"
"Dear %name,","Estimado/a %name,"
"Thank you for contacting us!","¡Gracias por contactarnos!"
"This is an automated response confirming the receipt of your ticket. One of our agents will get back to you as soon as possible.","Esta es una respuesta automática que confirma la recepción de su ticket. Uno de nuestros agentes se pondrá en contacto con usted lo antes posible."
"Details","Detalles"
"Please, answer the following ticket:","Responda al siguiente ticket:"
"Ticket ID:","ID del ticket:"
"Name:","Nombre:"
"Email address:","Dirección de correo electrónico:"
"Store:","Tienda:"
"Department:","Departamento:"
"Staff (Owner): -- Unassigned --","Personal (Propietario): -- Sin asignar --"
"Status:","Estado:"
"Priority:","Prioridad:"
"Created:","Creado:"
"Staff (Owner):","Personal (Propietario):"
"Updated:","Actualizado:"
"== INTERNAL NOTE ==","== NOTA INTERNA =="
"Dear <strong>%user_firstname %user_lastname</strong>, <br><br>
    %ticket_customer_name rated your help with smile","Estimado/a <strong>%user_firstname %user_lastname</strong>, <br><br>
    %ticket_customer_name valoró su ayuda con una sonrisa"
"Customer email:","Correo electrónico del cliente:"
"Comment:","Comentario:"
"This browser does not support desktop notification","Este navegador no admite notificaciones de escritorio"
"Please save the gateway first before connecting to Gmail.","Guarde primero la pasarela antes de conectarse a Gmail."
"Please enter Client ID and Client Secret before connecting.","Introduzca el ID de cliente y el secreto de cliente antes de conectar."
"Your message will be emailed to the customer","Su mensaje se enviará por correo electrónico al cliente"
"Your message will be emailed to your colleague. The customer will not see it.","Su mensaje se enviará por correo electrónico a su compañero. El cliente no lo verá."
"Your message will be emailed to the third party. Customer will see it in the ticket history.","Su mensaje se enviará por correo electrónico al tercero. El cliente lo verá en el historial del ticket."
"Internal Message to Third Party","Mensaje interno a terceros"
"Your message will be emailed to the third party. The customer will not see it.","Su mensaje se enviará por correo electrónico al tercero. El cliente no lo verá."
"Session has expired. Please copy all unsaved data and reload the page.","La sesión ha caducado. Copie todos los datos no guardados y vuelva a cargar la página."
"Upload Too Large","Carga demasiado grande"
"Open","Abierto"
"Help Desk MX","Help Desk MX"
"General Settings","Configuración general"
"Enhance the overall performance and user experience of your helpdesk by setting up core features such as how communication is managed, personalizing customer interactions, and ensuring smooth ticket management with automated tasks.","Mejore el rendimiento general y la experiencia de usuario de su helpdesk configurando funciones esenciales como la gestión de la comunicación, la personalización de las interacciones con los clientes y garantizando una gestión fluida de tickets con tareas automatizadas."
"Helpdesk title in the customer account","Título del helpdesk en la cuenta del cliente"
"Customize the title displayed for the Helpdesk section in the customer's account to create a clear and branded support experience.","Personalice el título mostrado para la sección de helpdesk en la cuenta del cliente para crear una experiencia de soporte clara y con identidad de marca."
"Sign staff replies","Firmar respuestas del personal"
"Adds a personal touch to customer communication, which helps personalize responses and provide clarity on who handled the support request increasing trust and transparency.","Añade un toque personal a la comunicación con el cliente, lo que ayuda a personalizar las respuestas y aclarar quién gestionó la solicitud de soporte, aumentando la confianza y la transparencia."
"Signature template","Plantilla de firma"
"Send blind carbon copy (BCC) of all emails to","Enviar copia oculta (BCC) de todos los correos electrónicos a"
"Automatically send a BCC of all helpdesk-related emails to a specified address for monitoring or record-keeping, helping ensure nothing gets overlooked.","Envía automáticamente una BCC de todos los correos electrónicos relacionados con el helpdesk a una dirección especificada para supervisión o registro, ayudando a garantizar que nada se pase por alto."
"Use default Magento cron","Usar cron predeterminado de Magento"
"If this option is disabled, helpdesk-related tasks will not be processed automatically. For instance, emails from the configured gateway will not be fetched. However, you can still manually trigger cron tasks to test the module's functionality.","Si esta opción está desactivada, las tareas relacionadas con el helpdesk no se procesarán automáticamente. Por ejemplo, no se obtendrán los correos electrónicos de la pasarela configurada. Sin embargo, todavía puede activar manualmente las tareas de cron para probar la funcionalidad del módulo."
"Enable magento cron to ensure scheduled actions like email fetching are handled efficiently without extra configuration.","Active el cron de Magento para garantizar que las acciones programadas, como la obtención de correos electrónicos, se gestionen de forma eficiente sin configuración adicional."
"Allow customer to open ticket by unique URL (without additional authentication)","Permitir al cliente abrir el ticket mediante URL única (sin autenticación adicional)"
"Customers will receive link in the email notification to access their support tickets via a unique URL, simplifying the process and increasing accessibility by eliminating extra login steps.","Los clientes recibirán un enlace en la notificación por correo electrónico para acceder a sus tickets de soporte mediante una URL única, simplificando el proceso y aumentando la accesibilidad al eliminar pasos adicionales de inicio de sesión."
"Tickets Settings","Configuración de tickets"
"Manage the flow and organization of support tickets efficiently by controlling the prioritization, categorization, and statuses of incoming customer requests. This section ensures that support agents can handle tickets based on urgency and track progress seamlessly.","Gestione el flujo y la organización de tickets de soporte de forma eficiente controlando la priorización, categorización y estados de las solicitudes entrantes. Esta sección asegura que los agentes de soporte puedan gestionar los tickets según la urgencia y hacer un seguimiento del progreso sin problemas."
"Priority for new tickets","Prioridad para nuevos tickets"
"Set the default priority for new tickets to help organize and prioritize customer issues based on urgency.","Establezca la prioridad predeterminada para los nuevos tickets para ayudar a organizar y priorizar los problemas de los clientes según la urgencia."
"Status for new tickets","Estado para nuevos tickets"
"Define the default status for new tickets to give clear visibility of ticket progress.","Defina el estado predeterminado para los nuevos tickets para dar una visibilidad clara del progreso del ticket."
"Move Ticket to Archive if it has one of following statuses:","Mover ticket al archivo si tiene uno de los siguientes estados:"
"Automatically move tickets to the archive when they reach specified statuses, ensuring the system stays organized.","Mueve automáticamente los tickets al archivo cuando alcanzan los estados especificados, garantizando que el sistema permanezca organizado."
"Lock Ticket if it has one of following statuses:","Bloquear ticket si tiene uno de los siguientes estados:"
"When ticket is locked the customer cannot add a new message to the ticket, while admin still can send messages","Cuando el ticket está bloqueado, el cliente no puede añadir un nuevo mensaje al ticket, mientras que el administrador todavía puede enviar mensajes"
"Control when tickets are locked based on their statuses to avoid further changes once certain progress is made.","Controle cuándo se bloquean los tickets según sus estados para evitar más cambios una vez logrado cierto progreso."
"Tickets autosave period, sec","Período de autoguardado de tickets, seg."
"Set how frequently ticket drafts are autosaved, minimizing the risk of losing unsaved work. Leave empty to disable autosave.","Establezca con qué frecuencia se guardan automáticamente los borradores de tickets, minimizando el riesgo de perder trabajo no guardado. Deje vacío para desactivar el autoguardado."
"Use WYSIWYG Editor in backend","Usar editor WYSIWYG en backend"
"Enable the use of a text editor for tickets in the backend, making it easier for staff to format replies and provide detailed, structured responses.","Active el uso de un editor de texto para los tickets en el backend, facilitando al personal el formato de las respuestas y la elaboración de respuestas detalladas y estructuradas."
"Create Tickets from Contact Us form","Crear tickets desde el formulario de contacto"
"Automatically create helpdesk tickets from submissions via the 'Contact Us' form, turning every inquiry into a manageable support ticket.","Cree automáticamente tickets de helpdesk a partir de los envíos del formulario de contacto, convirtiendo cada consulta en un ticket de soporte gestionable."
"Admin Display Options","Opciones de visualización del administrador"
"Improve the visual accessibility and ease of navigating through tickets in the admin panel. This section allows you to enable quick access to essential data, helping your support team handle tickets faster and more effectively.","Mejore la accesibilidad visual y la facilidad de navegación a través de los tickets en el panel de administración. Esta sección le permite activar el acceso rápido a los datos esenciales, ayudando a su equipo de soporte a gestionar los tickets de forma más rápida y eficaz."
"Show Quick Data Bar in admin ticket grid","Mostrar barra de datos rápidos en la cuadrícula de tickets del administrador"
"This feature enhances workflow visibility and helps agents stay on top of their responsibilities.","Esta función mejora la visibilidad del flujo de trabajo y ayuda a los agentes a estar al tanto de sus responsabilidades."
"Show User Activity Data Bar in admin ticket grid","Mostrar barra de datos de actividad del usuario en la cuadrícula de tickets del administrador"
"Shows recent user activity related to the ticket, helping managers track staff interactions with customers more efficiently.","Muestra la actividad reciente del usuario relacionada con el ticket, ayudando a los gestores a hacer un seguimiento más eficiente de las interacciones del personal con los clientes."
"Show previous/next button in backend ticket edit page","Mostrar botón anterior/siguiente en la página de edición de tickets del backend"
"Display 'previous' and 'next' buttons on the ticket editing page in the backend to move through tickets quickly without returning to the grid.","Muestre los botones 'anterior' y 'siguiente' en la página de edición de tickets del backend para desplazarse rápidamente entre los tickets sin volver a la cuadrícula."
"Attachments Settings","Configuración de archivos adjuntos"
"Customize how file attachments are managed within the helpdesk. This section helps you control the storage, format, and retention of attachments, ensuring customers and staff can exchange relevant files without compromising storage space.","Personalice cómo se gestionan los archivos adjuntos en el helpdesk. Esta sección le ayuda a controlar el almacenamiento, el formato y la retención de los archivos adjuntos, garantizando que los clientes y el personal puedan intercambiar archivos relevantes sin comprometer el espacio de almacenamiento."
"Store attachments in","Almacenar archivos adjuntos en"
"Select the storage location for ticket attachments, giving you control over file management.","Seleccione la ubicación de almacenamiento para los archivos adjuntos de los tickets, dándole control sobre la gestión de archivos."
"Auto-removing old attachments","Eliminación automática de archivos adjuntos antiguos"
"Enable automatic removal of old attachments to free up storage space and keep the system clutter-free","Active la eliminación automática de archivos adjuntos antiguos para liberar espacio de almacenamiento y mantener el sistema libre de desorden"
"Remove attachments older than, days","Eliminar archivos adjuntos con más de, días"
"Specifies the number of days after which old ticket attachments will be deleted.","Especifica el número de días tras los cuales se eliminarán los archivos adjuntos antiguos de tickets."
"Only allow upload of attachments with extensions","Permitir solo la carga de archivos adjuntos con extensiones"
"Restrict attachment uploads to specific file types to avoid security risks and maintain control over the type of files uploaded. Comma separated list. e.g. jpg, jpeg, gif, png, bmp, pdf>","Restrinja la carga de archivos adjuntos a tipos de archivo específicos para evitar riesgos de seguridad y mantener el control sobre el tipo de archivos cargados. Lista separada por comas. p. ej., jpg, jpeg, gif, png, bmp, pdf>"
"Feedback Tab","Pestaña de Feedback"
"Boost customer engagement by offering an easy-to-use feedback system. The feedback tab allows customers to submit inquiries or tickets directly from the website, improving accessibility to your support team.","Aumente la participación del cliente ofreciendo un sistema de feedback fácil de usar. La pestaña de feedback permite a los clientes enviar consultas o tickets directamente desde el sitio web, mejorando la accesibilidad a su equipo de soporte."
"Enable Feedback Tab","Activar pestaña de Feedback"
"Activate the feedback tab on your website, making it easy for customers to submit support requests.","Active la pestaña de feedback en su sitio web, facilitando a los clientes el envío de solicitudes de soporte."
"Assign to Department","Asignar a departamento"
"Automatically assign feedback tab-generated tickets to a specific department, ensuring they reach the right team for quick resolution.","Asigne automáticamente los tickets generados por la pestaña de feedback a un departamento específico, garantizando que lleguen al equipo correcto para una resolución rápida."
"Tab Color","Color de la pestaña"
"Customize the feedback tab color to align with your brand, making it more visually appealing and noticeable.","Personalice el color de la pestaña de feedback para que coincida con su marca, haciéndola más visualmente atractiva y visible."
"Tab Title","Título de la pestaña"
"Set the title for the feedback tab, giving customers a clear call to action","Establezca el título de la pestaña de feedback, dando a los clientes una llamada a la acción clara"
"Tab Position","Posición de la pestaña"
"Choose where the feedback tab is displayed on the screen, ensuring it's easily accessible","Elija dónde se muestra la pestaña de feedback en la pantalla, asegurando que sea fácilmente accesible"
"Search Knowledge Base Topics first","Buscar primero temas de la base de conocimientos"
"Allow the feedback tab to suggest knowledge base topics before showing the form, helping reduce support ticket volume by guiding customers to self-help resources.","Permite que la pestaña de feedback sugiera temas de la base de conocimientos antes de mostrar el formulario, ayudando a reducir el volumen de tickets de soporte guiando a los clientes hacia recursos de autoayuda."
"Form Fields","Campos del formulario"
"Tailor the feedback submission forms to collect the right information from customers. This section lets you customize form fields and improve the accuracy of the information gathered from customers, enhancing the quality of support requests.","Adapte los formularios de envío de feedback para recopilar la información correcta de los clientes. Esta sección le permite personalizar los campos del formulario y mejorar la precisión de la información recopilada de los clientes, mejorando la calidad de las solicitudes de soporte."
"Form Title","Título del formulario"
"Set a title for the feedback form to provide context and guide customers on what to expect.","Establezca un título para el formulario de feedback para proporcionar contexto y guiar a los clientes sobre qué esperar."
"Subject Title","Título del asunto"
"Label the subject field to ensure customers provide a brief overview of their issue.","Etiquete el campo de asunto para garantizar que los clientes proporcionen una breve descripción de su problema."
"Subject Placeholder","Marcador de posición del asunto"
"Placeholder text displayed inside the subject input field that provides guidance on what kind of information the customer should enter.","Texto de marcador de posición mostrado dentro del campo de entrada del asunto que proporciona orientación sobre qué tipo de información debe introducir el cliente."
"Description Title","Título de la descripción"
"Label the description field to prompt customers to provide more details about their inquiry.","Etiquete el campo de descripción para pedir a los clientes que proporcionen más detalles sobre su consulta."
"Description Placeholder","Marcador de posición de la descripción"
"Add helpful placeholder text to guide customers in providing relevant information.","Añada texto útil de marcador de posición para guiar a los clientes a la hora de proporcionar información relevante."
"Allow customer to attach files","Permitir al cliente adjuntar archivos"
"Enables the option for customers to upload files (e.g., screenshots or documents) with their feedback or support request providing additional context or supporting materials for their issue.","Habilita la opción para que los clientes carguen archivos (p. ej., capturas de pantalla o documentos) con su feedback o solicitud de soporte, proporcionando contexto adicional o materiales de apoyo para su problema."
"Allow customers to select Priority","Permitir a los clientes seleccionar prioridad"
"Gives customers the ability to set the priority of their feedback or ticket that can help the support team to prioritize urgent requests over less critical ones.","Da a los clientes la capacidad de establecer la prioridad de su feedback o ticket, lo que puede ayudar al equipo de soporte a priorizar las solicitudes urgentes sobre las menos críticas."
"Allow customer to select Department","Permitir al cliente seleccionar departamento"
"Allows customers to choose the department their request should be sent to. This ensures that inquiries are routed to the correct team for faster handling.","Permite a los clientes elegir el departamento al que debe enviarse su solicitud. Esto garantiza que las consultas se dirijan al equipo correcto para una gestión más rápida."
"Improve customer experience by integrating helpdesk functionality into the customer’s account. This section helps you enable features like tracking ticket status, prioritizing requests, and allowing file attachments, making the support process more user-friendly.","Mejore la experiencia del cliente integrando la funcionalidad del helpdesk en la cuenta del cliente. Esta sección le ayuda a activar funciones como el seguimiento del estado de los tickets, la priorización de solicitudes y la posibilidad de adjuntar archivos, haciendo el proceso de soporte más fácil de usar."
"Show the Help Desk section in the Customer Account","Mostrar la sección de soporte en la cuenta del cliente"
"Display a Help Desk section in the customer’s account, making it easy for customers to submit and track their support tickets directly from their account dashboard.","Muestra una sección de soporte en la cuenta del cliente, facilitando a los clientes el envío y seguimiento de sus tickets de soporte directamente desde el panel de su cuenta."
"Show Help Desk link in customer menu","Mostrar enlace de soporte en el menú del cliente"
"Add a Help Desk link in the customer's dropdown menu for quick access to the support page, ensuring customers can easily find the help they need.","Añade un enlace de soporte en el menú desplegable del cliente para un acceso rápido a la página de soporte, garantizando que los clientes puedan encontrar fácilmente la ayuda que necesitan."
"Let customers the ability to set the priority of the ticket that can help the support team to prioritize urgent requests over less critical ones.","Permite a los clientes establecer la prioridad del ticket, lo que puede ayudar al equipo de soporte a priorizar las solicitudes urgentes sobre las menos críticas."
"Allow customer to select Order","Permitir al cliente seleccionar pedido"
"Allows customers to link their support tickets to particular orders they have placed, helping support staff to address issues more efficiently.","Permite a los clientes vincular sus tickets de soporte a pedidos concretos que hayan realizado, ayudando al personal de soporte a resolver los problemas de forma más eficiente."
"When enabled, customers can upload files with their ticket submissions, providing additional context or supporting materials for their issue.","Cuando está activado, los clientes pueden cargar archivos con sus envíos de tickets, proporcionando contexto adicional o materiales de apoyo para su problema."
"Customer Satisfaction Survey","Encuesta de satisfacción del cliente"
"Gain valuable insights into customer satisfaction with your support. This section allows you to include surveys in your communications and view the results, helping you continually improve your service based on real feedback.","Obtenga información valiosa sobre la satisfacción del cliente con su soporte. Esta sección le permite incluir encuestas en sus comunicaciones y ver los resultados, ayudándole a mejorar continuamente su servicio basándose en feedback real."
"Include a satisfaction survey in the reply email from staff members","Incluir una encuesta de satisfacción en el correo electrónico de respuesta de los miembros del personal"
"Automatically include a satisfaction survey in staff reply emails to encourage feedback and measure customer satisfaction with the support they received.","Incluya automáticamente una encuesta de satisfacción en los correos de respuesta del personal para fomentar el feedback y medir la satisfacción del cliente con el soporte recibido."
"Show survey results in the frontend ticket history","Mostrar resultados de la encuesta en el historial de tickets del frontend"
"Allow customers to view their survey ratings in the ticket history within their account, giving them transparency on how they rated their interaction with support.","Permita que los clientes vean sus valoraciones de encuesta en el historial de tickets dentro de su cuenta, dándoles transparencia sobre cómo valoraron su interacción con el soporte."
"Show survey results in the backend ticket history","Mostrar resultados de la encuesta en el historial de tickets del backend"
"Provide support staff access to customer satisfaction ratings in the backend, allowing them to review and address feedback for service improvement.","Proporcione al personal de soporte acceso a las valoraciones de satisfacción del cliente en el backend, permitiéndoles revisar y abordar el feedback para la mejora del servicio."
"Send survey results to the ticket owner","Enviar resultados de la encuesta al propietario del ticket"
"Notify the assigned staff member when a customer submits a satisfaction survey, giving them the opportunity to review their performance.","Notifique al miembro del personal asignado cuando un cliente envíe una encuesta de satisfacción, dándole la oportunidad de revisar su desempeño."
"Send survey results to emails","Enviar resultados de la encuesta a correos electrónicos"
"Automatically send customer satisfaction survey results to designated email addresses (e.g., managers) for analysis and performance tracking. You can enter multiple emails separated by a comma.","Envíe automáticamente los resultados de la encuesta de satisfacción del cliente a direcciones de correo electrónico designadas (p. ej., gestores) para el análisis y seguimiento del rendimiento. Puede introducir varios correos electrónicos separados por coma."
"Email Notification Settings","Configuración de notificaciones por correo electrónico"
"Ensure efficient communication between your support team and customers by configuring how and when email notifications are sent. This section helps automate key touchpoints, keeping all parties informed about ticket statuses.","Garantice una comunicación eficiente entre su equipo de soporte y los clientes configurando cómo y cuándo se envían las notificaciones por correo electrónico. Esta sección ayuda a automatizar los puntos de contacto clave, manteniendo a todas las partes informadas sobre los estados de los tickets."
"Show Ticket ID in the email title","Mostrar ID del ticket en el título del correo electrónico"
"Include the ticket ID in the subject line of helpdesk-related emails, making it easy for both customers and staff to reference specific tickets in ongoing conversations.","Incluya el ID del ticket en la línea de asunto de los correos electrónicos relacionados con el helpdesk, facilitando tanto a los clientes como al personal hacer referencia a tickets específicos en conversaciones en curso."
"Add customers Cc emails to the ticket","Añadir correos electrónicos Cc de clientes al ticket"
"When enabled will automatically add additional email recipients (Cc) to the ticket from the fetched email. If option is enabled spam Cc email are possible.","Cuando está activado, añade automáticamente destinatarios de correo electrónico adicionales (Cc) al ticket desde el correo electrónico obtenido. Si la opción está activada, son posibles los correos electrónicos Cc de spam."
"Number of last replies to be shown in the ticket history","Número de últimas respuestas a mostrar en el historial del ticket"
"Control how many recent replies are displayed in the ticket history within email notifications, providing context without overwhelming the recipient with too much information.","Controle cuántas respuestas recientes se muestran en el historial del ticket dentro de las notificaciones por correo electrónico, proporcionando contexto sin abrumar al destinatario con demasiada información."
"Email Notification Templates","Plantillas de notificación por correo electrónico"
"Streamline your email communication with customers and staff by setting notification templates. This section ensures that each email interaction is consistent and professional, keeping everyone aligned with support activities.","Optimice su comunicación por correo electrónico con clientes y personal estableciendo plantillas de notificación. Esta sección garantiza que cada interacción por correo electrónico sea coherente y profesional, manteniendo a todos alineados con las actividades de soporte."
"Template of New Ticket Email for Customer","Plantilla del correo electrónico de nuevo ticket para el cliente"
"Set the email template that notifies customers when a new ticket is created, ensuring consistent branding and communication.","Establezca la plantilla de correo electrónico que notifica a los clientes cuando se crea un nuevo ticket, garantizando una marca y comunicación coherentes."
"Template of New Ticket Email for Staff","Plantilla del correo electrónico de nuevo ticket para el personal"
"Set the template for the email notifying staff about new tickets, ensuring timely alerts and a professional look.","Establezca la plantilla para el correo electrónico que notifica al personal sobre nuevos tickets, garantizando alertas oportunas y un aspecto profesional."
"Template of Ticket Email Assigned to Staff","Plantilla del correo electrónico de ticket asignado al personal"
"Set the email template used when a ticket is assigned to a staff member, ensuring they are informed of their new task promptly.","Establezca la plantilla de correo electrónico que se usa cuando se asigna un ticket a un miembro del personal, garantizando que sea informado rápidamente de su nueva tarea."
"Template of New Message Email for Customer","Plantilla del correo electrónico de nuevo mensaje para el cliente"
"Set the template for emails that update customers when a new message is posted to their ticket, ensuring they stay informed about progress.","Establezca la plantilla para los correos electrónicos que informan a los clientes cuando se publica un nuevo mensaje en su ticket, garantizando que se mantengan informados sobre el progreso."
"Template of New Message Email for Staff","Plantilla del correo electrónico de nuevo mensaje para el personal"
"Set the template to alert staff when a customer responds, ensuring timely follow-ups.","Establezca la plantilla para alertar al personal cuando un cliente responde, garantizando seguimientos oportunos."
"Template of New Message Email for Third Party","Plantilla del correo electrónico de nuevo mensaje para terceros"
"Set the template for notifying third-party collaborators, ensuring external stakeholders stay updated on the ticket progress.","Establezca la plantilla para notificar a los colaboradores externos, garantizando que las partes interesadas externas se mantengan al día sobre el progreso del ticket."
"Template of Ticket Reminder","Plantilla de recordatorio de ticket"
"Set the template for reminder emails, prompting customers to follow up on unresolved tickets.","Establezca la plantilla para los correos electrónicos de recordatorio, instando a los clientes a hacer un seguimiento de los tickets no resueltos."
"Template of Rule Notification","Plantilla de notificación de regla"
"Set a rule-specific template for automated emails sent via helpdesk workflow rules, ensuring consistency in communications.","Establezca una plantilla específica para reglas para los correos electrónicos automatizados enviados a través de las reglas de flujo de trabajo del helpdesk, garantizando coherencia en las comunicaciones."
"Template of Survey Satisfaction Result","Plantilla del resultado de la encuesta de satisfacción"
"Set the template used to send staff survey feedback results, providing insights into customer satisfaction.","Establezca la plantilla utilizada para enviar los resultados del feedback de la encuesta al personal, proporcionando información sobre la satisfacción del cliente."
"Desktop Notification Settings","Configuración de notificaciones de escritorio"
"Keep your staff informed in real time with desktop notifications about new tickets and updates. This section enables instant awareness of new tasks, helping the support team act quickly and stay organized.","Mantenga a su personal informado en tiempo real con notificaciones de escritorio sobre nuevos tickets y actualizaciones. Esta sección permite el conocimiento instantáneo de nuevas tareas, ayudando al equipo de soporte a actuar rápidamente y mantenerse organizado."
"Notifications check period, sec","Período de comprobación de notificaciones, seg."
"On heavy-loaded systems, this can cause production loss - so in this case, you need to disable this feature, or increase the check period to 500-600 secs. Setting to 0 will disable them.","En sistemas con mucha carga, esto puede causar pérdida de producción, por lo que en este caso debe desactivar esta función o aumentar el período de comprobación a 500-600 seg. Establecer a 0 las desactivará."
"Adjusting the frequency helps staff stay updated in real-time, ensuring timely follow-ups.","Ajustar la frecuencia ayuda al personal a mantenerse actualizado en tiempo real, garantizando seguimientos oportunos."
"Show notification about arrival of new tickets for","Mostrar notificación sobre la llegada de nuevos tickets para"
"Allows you to specify which users should receive notifications about the arrival of new tickets, ensuring the right team members are alerted promptly.","Le permite especificar qué usuarios deben recibir notificaciones sobre la llegada de nuevos tickets, garantizando que los miembros del equipo adecuados sean alertados rápidamente."
"Enable notification about arrival of new messages in tickets assigned for user","Activar notificación sobre la llegada de nuevos mensajes en tickets asignados al usuario"
"Notifies users about a new message is added to any ticket that they are assigned to, helping them stay informed on ticket updates.","Notifica a los usuarios sobre nuevos mensajes añadidos a cualquier ticket al que estén asignados, ayudándoles a mantenerse informados sobre las actualizaciones del ticket."
"Enable notification about assigning a ticket to the user","Activar notificación sobre la asignación de un ticket al usuario"
"Sends a notification to users when a ticket is assigned to them, ensuring they are aware of their new responsibilities.","Envía una notificación a los usuarios cuando se les asigna un ticket, garantizando que estén al tanto de sus nuevas responsabilidades."
"Set clear expectations for customers by displaying your business hours. This section helps customers know when they can expect support availability, enhancing the overall customer experience and ensuring timely responses.","Establezca expectativas claras para los clientes mostrando su horario comercial. Esta sección ayuda a los clientes a saber cuándo pueden esperar disponibilidad de soporte, mejorando la experiencia general del cliente y garantizando respuestas oportunas."
"Working schedule title","Título del horario de trabajo"
"Customize the title for the working hours section on the 'Contact Us' page, ensuring customers know when your team is available.","Personalice el título para la sección de horario de trabajo en la página de contacto, garantizando que los clientes sepan cuándo está disponible su equipo."
"Upcoming working schedule title","Título del próximo horario de trabajo"
"Add a title for upcoming business hours, providing customers with clear information on future availability.","Añada un título para el próximo horario comercial, proporcionando a los clientes información clara sobre la disponibilidad futura."
"Default message when we are open","Mensaje predeterminado cuando estamos abiertos"
"Can be overwritten for each schedule in Customers > Help Desk MX > Working Hours.  This allows you to provide customized messages for different time periods or scenarios, depending on the specific schedule of your support team.","Se puede sobrescribir para cada horario en Clientes > Help Desk MX > Horario de trabajo. Esto le permite proporcionar mensajes personalizados para diferentes períodos de tiempo o escenarios, dependiendo del horario específico de su equipo de soporte."
"Set a default message to display when the helpdesk is open, encouraging customers to reach out during business hours.","Establezca un mensaje predeterminado para mostrar cuando el helpdesk esté abierto, animando a los clientes a ponerse en contacto durante el horario comercial."
"Default message when we are closed","Mensaje predeterminado cuando estamos cerrados"
"Define the message displayed when the helpdesk is closed managing customer expectations during off-hours.","Defina el mensaje mostrado cuando el helpdesk esté cerrado, gestionando las expectativas del cliente fuera del horario."
"Show online/offline status on the Contact Us page","Mostrar estado en línea/fuera de línea en la página de contacto"
"Display the status on the Contact Us page that can help manage customer expectations about when support is available.","Muestra el estado en la página de contacto, lo que puede ayudar a gestionar las expectativas del cliente sobre cuándo está disponible el soporte."
"Show online/offline status in the Feedback popup","Mostrar estado en línea/fuera de línea en la ventana emergente de Feedback"
"Display the status in the Feedback popup that can be useful for informing customers about availability before submitting a request or feedback.","Muestra el estado en la ventana emergente de Feedback, lo que puede ser útil para informar a los clientes sobre la disponibilidad antes de enviar una solicitud o feedback."
"Show online/offline status in the Customer Account > My Tickets","Mostrar estado en línea/fuera de línea en Cuenta del cliente > Mis tickets"
"Display the status in the My Tickets section of the customer's account. This help customers know whether they can expect a prompt response to their support ticket.","Muestra el estado en la sección Mis tickets de la cuenta del cliente. Esto ayuda a los clientes a saber si pueden esperar una respuesta rápida a su ticket de soporte."
"Show working hours on the Contact Us page","Mostrar horario de trabajo en la página de contacto"
"Display the status on the Contact Us page to give customers a clear idea of when you are available for support","Muestra el estado en la página de contacto para dar a los clientes una idea clara de cuándo está disponible para soporte"
"Show holiday schedule in X days before activation","Mostrar horario de festivos X días antes de la activación"
"Specifies how many days in advance your holiday schedule will be displayed to customers to ensure that customers are informed about upcoming holiday hours before they take effect","Especifica con cuántos días de antelación se mostrará a los clientes su horario de festivos para garantizar que los clientes sean informados sobre el próximo horario festivo antes de que entre en vigor"
"Track the performance of your helpdesk with reporting on solved tickets. This section allows you to define which ticket statuses are considered solved, helping you monitor team efficiency and customer service success.","Realice un seguimiento del rendimiento de su helpdesk con informes sobre tickets resueltos. Esta sección le permite definir qué estados de ticket se consideran resueltos, ayudándole a supervisar la eficiencia del equipo y el éxito del servicio al cliente."
"Solved Statuses","Estados resueltos"
"Developer Settings","Configuración para desarrolladores"
"Optimize the technical aspects of the helpdesk system with developer-specific options. This section helps in testing, debugging, and customizing the module to suit your website's infrastructure without disrupting live operations.","Optimice los aspectos técnicos del sistema de helpdesk con opciones específicas para desarrolladores. Esta sección ayuda a probar, depurar y personalizar el módulo para adaptarlo a la infraestructura de su sitio web sin interrumpir las operaciones en producción."
"Activate Sandbox","Activar entorno de pruebas"
"Enable sandbox mode to test the helpdesk system without affecting live data. All emails will be redirected to the sandbox email, preventing disruptions to real customer interactions.","Active el modo de entorno de pruebas para probar el sistema de helpdesk sin afectar a los datos en producción. Todos los correos electrónicos se redirigirán al correo electrónico del entorno de pruebas, evitando interrupciones en las interacciones reales con los clientes."
"Send All Outgoing emails to Email","Enviar todos los correos electrónicos salientes al correo electrónico"
"Set an email address to receive all outgoing emails in sandbox mode, ensuring a controlled environment for testing email templates and notifications.","Establezca una dirección de correo electrónico para recibir todos los correos electrónicos salientes en el modo de entorno de pruebas, garantizando un entorno controlado para probar plantillas y notificaciones por correo electrónico."
"Force store's theme to apply styles","Forzar al tema de la tienda a aplicar estilos"
"If theme overrides Magento way of including style this option will add Help Desk styles to page","Si el tema anula la forma de Magento de incluir estilos, esta opción añadirá estilos del soporte a la página"
"Log ticket deletion","Registrar eliminación de tickets"
"Keep a log of deleted tickets to track deletions and maintain a record for audit or recovery purposes, stored in the /var/log/mirasvit/helpdesk.log file.","Mantenga un registro de los tickets eliminados para rastrear las eliminaciones y mantener un registro con fines de auditoría o recuperación, almacenado en el archivo /var/log/mirasvit/helpdesk.log."
"Help Text","Texto de ayuda"
"Add customizable help text that appears under the title on the 'Contact Us' page and Feedback tab, providing customers with clear guidance on how to submit a support request.","Añada texto de ayuda personalizable que aparece bajo el título en la página de contacto y la pestaña de feedback, proporcionando a los clientes una guía clara sobre cómo enviar una solicitud de soporte."
"Show customer the local time in backend","Mostrar al cliente la hora local en el backend"
"Display the customer’s local time in the backend to help support staff understand when the customer submitted the ticket, providing context for time-sensitive issues.","Muestra la hora local del cliente en el backend para ayudar al personal de soporte a entender cuándo envió el cliente el ticket, proporcionando contexto para cuestiones sensibles al tiempo."
"Enable Google reCaptcha","Activar Google reCaptcha"
"Activate Google reCaptcha on Helpdesk pages to prevent spam and bots from submitting fraudulent tickets. Configuration for reCaptcha settings is available in Configuration > Security > Google reCaptcha.","Active Google reCaptcha en las páginas del helpdesk para evitar que el spam y los bots envíen tickets fraudulentos. La configuración de reCaptcha está disponible en Configuración > Seguridad > Google reCaptcha."
"Helpdesk Contact Form","Formulario de contacto del helpdesk"
"Helpdesk Satisfaction Block","Bloque de satisfacción del helpdesk"
"Satisfaction List Url","URL de la lista de satisfacción"
"Helpdesk Satisfaction List","Lista de satisfacción del helpdesk"
"All Store Views","Todas las vistas de tienda"
"Purchased From","Comprado en"
"Replies #","Respuestas #"
"Created","Creado"
"Modified","Modificado"
"Title","Título"
"Active","Activo"
"Is Shown on Frontend","Se muestra en el frontend"
"Sort Order","Orden de clasificación"
"Sender Email","Correo electrónico del remitente"
"Members of Department","Miembros del departamento"
"Notification","Notificación"
"If ticket is unassigned, send notifications to all department members","Si el ticket no está asignado, enviar notificaciones a todos los miembros del departamento"
"If ticket is unassigned, send notifications to email","Si el ticket no está asignado, enviar notificaciones al correo electrónico"
"Code","Código"
"Internal field. Can contain only letters, digits and underscore.","Campo interno. Solo puede contener letras, dígitos y guiones bajos."
"Type","Tipo"
"Description","Descripción"
"Options list","Lista de opciones"
"Only for drop-down list. Enter each value from the new line using format:<br>value1 | label1<br>value2 | label2","Solo para listas desplegables. Introduzca cada valor en una nueva línea usando el formato:<br>valor1 | etiqueta1<br>valor2 | etiqueta2"
"Show value in customer account","Mostrar valor en la cuenta del cliente"
"Show in create ticket form","Mostrar en el formulario de creación de tickets"
"Show in contact us form","Mostrar en el formulario de contacto"
"Required for customers","Obligatorio para los clientes"
"Required for staff","Obligatorio para el personal"
"Authorization Type","Tipo de autorización"
"OAuth2 Client ID","OAuth2 Client ID"
"OAuth2 Client Secret","OAuth2 Client Secret"
"OAuth2 Redirect URI","OAuth2 Redirect URI"
"Use this URL when configuring OAuth2 credentials in Google Cloud Console","Use esta URL al configurar las credenciales OAuth2 en Google Cloud Console"
"Gmail Connection","Conexión de Gmail"
"Connection Status","Estado de la conexión"
"Login","Inicio de sesión"
"Password","Contraseña"
"Host","Host"
"Protocol","Protocolo"
"Encryption","Cifrado"
"Port","Puerto"
"Fetch Frequency (minutes)","Frecuencia de obtención (minutos)"
"Fetch Max","Obtención máxima"
"Fetch Only X Last Emails","Obtener solo los últimos X correos electrónicos"
"Can be useful for some mailboxes. Leave empty to disable this feature.","Puede ser útil para algunos buzones. Deje vacío para desactivar esta función."
"Remove emails after fetching","Eliminar correos electrónicos después de la obtención"
"Auto-assign tickets to Store View","Asignar tickets automáticamente a vista de tienda"
"Auto-assign tickets to department","Asignar tickets automáticamente al departamento"
"Notes","Notas"
"Create New Department","Crear nuevo departamento"
"Change status","Cambiar estado"
"Inactive","Inactivo"
"Delete items","Eliminar elementos"
"Are you sure you want to delete selected items?","¿Está seguro de que desea eliminar los elementos seleccionados?"
"Is Active","Está activo"
"Create New Field","Crear nuevo campo"
"Create New Gateway","Crear nueva pasarela"
"Last Fetched At","Última obtención el"
"Last Fetch Result","Resultado de la última obtención"
"Create New Pattern","Crear nuevo patrón"
"Create New Permission","Crear nuevo permiso"
"Role","Rol"
"Has Access to Tickets of Departments","Tiene acceso a tickets de departamentos"
"Can Remove Tickets","Puede eliminar tickets"
"Create New Priority","Crear nueva prioridad"
"Color","Color"
"Create New Rule","Crear nueva regla"
"Stop Processing","Detener procesamiento"
"Remote Ip","IP remota"
"View Ticket","Ver ticket"
"Create New Schedule","Crear nuevo horario"
"Holiday","Festivo"
"Active From","Activo desde"
"Active To","Activo hasta"
"Create New Status","Crear nuevo estado"
"Create New Template","Crear nueva plantilla"
"Select...","Seleccionar..."
"Mark as Spam","Marcar como spam"
"Mark as Archive","Marcar como archivo"
"Merge tickets","Fusionar tickets"
"Mark as Inbox","Marcar como bandeja de entrada"
"Change Assignee","Cambiar responsable"
"Requester","Solicitante"
"Requester Email","Correo electrónico del solicitante"
"Scope","Ámbito"
"If one of these characters uses as part of the string it should be escaped with \(backslash ): . \ + * ? [ ^ ] $ ( ) { } = ! < > | : - #. The pattern should be enclosed by delimiters.","Si uno de estos caracteres se usa como parte de la cadena, debe escaparse con \(barra invertida): . \ + * ? [ ^ ] $ ( ) { } = ! < > | : - #. El patrón debe estar encerrado entre delimitadores."
"Allows access to tickets of departments","Permite el acceso a tickets de departamentos"
"Can Delete Tickets","Puede eliminar tickets"
"Rule Name","Nombre de la regla"
"Arranged in the ascending order. 0 is the highest.","Ordenado en orden ascendente. 0 es el más alto."
"Stop Further Rules Processing","Detener el procesamiento de más reglas"
"Conditions","Condiciones"
"Event","Evento"
"Actions","Acciones"
"Set Status","Establecer estado"
"Set Priority","Establecer prioridad"
"Set Department","Establecer departamento"
"Set Owner","Establecer propietario"
"Add Tags","Añadir etiquetas"
"Remove Tags","Eliminar etiquetas"
"Notifications","Notificaciones"
"Send email to ticket owner","Enviar correo electrónico al propietario del ticket"
"Send email to all department users","Enviar correo electrónico a todos los usuarios del departamento"
"Send email to customer","Enviar correo electrónico al cliente"
"Send email to other email addresses","Enviar correo electrónico a otras direcciones de correo electrónico"
"Email subject","Asunto del correo electrónico"
"Email Body","Cuerpo del correo electrónico"
"Attach files previously attached to the last message","Adjuntar archivos previamente adjuntados al último mensaje"
"Stores","Tiendas"
"Is Holiday","Es festivo"
"Timezone","Zona horaria"
"Open message","Mensaje de abierto"
"Closed message","Mensaje de cerrado"
"Internal Title","Título interno"
"Template","Plantilla"
"Request ID","ID de solicitud"
"Admin or integration authorization is required.","Se requiere autorización de administrador o de integración."
"Internal notes require an admin identity and cannot be added with an integration token.","Las notas internas requieren una identidad de administrador y no se pueden añadir con un token de integración."
"OAuth2 (Microsoft 365 / Exchange Online)","OAuth2 (Microsoft 365 / Exchange Online)"
"Microsoft Directory (tenant) ID","ID del directorio de Microsoft (tenant)"
"Azure AD Directory (tenant) ID, from the Azure App registration Overview page. Leave empty to use ""common"".","ID del directorio de Azure AD (tenant), desde la página Overview del registro de la aplicación de Azure. Déjelo vacío para usar ""common""."
"Register this URL as the redirect URI in your OAuth2 app (Google Cloud Console for Gmail, or the Azure App Registration for Microsoft 365 / Exchange Online).","Registre esta URL como redirect URI en su aplicación OAuth2 (Google Cloud Console para Gmail, o el Azure App Registration para Microsoft 365 / Exchange Online)."
"Mailbox Connection","Conexión del buzón"
"Connect Mailbox","Conectar buzón"
"Click this button to authorize mailbox access via OAuth2","Haga clic en este botón para autorizar el acceso al buzón mediante OAuth2"
"Successfully connected the mailbox!","¡Buzón conectado correctamente!"
"Gateway was successfully saved. Please click ""Connect"" to authorize the mailbox.","La puerta de enlace se guardó correctamente. Haga clic en ""Connect"" para autorizar el buzón."
"Please save the gateway first before connecting the mailbox.","Guarde primero la puerta de enlace antes de conectar el buzón."
"How to obtain Gmail OAuth2 credentials","Cómo obtener las credenciales de OAuth2 de Gmail"
"Open the Google Cloud Console and create (or pick) a project.","Abra la Google Cloud Console y cree (o elija) un proyecto."
"Go to APIs & Services then Credentials, click Create Credentials and choose OAuth client ID (application type: Web application).","Vaya a APIs & Services y luego a Credentials, haga clic en Create Credentials y elija OAuth client ID (tipo de aplicación: Web application)."
"Open Google Cloud Console Credentials","Abrir Google Cloud Console Credentials"
"Add the OAuth2 Redirect URI shown below to the Authorized redirect URIs list.","Añada la OAuth2 Redirect URI que se muestra a continuación a la lista de Authorized redirect URIs."
"On the OAuth consent screen add the gmail.modify and userinfo.email scopes, then copy the generated Client ID and Client Secret into the fields below.","En la OAuth consent screen añada los ámbitos gmail.modify y userinfo.email, luego copie el Client ID y el Client Secret generados en los campos de abajo."
"Open OAuth consent screen","Abrir OAuth consent screen"
"How to obtain Microsoft 365 / Exchange Online OAuth2 credentials","Cómo obtener las credenciales de OAuth2 de Microsoft 365 / Exchange Online"
"Open the Azure portal and go to App registrations, then register a new application (supported account types as your tenant requires).","Abra el portal de Azure y vaya a App registrations, luego registre una nueva aplicación (tipos de cuenta admitidos según lo requiera su tenant)."
"Open Azure App registrations","Abrir Azure App registrations"
"Copy the Application (client) ID and the Directory (tenant) ID from the app Overview page into the fields below (leave tenant empty to use common).","Copie el Application (client) ID y el Directory (tenant) ID de la página Overview de la aplicación en los campos de abajo (deje tenant vacío para usar common)."
"Under Certificates & secrets create a new client secret and copy its Value into the OAuth2 Client Secret field below.","En Certificates & secrets cree un nuevo client secret y copie su Value en el campo OAuth2 Client Secret de abajo."
"Under Authentication add a Web platform and register the OAuth2 Redirect URI shown below exactly as displayed.","En Authentication añada una plataforma Web y registre la OAuth2 Redirect URI que se muestra a continuación exactamente como aparece."
"Under API permissions add the delegated Office 365 Exchange Online IMAP.AccessAsUser.All and offline_access permissions, then grant admin consent.","En API permissions añada los permisos delegados Office 365 Exchange Online IMAP.AccessAsUser.All y offline_access, luego conceda el consentimiento de administrador."
"For Gmail: the OAuth client ID from Google Cloud Console (APIs & Services then Credentials). For Microsoft 365: the Application (client) ID from the Azure App registration Overview page. See the steps above.","Para Gmail: el OAuth client ID de la Google Cloud Console (APIs & Services y luego Credentials). Para Microsoft 365: el Application (client) ID de la página Overview del registro de la aplicación de Azure. Consulte los pasos anteriores."
"For Gmail: the client secret created alongside the OAuth client ID in Google Cloud Console. For Microsoft 365: the client secret Value from Certificates & secrets in the Azure App registration. See the steps above.","Para Gmail: el client secret creado junto con el OAuth client ID en la Google Cloud Console. Para Microsoft 365: el Value del client secret de Certificates & secrets en el registro de la aplicación de Azure. Consulte los pasos anteriores."
