"Help Desk Tickets (%1)","Tickets du service d'assistance (%1)"
"Departments","Départements"
"Add New Department","Ajouter un nouveau département"
"Custom Fields","Champs personnalisés"
"Add New Field","Ajouter un nouveau champ"
"Gateways","Passerelles"
"Add New Gateway","Ajouter une nouvelle passerelle"
"Tickets","Tickets"
"Priorities","Priorités"
"Statuses","Statuts"
"Quick Responses","Réponses rapides"
"SPAM patterns","Modèles SPAM"
"Permissions","Autorisations"
"Workflow Rules","Règles de workflow"
"Satisfaction Survey Results","Résultats de l'enquête de satisfaction"
"Working Hours","Heures de travail"
"Reports","Rapports"
"Refresh Statistics","Actualiser les statistiques"
"Settings","Paramètres"
"Spam Filter Patterns","Modèles de filtre anti-spam"
"Add New Pattern","Ajouter un nouveau modèle"
"Add New Permission","Ajouter une nouvelle autorisation"
"Add New Priority","Ajouter une nouvelle priorité"
"Add New Rule","Ajouter une nouvelle règle"
"Apply the rule only if the following conditions are met:","Appliquer la règle uniquement si les conditions suivantes sont remplies :"
"Help Desk Tickets","Tickets du service d'assistance"
"Create a ticket for this order","Créer un ticket pour cette commande"
"Satisfaction Survey","Enquête de satisfaction"
"Schedule","Planning"
"Add New Schedule","Ajouter un nouveau planning"
"General Information","Informations générales"
"Working days/hours","Jours/heures de travail"
"Spam Folder","Dossier spam"
"Add New Status","Ajouter un nouveau statut"
"Add New Template","Ajouter un nouveau modèle"
"Create New Ticket","Créer un nouveau ticket"
"Previous Ticket","Ticket précédent"
"Next Ticket","Ticket suivant"
"Convert to RMA","Convertir en RMA"
"Save","Enregistrer"
"Save & Edit","Enregistrer et modifier"
"To Archive","Aux archives"
"To Spam","Vers spam"
"Delete","Supprimer"
"Are you sure you want to do this?","Êtes-vous sûr de vouloir effectuer cette action ?"
"To Inbox","Vers la boîte de réception"
"Additional Information","Informations supplémentaires"
"Subject","Sujet"
"Store View","Vue de la boutique"
"Channel","Canal"
"open page","ouvrir la page"
"External Link","Lien externe"
"Tags","Étiquettes"
"comma-separated list","liste séparée par des virgules"
"Customer Note","Note client"
"This field is shared for all of this customer's tickets.","Ce champ est partagé pour tous les tickets de ce client."
"Follow Up","Relance"
"Period","Période"
"Period Value","Valeur de la période"
"Execute At","Exécuter à"
"Send Reminder","Envoyer un rappel"
"Set Status To","Définir le statut à"
"Set Priority To","Définir la priorité à"
"Set Owner To","Définir le propriétaire à"
"Unassigned","Non attribué"
"Loading...","Chargement..."
"%1, %2","%1, %2"
"Select a store","Sélectionner une boutique"
"Store","Boutique"
"General","Général"
"Additional","Supplémentaire"
"Other Tickets (%1)","Autres tickets (%1)"
"ID","ID"
"Customer Name","Nom du client"
"Last Replier","Dernier répondant"
"Owner","Propriétaire"
"Department","Département"
"Status","Statut"
"Priority","Priorité"
"Replies","Réponses"
"Created At","Créé le"
"Updated At","Mis à jour le"
"Last Reply At","Dernière réponse le"
"Last Activity","Dernière activité"
"Action","Action"
"View","Voir"
"Change Status","Changer le statut"
"Change Owner","Changer le propriétaire"
"Merge","Fusionner"
"Are you sure you want to proceed? This action is not reversible.","Êtes-vous sûr de vouloir continuer ? Cette action est irréversible."
"Archive","Archiver"
"Are you sure?","Êtes-vous sûr ?"
"Mark as spam","Marquer comme spam"
"Add Ticket","Ajouter un ticket"
"Help Desk","Service d'assistance"
"Help Desk Settings","Paramètres du service d'assistance"
"Signature for Emails","Signature pour les e-mails"
"Thank you","Merci"
"Processing Rate","Taux de traitement"
"Create Ticket","Créer un ticket"
"[%1] %2","[%1] %2"
"You are not allowed to add the message to the current ticket as it is locked. To contact support team you should create a new ticket.","Vous n'êtes pas autorisé à ajouter un message au ticket actuel car il est verrouillé. Pour contacter l'équipe d'assistance, vous devez créer un nouveau ticket."
"--/--/--","--/--/--"
"unlocked","déverrouillé"
"locked","verrouillé"
"New Department","Nouveau département"
"Department  Manager","Gestionnaire de départements"
"Department Manager","Gestionnaire de département"
"Add Department","Ajouter un département"
"Add Department","Ajouter un département"
"Department was successfully deleted","Le département a été supprimé avec succès"
"Edit Department '%1'","Modifier le département « %1 »"
"Edit Department","Modifier le département"
"The Department does not exist.","Le département n'existe pas."
"Department was successfully saved","Le département a été enregistré avec succès"
"Unable to find Department to save","Impossible de trouver le département à enregistrer"
"Wrong request.","Requête incorrecte."
"This ticket does not exist anymore.","Ce ticket n'existe plus."
"New Field","Nouveau champ"
"Field  Manager","Gestionnaire de champs"
"Field Manager","Gestionnaire de champ"
"Add Field","Ajouter un champ"
"Add Field","Ajouter un champ"
"Field was successfully deleted","Le champ a été supprimé avec succès"
"Edit Field '%1'","Modifier le champ « %1 »"
"Edit Field","Modifier le champ"
"The Field does not exist.","Le champ n'existe pas."
"Field with the same code already exists","Un champ avec le même code existe déjà"
"Field was successfully saved","Le champ a été enregistré avec succès"
"Unable to find Field to save","Impossible de trouver le champ à enregistrer"
"Please, ask your hosting provider to enable the IMAP extension in PHP configuration of your server. Otherwise, helpdesk will not be able to fetch emails.","Veuillez demander à votre hébergeur d'activer l'extension IMAP dans la configuration PHP de votre serveur. Sinon, le service d'assistance ne pourra pas récupérer les e-mails."
"New Gateway","Nouvelle passerelle"
"Gateway  Manager","Gestionnaire de passerelles"
"Gateway Manager","Gestionnaire de passerelle"
"Add Gateway","Ajouter une passerelle"
"Add Gateway","Ajouter une passerelle"
"done","terminé"
"Gateway was successfully deleted","La passerelle a été supprimée avec succès"
"Edit Gateway '%1'","Modifier la passerelle « %1 »"
"Edit Gateway","Modifier la passerelle"
"The Gateway does not exist.","La passerelle n'existe pas."
"OAuth2 authorization failed: %1","Échec de l'autorisation OAuth2 : %1"
"Invalid OAuth2 callback parameters.","Paramètres de rappel OAuth2 non valides."
"Invalid state parameter.","Paramètre d'état non valide."
"CSRF token validation failed.","La validation du jeton CSRF a échoué."
"Gateway not found.","Passerelle introuvable."
"Connected","Connecté"
"Connected to %1","Connecté à %1"
"No email connected","Aucun e-mail connecté"
"Successfully connected to Gmail!","Connexion à Gmail réussie !"
"Failed to obtain access token.","Impossible d'obtenir le jeton d'accès."
"OAuth2 token exchange failed: %1","Échec de l'échange de jetons OAuth2 : %1"
"Gateway ID is required.","L'ID de la passerelle est requis."
"Please configure OAuth2 Client ID and Secret first.","Veuillez d'abord configurer l'ID client OAuth2 et le secret."
"Gateway was successfully saved. Please click ""Connect to Gmail"" to authorize.","La passerelle a été enregistrée avec succès. Veuillez cliquer sur « Connect to Gmail » pour autoriser."
"Gateway was successfully saved. Connection has been established.","La passerelle a été enregistrée avec succès. La connexion a été établie."
"Unable to find Gateway to save","Impossible de trouver la passerelle à enregistrer"
"A total of %1 record(s) have been updated.","Un total de %1 enregistrement(s) ont été mis à jour."
"A total of %1 record(s) have been deleted.","Un total de %1 enregistrement(s) ont été supprimés."
"New Pattern","Nouveau modèle"
"Pattern  Manager","Gestionnaire de modèles"
"Pattern Manager","Gestionnaire de modèle"
"Add Pattern","Ajouter un modèle"
"Add Pattern","Ajouter un modèle"
"Pattern was successfully deleted","Le modèle a été supprimé avec succès"
"Edit Pattern '%1'","Modifier le modèle « %1 »"
"Edit Pattern","Modifier le modèle"
"The Pattern does not exist.","Le modèle n'existe pas."
"Pattern was successfully saved","Le modèle a été enregistré avec succès"
"You have written an incorrect pattern","Vous avez saisi un modèle incorrect"
"Unable to find Pattern to save","Impossible de trouver le modèle à enregistrer"
"New Permission","Nouvelle autorisation"
"Permission  Manager","Gestionnaire d'autorisations"
"Permission Manager","Gestionnaire d'autorisation"
"Add Permission","Ajouter une autorisation"
"Add Permission","Ajouter une autorisation"
"Permission was successfully deleted","L'autorisation a été supprimée avec succès"
"Edit Permission","Modifier l'autorisation"
"Edit Permission","Modifier l'autorisation"
"Permission does not exist.","L'autorisation n'existe pas."
"Permission was successfully saved","L'autorisation a été enregistrée avec succès"
"Unable to find Permission to save","Impossible de trouver l'autorisation à enregistrer"
"New Priority","Nouvelle priorité"
"Priority  Manager","Gestionnaire de priorités"
"Priority Manager","Gestionnaire de priorité"
"Add Priority","Ajouter une priorité"
"Add Priority","Ajouter une priorité"
"Priority was successfully deleted","La priorité a été supprimée avec succès"
"Edit Priority '%1'","Modifier la priorité « %1 »"
"Edit Priority","Modifier la priorité"
"The Priority does not exist.","La priorité n'existe pas."
"Priority was successfully saved","La priorité a été enregistrée avec succès"
"Unable to find Priority to save","Impossible de trouver la priorité à enregistrer"
"Statistics was successfully updated","Les statistiques ont été mises à jour avec succès"
"Helpdesk","Service d'assistance"
"New Rule","Nouvelle règle"
"Rule  Manager","Gestionnaire de règles"
"Rule Manager","Gestionnaire de règle"
"Add Rule","Ajouter une règle"
"Add Rule","Ajouter une règle"
"Rule was successfully deleted","La règle a été supprimée avec succès"
"Edit Rule '%1'","Modifier la règle « %1 »"
"Edit Rule","Modifier la règle"
"The Rule does not exist.","La règle n'existe pas."
"Rule was successfully saved","La règle a été enregistrée avec succès"
"Unable to find Rule to save","Impossible de trouver la règle à enregistrer"
"New Satisfaction","Nouvelle satisfaction"
"Satisfaction  Manager","Gestionnaire de satisfaction"
"Satisfaction Manager","Gestionnaire de satisfaction"
"Add Satisfaction","Ajouter une satisfaction"
"Add Satisfaction","Ajouter une satisfaction"
"Satisfaction was successfully deleted","La satisfaction a été supprimée avec succès"
"Edit Satisfaction '%1'","Modifier la satisfaction « %1 »"
"Edit Satisfaction","Modifier la satisfaction"
"The Satisfaction does not exist.","La satisfaction n'existe pas."
"Satisfaction was successfully saved","La satisfaction a été enregistrée avec succès"
"Unable to find Satisfaction to save","Impossible de trouver la satisfaction à enregistrer"
"New Schedule","Nouveau planning"
"Schedule Manager","Gestionnaire de planning"
"Add Schedule","Ajouter un planning"
"Add Schedule","Ajouter un planning"
"You can not delete this schedule, because there are gateways using it.
                         Please, change gateways settings","Vous ne pouvez pas supprimer ce planning, car des passerelles l'utilisent.
                         Veuillez modifier les paramètres des passerelles"
"Schedule was successfully deleted","Le planning a été supprimé avec succès"
"Edit Schedule '%1'","Modifier le planning « %1 »"
"Edit Schedule","Modifier le planning"
"The Schedule does not exist.","Le planning n'existe pas."
"Schedules","Plannings"
"Working days/hours is a required field.","Les jours/heures de travail sont un champ obligatoire."
"Schedule was successfully saved","Le planning a été enregistré avec succès"
"Unable to find a Schedule to save","Impossible de trouver un planning à enregistrer"
"Ticket was successfully moved to the Tickets folder","Le ticket a été déplacé avec succès vers le dossier Tickets"
"Edit Spam '%1'","Modifier le spam « %1 »"
"Edit Spam","Modifier le spam"
"The spam does not exist.","Le spam n'existe pas."
"Please select spam(s)","Veuillez sélectionner un ou plusieurs spams"
"Total of %1 record(s) were successfully moved to the Tickets folder","Un total de %1 enregistrement(s) ont été déplacés avec succès vers le dossier Tickets"
"Total of %1 record(s) were successfully deleted","Un total de %1 enregistrement(s) ont été supprimés avec succès"
"New Status","Nouveau statut"
"Status  Manager","Gestionnaire de statuts"
"Status Manager","Gestionnaire de statut"
"Add Status","Ajouter un statut"
"Add Status","Ajouter un statut"
"Status was successfully deleted","Le statut a été supprimé avec succès"
"Edit Status '%1'","Modifier le statut « %1 »"
"Edit Status","Modifier le statut"
"The Status does not exist.","Le statut n'existe pas."
"Status was successfully saved","Le statut a été enregistré avec succès"
"Unable to find a Status to save","Impossible de trouver un statut à enregistrer"
"New Template","Nouveau modèle"
"Template  Manager","Gestionnaire de modèles"
"Template Manager","Gestionnaire de modèle"
"Add Template","Ajouter un modèle"
"Add Template","Ajouter un modèle"
"Template was successfully deleted","Le modèle a été supprimé avec succès"
"Edit Template '%1'","Modifier le modèle « %1 »"
"Edit Template","Modifier le modèle"
"The Template does not exist.","Le modèle n'existe pas."
"Template was successfully saved","Le modèle a été enregistré avec succès"
"Unable to find a Template to save","Impossible de trouver un modèle à enregistrer"
"New Ticket","Nouveau ticket"
"Ticket Manager","Gestionnaire de tickets"
"Add Ticket","Ajouter un ticket"
"Ticket was moved to Archive","Le ticket a été déplacé vers les archives"
"The file does not exist or has been deleted.","Le fichier n'existe pas ou a été supprimé."
"Ticket was successfully deleted","Le ticket a été supprimé avec succès"
"Edit Ticket","Modifier le ticket"
"The ticket does not exist.","Le ticket n'existe pas."
"Total of %1 record(s) were moved to Archive.","Un total de %1 enregistrement(s) ont été déplacés vers les archives."
"Please select ticket(s)","Veuillez sélectionner un ou plusieurs tickets"
"Total of %1 record(s) were moved to the Spam folder","Un total de %1 enregistrement(s) ont été déplacés vers le dossier spam"
"Total of %1 record(s) were successfully updated","Un total de %1 enregistrement(s) ont été mis à jour avec succès"
"Total of %1 record(s) Assignee was changed.","Le destinataire de %1 enregistrement(s) au total a été modifié."
"You don't have permission for this operation.","Vous n'avez pas l'autorisation d'effectuer cette opération."
"Total of %1 record(s) were moved to the Inbox folder.","Un total de %1 enregistrement(s) ont été déplacés vers le dossier Boîte de réception."
"Please select 2 or more tickets","Veuillez sélectionner 2 tickets ou plus"
"Total of %1 record(s) were successfully merged","Un total de %1 enregistrement(s) ont été fusionnés avec succès"
"Total of %1 record(s) were moved to the Spam folder.","Un total de %1 enregistrement(s) ont été déplacés vers le dossier spam."
"Ticket was moved to the Inbox","Le ticket a été déplacé vers la boîte de réception"
"Message was successfully sent","Le message a été envoyé avec succès"
"Ticket was successfully updated","Le ticket a été mis à jour avec succès"
"Field ""Cc"" is limited by %1 emails","Le champ « Cc » est limité à %1 e-mails"
"Something went wrong while saving the ticket.","Une erreur s'est produite lors de l'enregistrement du ticket."
"Unable to find ticket to save","Impossible de trouver le ticket à enregistrer"
"Incorrect email format.","Format d'e-mail incorrect."
"Incorrect CC format.","Format CC incorrect."
"Incorrect BCC format.","Format BCC incorrect."
"Ticket was moved to the Spam folder","Le ticket a été déplacé vers le dossier spam"
"Your request was successfully submitted. You should receive a confirmation email shortly.","Votre demande a été envoyée avec succès. Vous devriez recevoir un e-mail de confirmation sous peu."
"Unable to submit your request. Please, try again later","Impossible d'envoyer votre demande. Veuillez réessayer plus tard"
"Field ""Name"" is required","Le champ « Nom » est obligatoire"
"Field ""Comment"" is required","Le champ « Commentaire » est obligatoire"
"Something went wrong","Une erreur s'est produite"
"Telephone","Téléphone"
"Your inquiry was submitted and will be responded to as soon as possible. Thank you for contacting us.","Votre demande a été envoyée et recevra une réponse dans les meilleurs délais. Merci de nous avoir contactés."
"Sorry, for technical reasons you can't submit your query from this browser. Please try using a different browser or computer.","Désolé, pour des raisons techniques, vous ne pouvez pas soumettre votre requête depuis ce navigateur. Veuillez essayer avec un autre navigateur ou ordinateur."
"Page not found.","Page introuvable."
"Your message was successfully posted","Votre message a été publié avec succès"
"Your ticket was successfully posted","Votre ticket a été publié avec succès"
"Ticket was successfully closed","Le ticket a été fermé avec succès"
"wrong URL","URL incorrecte"
"Can't upload file %1 . Max allowed upload size is %2 MB.","Impossible de téléverser le fichier %1. La taille maximale autorisée est de %2 Mo."
"Allows only this file types: %1","Autorise uniquement ces types de fichiers : %1"
"%1:%2 (%3) is open.","%1:%2 (%3) est ouvert."
"%1:%2 is closed.","%1:%2 est fermé."
"%1 Help Desk","%1 Service d'assistance"
"You have %1 unread notifications.","Vous avez %1 notifications non lues."
"Ticket ""%1"" was created.","Le ticket « %1 » a été créé."
"New message was added to the ticket ""%1""","Un nouveau message a été ajouté au ticket « %1 »"
"Ticket ""%1"" was assigned to you.","Le ticket « %1 » vous a été attribué."
"%1 is editing now","%1 est en train de modifier"
"%1 has opened this ticket %2","%1 a ouvert ce ticket %2"
"%1 have opened this ticket %2","%1 ont ouvert ce ticket %2"
"please type your reply above this line","veuillez saisir votre réponse au-dessus de cette ligne"
"Can't fetch.
                Please, ask your hosting provider to enable the IMAP extension in PHP configuration of your server.","Impossible de récupérer.
                Veuillez demander à votre hébergeur d'activer l'extension IMAP dans la configuration PHP de votre serveur."
"Yes","Oui"
"No","Non"
"Unable to define email sender","Impossible de définir l'expéditeur de l'e-mail"
"Rule '%1'","Règle « %1 »"
"Follow Up actions","Actions de relance"
"%1: %2 => %3","%1 : %2 => %3"
"%1: %2","%1 : %2"
"Ticket was merged to: %1","Le ticket a été fusionné vers : %1"
"Ticket was merged with: %1","Le ticket a été fusionné avec : %1"
"Message added","Message ajouté"
"Internal note added","Note interne ajoutée"
"Third party message added","Message de tiers ajouté"
"Private third party message added","Message privé de tiers ajouté"
"Folder","Dossier"
"Order","Commande"
"User","Utilisateur"
"Customer","Client"
"Customer Email","E-mail du client"
"Cc","Cc"
"Bcc","Cci"
"-- Please Select --","-- Veuillez sélectionner --"
"Inbox","Boîte de réception"
"Spam","Spam"
"Email","E-mail"
"Backend","Back-office"
"Contact Tab","Onglet Contact"
"Contact Form","Formulaire de contact"
"Customer Account","Compte client"
"Public Reply","Réponse publique"
"Internal Note","Note interne"
"Message to Third Party","Message à un tiers"
"Internal Note to Third Party","Note interne à un tiers"
"at %1 (%2) - %3","à %1 (%2) - %3"
"You don't have permissions to read this ticket. Please, contact your administrator.","Vous n'avez pas les autorisations pour lire ce ticket. Veuillez contacter votre administrateur."
"Field ""Name"" is incorrect.","Le champ « Nom » est incorrect."
"Email field should not be empty","Le champ e-mail ne doit pas être vide"
"Submitted from the page:","Soumis depuis la page :"
"Invalid Customer Email","E-mail client non valide"
"Ticket was merged to %1","Le ticket a été fusionné avec %1"
"Pattern","Modèle"
"Attribute Value","Valeur de l'attribut"
"Default","Par défaut"
"Integer","Entier"
"Price","Prix"
"Strip Tags","Supprimer les balises"
"Ticket Attributes","Attributs du ticket"
"Wrong URL","URL incorrecte"
"Unknown time","Heure inconnue"
"ago","il y a"
"from now","à partir de maintenant"
"1 sec ago","il y a 1 s"
"Links:","Liens :"
"Open Ticket","Ouvrir le ticket"
"Open Tickets","Tickets ouverts"
"! Blocked file -","! Fichier bloqué -"
"File System","Système de fichiers"
"Database","Base de données"
"IMAP","IMAP"
"OAuth2 (Gmail)","OAuth2 (Gmail)"
"Aqua","Aqua"
"Grey","Gris"
"Navy","Marine"
"Silver","Argent"
"Black","Noir"
"Green","Vert"
"Olive","Olive"
"Teal","Sarcelle"
"Blue","Bleu"
"Lime","Citron vert"
"Purple","Violet"
"Fuchsia","Fuchsia"
"Maroon","Bordeaux"
"Red","Rouge"
"Orange","Orange"
"Yellow","Jaune"
"NONE","AUCUN"
"SSL","SSL"
"Text","Texte"
"Multi-line text","Texte multi-ligne"
"Date","Date"
"Checkbox","Case à cocher"
"Drop-down list","Liste déroulante"
"In minutes...","En minutes..."
"In hours...","En heures..."
"In days...","En jours..."
"In weeks...","En semaines..."
"In months...","En mois..."
"Custom","Personnalisé"
"Move to Archive","Déplacer vers les archives"
"Move from Archive","Déplacer depuis les archives"
"All users","Tous les utilisateurs"
"Left","Gauche"
"Right","Droite"
"POP","POP"
"Great!","Super !"
"OK","OK"
"Bad","Mauvais"
"--Please Select--","--Veuillez sélectionner--"
"New ticket created","Nouveau ticket créé"
"New reply from customer","Nouvelle réponse du client"
"New reply from staff","Nouvelle réponse du personnel"
"New reply from third party","Nouvelle réponse d'un tiers"
"Ticket assigned to staff","Ticket attribué au personnel"
"Ticket was changed","Le ticket a été modifié"
"Ticket was converted to RMA","Le ticket a été converti en RMA"
"Check every hour","Vérifier toutes les heures"
"Headers","En-têtes"
"Body","Corps"
"Using Department Name (e.g. Sales)","Utiliser le nom du département (ex. Ventes)"
"Using Staff Name (e.g. John Doe)","Utiliser le nom du collaborateur (ex. Jean Dupont)"
"Using Custom Template","Utiliser un modèle personnalisé"
"Last Reply","Dernière réponse"
"View link","Voir le lien"
"%1 attachments were deleted","%1 pièces jointes ont été supprimées"
"desktop notifications","notifications de bureau"
"%1 %2 were deleted","%1 %2 ont été supprimés"
"Process is locked","Le processus est verrouillé"
"Locked","Verrouillé"
"Success","Succès"
"Pattern is invalid","Le modèle n'est pas valide"
"""%1"" department is using as default department in next gateway(s) with id: %2.
                Please change it first.","Le département « %1 » est utilisé comme département par défaut dans la ou les passerelles suivantes avec l'ID : %2.
                Veuillez d'abord le modifier."
"""%1"" department is used as the default department in the option ""Feedback Tab > Assign to Department"".
                Please change this option first.","Le département « %1 » est utilisé comme département par défaut dans l'option « Onglet Commentaires > Attribuer au département ».
                Veuillez d'abord modifier cette option."
"Update the Ticket","Mettre à jour le ticket"
"Conditions Combination","Combinaison de conditions"
"Ticket Attribute","Attribut du ticket"
"Last 7-days Clicks","Clics des 7 derniers jours"
"Last 7-days Orders","Commandes des 7 derniers jours"
"Last 7-days Revenue","Chiffre d'affaires des 7 derniers jours"
"Last 7-days Conversation Rate (%)","Taux de conversion des 7 derniers jours (%)"
"Last message body","Corps du dernier message"
"Priority (before change)","Priorité (avant modification)"
"Status (before change)","Statut (avant modification)"
"Department (before change)","Département (avant modification)"
"Owner (before change)","Propriétaire (avant modification)"
"Folder (before change)","Dossier (avant modification)"
"Last Reply By","Dernière réponse par"
"Last Reply Type","Type de dernière réponse"
"Hours since Created","Heures depuis la création"
"Hours since Updated","Heures depuis la mise à jour"
"Hours since Last reply","Heures depuis la dernière réponse"
"Ticket Source (Channel)","Source du ticket (Canal)"
"%1 (before change)","%1 (avant modification)"
"Staff","Personnel"
"Third party","Tiers"
"Closed","Fermé"
"Opened 24hr","Ouvert 24 h/24"
"Searchable attributes not defined","Attributs recherchables non définis"
"- Disable these emails -","- Désactiver ces e-mails -"
"Authentication failed for the Gateway(s) ""%1""
                                <br> To hide this message, re-save the above Gateway(s) and run cron,
                                or disable the above Gateway(s) <a href=""%2"">help desk gateways</a>.","L'authentification a échoué pour la ou les passerelles « %1 »
                                <br> Pour masquer ce message, enregistrez à nouveau la ou les passerelles ci-dessus et exécutez cron,
                                ou désactivez la ou les passerelles ci-dessus <a href=""%2"">passerelles du service d'assistance</a>."
"The Help Desk can't fetch new emails.
                Please, try to run bin/magento mirasvit:helpdesk:run to determine the source of this problem.","Le service d'assistance ne peut pas récupérer les nouveaux e-mails.
                Veuillez essayer d'exécuter bin/magento mirasvit:helpdesk:run pour déterminer la source de ce problème."
"Help desk can't fetch emails.","Le service d'assistance ne peut pas récupérer les e-mails."
"<br> To temporarily hide this message, disable all <a href=""%1"">help desk gateways</a>.","<br> Pour masquer temporairement ce message, désactivez toutes les <a href=""%1"">passerelles du service d'assistance</a>."
"Help Desk can't fetch new emails.
                 Please, check that you are running cron for bin/magento mirasvit:helpdesk:run.","Le service d'assistance ne peut pas récupérer les nouveaux e-mails.
                 Veuillez vérifier que vous exécutez cron pour bin/magento mirasvit:helpdesk:run."
"Helpdesk Tickets","Tickets du service d'assistance"
"Department with id ""%1"" does not exist.","Le département avec l'ID « %1 » n'existe pas."
"Field with id ""%1"" does not exist.","Le champ avec l'ID « %1 » n'existe pas."
"Priority with id ""%1"" does not exist.","La priorité avec l'ID « %1 » n'existe pas."
"Satisfaction with id ""%1"" does not exist.","La satisfaction avec l'ID « %1 » n'existe pas."
"Cannot delete satisfaction with id %1","Impossible de supprimer la satisfaction avec l'ID %1"
"Status with id ""%1"" does not exist.","Le statut avec l'ID « %1 » n'existe pas."
"Template with id ""%1"" does not exist.","Le modèle avec l'ID « %1 » n'existe pas."
"Cannot delete ticket with id %1","Impossible de supprimer le ticket avec l'ID %1"
"Admin authorization is required.","L'autorisation administrateur est requise."
"Message body cannot be empty.","Le corps du message ne peut pas être vide."
"Invalid folder ""%1"". Allowed: 1 (Inbox), 2 (Archive), 3 (Spam)","Dossier non valide « %1 ». Autorisé : 1 (Boîte de réception), 2 (Archives), 3 (Spam)"
"Invalid customer email format.","Format d'e-mail client non valide."
"Invalid %1 email format: %2","Format d'e-mail %1 non valide : %2"
"Invalid message type ""%1"". Allowed: %2","Type de message non valide « %1 ». Autorisé : %2"
"Area: ""%1""","Zone : « %1 »"
"Ticket ID: ""%1""","ID du ticket : « %1 »"
"Customer ID: ""%1""","ID client : « %1 »"
"User ID: ""%1""","ID utilisateur : « %1 »"
"Some tickets could not be parsed. Please check logs.","Certains tickets n'ont pas pu être analysés. Veuillez consulter les journaux."
"Edit","Modifier"
"All Departments","Tous les départements"
"All Roles","Tous les rôles"
"Back","Retour"
"Reset","Réinitialiser"
"Save and Continue Edit","Enregistrer et continuer la modification"
"Debug","Débogage"
"24 hrs x 7 days","24 h x 7 j"
"Select working days/hours","Sélectionner les jours/heures de travail"
"All Tickets","Tous les tickets"
"My Tickets","Mes tickets"
"Satisfaction survey","Enquête de satisfaction"
"Satisfaction rating: %1 out of 5","Note de satisfaction : %1 sur 5"
"View message source in new window","Voir la source du message dans une nouvelle fenêtre"
"show source","afficher la source"
"to %1 (third party)","à %1 (tiers)"
"%1 %2 (third party)","%1 %2 (tiers)"
"%1","%1"
"Attachment image: %1","Image de la pièce jointe : %1"
"Document file icon","Icône de fichier document"
"Download icon","Icône de téléchargement"
"Download","Télécharger"
"Max file size: %1 Mb","Taille maximale du fichier : %1 Mo"
"Close","Fermer"
"Image preview","Aperçu de l'image"
"Previous image","Image précédente"
"Previous","Précédent"
"Next","Suivant"
"Ticket Summary","Résumé du ticket"
"enter subject of ticket","saisir le sujet du ticket"
"Ticket ID","ID du ticket"
"Assignee","Personne assignée"
"Additional Info","Informations supplémentaires"
"You are not allowed to add the message to the current ticket as it is locked. To add the message to the current ticket you should change its status to one of unlocked.","Vous n'êtes pas autorisé à ajouter le message au ticket actuel car il est verrouillé. Pour ajouter le message au ticket actuel, vous devez modifier son statut vers un statut déverrouillé."
"Ticket History","Historique du ticket"
"Done by","Effectué par"
"Changes","Modifications"
"Ticket Grid Container","Conteneur de grille de tickets"
"View tickets notifications","Voir les notifications de tickets"
"Navigate to all tickets page","Accéder à la page de tous les tickets"
"See All Tickets","Voir tous les tickets"
"Edit ticket: %1","Modifier le ticket : %1"
"View tickets page","Voir la page des tickets"
"Open contact form","Ouvrir le formulaire de contact"
"Close contact form","Fermer le formulaire de contact"
"Name","Nom"
"Attach files","Joindre des fichiers"
"Submit","Envoyer"
"Submit Ticket","Envoyer le ticket"
"What is your question?","Quelle est votre question ?"
"We found the following topics that might be helpful:","Nous avons trouvé les sujets suivants qui pourraient vous être utiles :"
"None of these are helpful - contact us","Aucun de ces éléments n'est utile - contactez-nous"
"We have not found any helpful topics.","Nous n'avons trouvé aucun sujet utile."
"Contact Information","Coordonnées"
"Comment","Commentaire"
"We are open 24 x 7","Nous sommes ouverts 24 h/24, 7 j/7"
"We are closed","Nous sommes fermés"
"Timezone: %1","Fuseau horaire : %1"
"Please take a second to rate my reply...","Veuillez prendre un instant pour évaluer ma réponse..."
"Great","Excellent"
"Awesome","Génial"
"Fast, friendly, helpful, pleasant. Great job!","Rapide, aimable, serviable, agréable. Excellent travail !"
"Just Okay","Juste correct"
"Fine, but definitely could have been better.","Bien, mais cela aurait pu être bien meilleur."
"Not good","Pas bon"
"Unfortunately, I wasn't happy with it at all.","Malheureusement, je n'en ai pas du tout été satisfait."
"Satisfactory level of customer service in real time","Niveau satisfaisant de service client en temps réel"
"%1% said great!","%1 % ont dit excellent !"
"last updated %1","dernière mise à jour %1"
"Thank you for participating in our survey!","Merci d'avoir participé à notre enquête !"
"If you would like to provide additional comments, please do so below:","Si vous souhaitez ajouter des commentaires supplémentaires, veuillez le faire ci-dessous :"
"Message","Message"
"Submit Message","Envoyer le message"
"Thank you for your feedback!","Merci pour vos commentaires !"
"If the processing doesn't start automatically in a few seconds, please click the button below","Si le traitement ne démarre pas automatiquement dans quelques secondes, veuillez cliquer sur le bouton ci-dessous"
"Process Rate","Taux de traitement"
"Attachments","Pièces jointes"
"-- Select an Order --","-- Sélectionner une commande --"
"Create ticket","Créer un ticket"
"Navigate to create new ticket page","Accéder à la page de création de nouveau ticket"
"You don't have open tickets","Vous n'avez pas de tickets ouverts"
"View ticket: %1","Voir le ticket : %1"
"Post a Reply","Publier une réponse"
"Max file size: %1","Taille max. du fichier : %1"
"Reopen Ticket","Rouvrir le ticket"
"Close Ticket","Fermer le ticket"
"History","Historique"
"%1 (third party)","%1 (tiers)"
"Attachment: %1","Pièce jointe : %1"
"Download attachment: %1","Télécharger la pièce jointe : %1"
"Image file icon","Icône de fichier image"
"Go back to my tickets list","Retourner à ma liste de tickets"
"Back to My Tickets","Retour à mes tickets"
"Next image","Image suivante"
"Rate","Évaluer"
"Ok","Ok"
"To","À"
"Customer Summary","Résumé du client"
"Assigned To Customer","Attribué au client"
"Assigned To Order","Attribué à la commande"
"Customer does not have any orders.","Le client n'a aucune commande."
"RMA","RMA"
"type email or name","saisir l'e-mail ou le nom"
"Click this button to authorize access to Gmail via OAuth2","Cliquez sur ce bouton pour autoriser l'accès à Gmail via OAuth2"
"Reconnect","Reconnecter"
"Connect to Gmail","Connecter à Gmail"
"Attachment","Pièce jointe"
"type third party email here","saisir l'e-mail du tiers ici"
"Kind","Type"
"Info","Info"
"You can check the status of reply to this ticket online at:","Vous pouvez vérifier le statut de la réponse à ce ticket en ligne à :"
"Dear %name,","Cher %name,"
"Thank you for contacting us!","Merci de nous avoir contactés !"
"This is an automated response confirming the receipt of your ticket. One of our agents will get back to you as soon as possible.","Ceci est une réponse automatique confirmant la réception de votre ticket. Un de nos agents vous répondra dans les meilleurs délais."
"Details","Détails"
"Please, answer the following ticket:","Veuillez répondre au ticket suivant :"
"Ticket ID:","ID du ticket :"
"Name:","Nom :"
"Email address:","Adresse e-mail :"
"Store:","Boutique :"
"Department:","Département :"
"Staff (Owner): -- Unassigned --","Personnel (Propriétaire) : -- Non attribué --"
"Status:","Statut :"
"Priority:","Priorité :"
"Created:","Créé :"
"Staff (Owner):","Personnel (Propriétaire) :"
"Updated:","Mis à jour :"
"== INTERNAL NOTE ==","== NOTE INTERNE =="
"Dear <strong>%user_firstname %user_lastname</strong>, <br><br>
    %ticket_customer_name rated your help with smile","Cher/Chère <strong>%user_firstname %user_lastname</strong>, <br><br>
    %ticket_customer_name a évalué votre aide avec un sourire"
"Customer email:","E-mail du client :"
"Comment:","Commentaire :"
"This browser does not support desktop notification","Ce navigateur ne prend pas en charge les notifications de bureau"
"Please save the gateway first before connecting to Gmail.","Veuillez d'abord enregistrer la passerelle avant de vous connecter à Gmail."
"Please enter Client ID and Client Secret before connecting.","Veuillez saisir l'ID client et le secret client avant de vous connecter."
"Your message will be emailed to the customer","Votre message sera envoyé par e-mail au client"
"Your message will be emailed to your colleague. The customer will not see it.","Votre message sera envoyé par e-mail à votre collègue. Le client ne le verra pas."
"Your message will be emailed to the third party. Customer will see it in the ticket history.","Votre message sera envoyé par e-mail au tiers. Le client le verra dans l'historique du ticket."
"Internal Message to Third Party","Message interne à un tiers"
"Your message will be emailed to the third party. The customer will not see it.","Votre message sera envoyé par e-mail au tiers. Le client ne le verra pas."
"Session has expired. Please copy all unsaved data and reload the page.","La session a expiré. Veuillez copier toutes les données non enregistrées et recharger la page."
"Upload Too Large","Téléversement trop volumineux"
"Open","Ouvert"
"Help Desk MX","Help Desk MX"
"General Settings","Paramètres généraux"
"Enhance the overall performance and user experience of your helpdesk by setting up core features such as how communication is managed, personalizing customer interactions, and ensuring smooth ticket management with automated tasks.","Améliorez la performance globale et l'expérience utilisateur de votre service d'assistance en configurant les fonctionnalités essentielles telles que la gestion des communications, la personnalisation des interactions client et la gestion fluide des tickets grâce à des tâches automatisées."
"Helpdesk title in the customer account","Titre du service d'assistance dans le compte client"
"Customize the title displayed for the Helpdesk section in the customer's account to create a clear and branded support experience.","Personnalisez le titre affiché pour la section Service d'assistance dans le compte du client afin de créer une expérience de support claire et marquée à votre image."
"Sign staff replies","Signer les réponses du personnel"
"Adds a personal touch to customer communication, which helps personalize responses and provide clarity on who handled the support request increasing trust and transparency.","Ajoute une touche personnelle à la communication client, ce qui aide à personnaliser les réponses et à indiquer clairement qui a traité la demande d'assistance, augmentant ainsi la confiance et la transparence."
"Signature template","Modèle de signature"
"Send blind carbon copy (BCC) of all emails to","Envoyer une copie carbone invisible (Cci) de tous les e-mails à"
"Automatically send a BCC of all helpdesk-related emails to a specified address for monitoring or record-keeping, helping ensure nothing gets overlooked.","Envoyez automatiquement une Cci de tous les e-mails liés au service d'assistance à une adresse spécifiée pour le suivi ou l'archivage, afin de vous assurer que rien ne soit oublié."
"Use default Magento cron","Utiliser le cron Magento par défaut"
"If this option is disabled, helpdesk-related tasks will not be processed automatically. For instance, emails from the configured gateway will not be fetched. However, you can still manually trigger cron tasks to test the module's functionality.","Si cette option est désactivée, les tâches liées au service d'assistance ne seront pas traitées automatiquement. Par exemple, les e-mails de la passerelle configurée ne seront pas récupérés. Cependant, vous pouvez toujours déclencher manuellement les tâches cron pour tester les fonctionnalités du module."
"Enable magento cron to ensure scheduled actions like email fetching are handled efficiently without extra configuration.","Activez le cron Magento pour garantir que les actions planifiées comme la récupération des e-mails soient gérées efficacement sans configuration supplémentaire."
"Allow customer to open ticket by unique URL (without additional authentication)","Autoriser le client à ouvrir un ticket via une URL unique (sans authentification supplémentaire)"
"Customers will receive link in the email notification to access their support tickets via a unique URL, simplifying the process and increasing accessibility by eliminating extra login steps.","Les clients recevront un lien dans la notification par e-mail pour accéder à leurs tickets d'assistance via une URL unique, simplifiant le processus et améliorant l'accessibilité en éliminant les étapes de connexion supplémentaires."
"Tickets Settings","Paramètres des tickets"
"Manage the flow and organization of support tickets efficiently by controlling the prioritization, categorization, and statuses of incoming customer requests. This section ensures that support agents can handle tickets based on urgency and track progress seamlessly.","Gérez efficacement le flux et l'organisation des tickets d'assistance en contrôlant la priorisation, la catégorisation et les statuts des demandes client entrantes. Cette section permet aux agents d'assistance de traiter les tickets en fonction de l'urgence et de suivre la progression sans difficulté."
"Priority for new tickets","Priorité des nouveaux tickets"
"Set the default priority for new tickets to help organize and prioritize customer issues based on urgency.","Définissez la priorité par défaut des nouveaux tickets pour aider à organiser et hiérarchiser les problèmes des clients en fonction de l'urgence."
"Status for new tickets","Statut des nouveaux tickets"
"Define the default status for new tickets to give clear visibility of ticket progress.","Définissez le statut par défaut des nouveaux tickets pour offrir une visibilité claire sur la progression des tickets."
"Move Ticket to Archive if it has one of following statuses:","Déplacer le ticket vers les archives s'il a l'un des statuts suivants :"
"Automatically move tickets to the archive when they reach specified statuses, ensuring the system stays organized.","Déplacez automatiquement les tickets vers les archives lorsqu'ils atteignent les statuts spécifiés, pour que le système reste organisé."
"Lock Ticket if it has one of following statuses:","Verrouiller le ticket s'il a l'un des statuts suivants :"
"When ticket is locked the customer cannot add a new message to the ticket, while admin still can send messages","Lorsqu'un ticket est verrouillé, le client ne peut pas ajouter de nouveau message au ticket, tandis que l'administrateur peut toujours envoyer des messages"
"Control when tickets are locked based on their statuses to avoid further changes once certain progress is made.","Contrôlez quand les tickets sont verrouillés en fonction de leurs statuts pour éviter d'autres modifications une fois qu'un certain progrès a été réalisé."
"Tickets autosave period, sec","Période d'enregistrement automatique des tickets, s"
"Set how frequently ticket drafts are autosaved, minimizing the risk of losing unsaved work. Leave empty to disable autosave.","Définissez la fréquence à laquelle les brouillons de tickets sont enregistrés automatiquement, afin de minimiser le risque de perdre du travail non enregistré. Laissez vide pour désactiver l'enregistrement automatique."
"Use WYSIWYG Editor in backend","Utiliser l'éditeur WYSIWYG dans le back-office"
"Enable the use of a text editor for tickets in the backend, making it easier for staff to format replies and provide detailed, structured responses.","Activez l'utilisation d'un éditeur de texte pour les tickets dans le back-office, ce qui permet au personnel de formater plus facilement les réponses et de fournir des réponses détaillées et structurées."
"Create Tickets from Contact Us form","Créer des tickets à partir du formulaire de contact"
"Automatically create helpdesk tickets from submissions via the 'Contact Us' form, turning every inquiry into a manageable support ticket.","Créez automatiquement des tickets d'assistance à partir des soumissions via le formulaire « Contactez-nous », transformant chaque demande en un ticket d'assistance gérable."
"Admin Display Options","Options d'affichage administrateur"
"Improve the visual accessibility and ease of navigating through tickets in the admin panel. This section allows you to enable quick access to essential data, helping your support team handle tickets faster and more effectively.","Améliorez l'accessibilité visuelle et la facilité de navigation à travers les tickets dans le panneau d'administration. Cette section vous permet d'activer un accès rapide aux données essentielles, aidant votre équipe d'assistance à traiter les tickets plus rapidement et plus efficacement."
"Show Quick Data Bar in admin ticket grid","Afficher la barre de données rapides dans la grille de tickets admin"
"This feature enhances workflow visibility and helps agents stay on top of their responsibilities.","Cette fonctionnalité améliore la visibilité du flux de travail et aide les agents à rester au fait de leurs responsabilités."
"Show User Activity Data Bar in admin ticket grid","Afficher la barre de données d'activité utilisateur dans la grille de tickets admin"
"Shows recent user activity related to the ticket, helping managers track staff interactions with customers more efficiently.","Affiche l'activité récente des utilisateurs liée au ticket, aidant les responsables à suivre plus efficacement les interactions du personnel avec les clients."
"Show previous/next button in backend ticket edit page","Afficher les boutons précédent/suivant sur la page d'édition de ticket en back-office"
"Display 'previous' and 'next' buttons on the ticket editing page in the backend to move through tickets quickly without returning to the grid.","Affichez les boutons « précédent » et « suivant » sur la page d'édition de ticket dans le back-office pour parcourir rapidement les tickets sans revenir à la grille."
"Attachments Settings","Paramètres des pièces jointes"
"Customize how file attachments are managed within the helpdesk. This section helps you control the storage, format, and retention of attachments, ensuring customers and staff can exchange relevant files without compromising storage space.","Personnalisez la gestion des pièces jointes au sein du service d'assistance. Cette section vous aide à contrôler le stockage, le format et la conservation des pièces jointes, permettant aux clients et au personnel d'échanger des fichiers pertinents sans compromettre l'espace de stockage."
"Store attachments in","Stocker les pièces jointes dans"
"Select the storage location for ticket attachments, giving you control over file management.","Sélectionnez l'emplacement de stockage pour les pièces jointes des tickets, vous donnant le contrôle sur la gestion des fichiers."
"Auto-removing old attachments","Suppression automatique des anciennes pièces jointes"
"Enable automatic removal of old attachments to free up storage space and keep the system clutter-free","Activez la suppression automatique des anciennes pièces jointes pour libérer de l'espace de stockage et maintenir le système ordonné"
"Remove attachments older than, days","Supprimer les pièces jointes plus anciennes que, jours"
"Specifies the number of days after which old ticket attachments will be deleted.","Spécifie le nombre de jours après lesquels les anciennes pièces jointes des tickets seront supprimées."
"Only allow upload of attachments with extensions","Autoriser uniquement le téléversement de pièces jointes avec les extensions"
"Restrict attachment uploads to specific file types to avoid security risks and maintain control over the type of files uploaded. Comma separated list. e.g. jpg, jpeg, gif, png, bmp, pdf>","Limitez les téléversements de pièces jointes à des types de fichiers spécifiques pour éviter les risques de sécurité et garder le contrôle sur le type de fichiers téléversés. Liste séparée par des virgules. ex. jpg, jpeg, gif, png, bmp, pdf>"
"Feedback Tab","Onglet Commentaires"
"Boost customer engagement by offering an easy-to-use feedback system. The feedback tab allows customers to submit inquiries or tickets directly from the website, improving accessibility to your support team.","Stimulez l'engagement client en offrant un système de commentaires facile à utiliser. L'onglet Commentaires permet aux clients de soumettre des demandes ou des tickets directement depuis le site Web, améliorant l'accessibilité à votre équipe d'assistance."
"Enable Feedback Tab","Activer l'onglet Commentaires"
"Activate the feedback tab on your website, making it easy for customers to submit support requests.","Activez l'onglet Commentaires sur votre site Web, permettant aux clients de soumettre facilement des demandes d'assistance."
"Assign to Department","Attribuer au département"
"Automatically assign feedback tab-generated tickets to a specific department, ensuring they reach the right team for quick resolution.","Attribuez automatiquement les tickets générés par l'onglet Commentaires à un département spécifique, garantissant qu'ils atteignent la bonne équipe pour une résolution rapide."
"Tab Color","Couleur de l'onglet"
"Customize the feedback tab color to align with your brand, making it more visually appealing and noticeable.","Personnalisez la couleur de l'onglet Commentaires pour l'aligner sur votre marque, le rendant plus attractif visuellement et plus visible."
"Tab Title","Titre de l'onglet"
"Set the title for the feedback tab, giving customers a clear call to action","Définissez le titre de l'onglet Commentaires, offrant aux clients un appel à l'action clair"
"Tab Position","Position de l'onglet"
"Choose where the feedback tab is displayed on the screen, ensuring it's easily accessible","Choisissez où l'onglet Commentaires est affiché à l'écran, en veillant à ce qu'il soit facilement accessible"
"Search Knowledge Base Topics first","Rechercher d'abord les sujets de la base de connaissances"
"Allow the feedback tab to suggest knowledge base topics before showing the form, helping reduce support ticket volume by guiding customers to self-help resources.","Autorisez l'onglet Commentaires à suggérer des sujets de la base de connaissances avant d'afficher le formulaire, contribuant à réduire le volume de tickets d'assistance en orientant les clients vers les ressources d'aide en libre-service."
"Form Fields","Champs du formulaire"
"Tailor the feedback submission forms to collect the right information from customers. This section lets you customize form fields and improve the accuracy of the information gathered from customers, enhancing the quality of support requests.","Adaptez les formulaires de soumission de commentaires pour recueillir les bonnes informations auprès des clients. Cette section vous permet de personnaliser les champs de formulaire et d'améliorer la précision des informations recueillies, améliorant la qualité des demandes d'assistance."
"Form Title","Titre du formulaire"
"Set a title for the feedback form to provide context and guide customers on what to expect.","Définissez un titre pour le formulaire de commentaires afin de fournir un contexte et guider les clients sur ce qu'ils peuvent attendre."
"Subject Title","Titre du sujet"
"Label the subject field to ensure customers provide a brief overview of their issue.","Étiquetez le champ Sujet pour vous assurer que les clients fournissent un bref aperçu de leur problème."
"Subject Placeholder","Texte indicatif du sujet"
"Placeholder text displayed inside the subject input field that provides guidance on what kind of information the customer should enter.","Texte indicatif affiché dans le champ de saisie du sujet, qui guide le client sur le type d'informations à saisir."
"Description Title","Titre de la description"
"Label the description field to prompt customers to provide more details about their inquiry.","Étiquetez le champ Description pour inviter les clients à fournir plus de détails sur leur demande."
"Description Placeholder","Texte indicatif de la description"
"Add helpful placeholder text to guide customers in providing relevant information.","Ajoutez un texte indicatif utile pour guider les clients dans la communication d'informations pertinentes."
"Allow customer to attach files","Autoriser le client à joindre des fichiers"
"Enables the option for customers to upload files (e.g., screenshots or documents) with their feedback or support request providing additional context or supporting materials for their issue.","Active l'option pour les clients de téléverser des fichiers (ex. captures d'écran ou documents) avec leurs commentaires ou demande d'assistance, fournissant un contexte supplémentaire ou des éléments à l'appui de leur problème."
"Allow customers to select Priority","Autoriser les clients à sélectionner la priorité"
"Gives customers the ability to set the priority of their feedback or ticket that can help the support team to prioritize urgent requests over less critical ones.","Donne aux clients la possibilité de définir la priorité de leurs commentaires ou ticket, ce qui peut aider l'équipe d'assistance à hiérarchiser les demandes urgentes par rapport à celles moins critiques."
"Allow customer to select Department","Autoriser le client à sélectionner le département"
"Allows customers to choose the department their request should be sent to. This ensures that inquiries are routed to the correct team for faster handling.","Permet aux clients de choisir le département auquel leur demande doit être envoyée. Cela garantit que les demandes sont acheminées vers la bonne équipe pour un traitement plus rapide."
"Improve customer experience by integrating helpdesk functionality into the customer’s account. This section helps you enable features like tracking ticket status, prioritizing requests, and allowing file attachments, making the support process more user-friendly.","Améliorez l'expérience client en intégrant les fonctionnalités du service d'assistance dans le compte du client. Cette section vous permet d'activer des fonctionnalités telles que le suivi du statut des tickets, la priorisation des demandes et l'autorisation des pièces jointes, rendant le processus d'assistance plus convivial."
"Show the Help Desk section in the Customer Account","Afficher la section Service d'assistance dans le compte client"
"Display a Help Desk section in the customer’s account, making it easy for customers to submit and track their support tickets directly from their account dashboard.","Affichez une section Service d'assistance dans le compte du client, permettant aux clients de soumettre et de suivre facilement leurs tickets d'assistance directement depuis leur tableau de bord de compte."
"Show Help Desk link in customer menu","Afficher le lien Service d'assistance dans le menu client"
"Add a Help Desk link in the customer's dropdown menu for quick access to the support page, ensuring customers can easily find the help they need.","Ajoutez un lien Service d'assistance dans le menu déroulant du client pour un accès rapide à la page d'assistance, en veillant à ce que les clients puissent facilement trouver l'aide dont ils ont besoin."
"Let customers the ability to set the priority of the ticket that can help the support team to prioritize urgent requests over less critical ones.","Permettez aux clients de définir la priorité du ticket, ce qui peut aider l'équipe d'assistance à hiérarchiser les demandes urgentes par rapport à celles moins critiques."
"Allow customer to select Order","Autoriser le client à sélectionner une commande"
"Allows customers to link their support tickets to particular orders they have placed, helping support staff to address issues more efficiently.","Permet aux clients de lier leurs tickets d'assistance à des commandes particulières qu'ils ont passées, aidant le personnel d'assistance à traiter les problèmes plus efficacement."
"When enabled, customers can upload files with their ticket submissions, providing additional context or supporting materials for their issue.","Lorsqu'elle est activée, les clients peuvent téléverser des fichiers avec leurs soumissions de tickets, fournissant un contexte supplémentaire ou des éléments à l'appui de leur problème."
"Customer Satisfaction Survey","Enquête de satisfaction client"
"Gain valuable insights into customer satisfaction with your support. This section allows you to include surveys in your communications and view the results, helping you continually improve your service based on real feedback.","Obtenez des informations précieuses sur la satisfaction des clients vis-à-vis de votre assistance. Cette section vous permet d'inclure des enquêtes dans vos communications et de consulter les résultats, vous aidant à améliorer continuellement votre service sur la base de retours réels."
"Include a satisfaction survey in the reply email from staff members","Inclure une enquête de satisfaction dans l'e-mail de réponse des membres du personnel"
"Automatically include a satisfaction survey in staff reply emails to encourage feedback and measure customer satisfaction with the support they received.","Incluez automatiquement une enquête de satisfaction dans les e-mails de réponse du personnel pour encourager les retours et mesurer la satisfaction des clients vis-à-vis de l'assistance reçue."
"Show survey results in the frontend ticket history","Afficher les résultats de l'enquête dans l'historique des tickets côté front"
"Allow customers to view their survey ratings in the ticket history within their account, giving them transparency on how they rated their interaction with support.","Permettez aux clients de consulter leurs évaluations d'enquête dans l'historique des tickets de leur compte, leur offrant de la transparence sur la façon dont ils ont évalué leur interaction avec l'assistance."
"Show survey results in the backend ticket history","Afficher les résultats de l'enquête dans l'historique des tickets côté back-office"
"Provide support staff access to customer satisfaction ratings in the backend, allowing them to review and address feedback for service improvement.","Donnez accès au personnel d'assistance aux évaluations de satisfaction client dans le back-office, leur permettant d'examiner et de traiter les commentaires en vue d'améliorer le service."
"Send survey results to the ticket owner","Envoyer les résultats de l'enquête au propriétaire du ticket"
"Notify the assigned staff member when a customer submits a satisfaction survey, giving them the opportunity to review their performance.","Notifiez le membre du personnel attribué lorsqu'un client soumet une enquête de satisfaction, lui donnant l'occasion d'évaluer ses performances."
"Send survey results to emails","Envoyer les résultats de l'enquête aux e-mails"
"Automatically send customer satisfaction survey results to designated email addresses (e.g., managers) for analysis and performance tracking. You can enter multiple emails separated by a comma.","Envoyez automatiquement les résultats des enquêtes de satisfaction client à des adresses e-mail désignées (par ex. responsables) pour analyse et suivi des performances. Vous pouvez saisir plusieurs e-mails séparés par une virgule."
"Email Notification Settings","Paramètres de notification par e-mail"
"Ensure efficient communication between your support team and customers by configuring how and when email notifications are sent. This section helps automate key touchpoints, keeping all parties informed about ticket statuses.","Assurez une communication efficace entre votre équipe d'assistance et les clients en configurant comment et quand les notifications par e-mail sont envoyées. Cette section permet d'automatiser les points de contact clés, en tenant toutes les parties informées des statuts des tickets."
"Show Ticket ID in the email title","Afficher l'ID du ticket dans le titre de l'e-mail"
"Include the ticket ID in the subject line of helpdesk-related emails, making it easy for both customers and staff to reference specific tickets in ongoing conversations.","Incluez l'ID du ticket dans la ligne d'objet des e-mails liés au service d'assistance, permettant aux clients et au personnel de référencer facilement des tickets spécifiques dans les conversations en cours."
"Add customers Cc emails to the ticket","Ajouter les e-mails Cc des clients au ticket"
"When enabled will automatically add additional email recipients (Cc) to the ticket from the fetched email. If option is enabled spam Cc email are possible.","Lorsqu'elle est activée, ajoutera automatiquement des destinataires d'e-mail supplémentaires (Cc) au ticket à partir de l'e-mail récupéré. Si l'option est activée, des e-mails Cc spam sont possibles."
"Number of last replies to be shown in the ticket history","Nombre de dernières réponses à afficher dans l'historique du ticket"
"Control how many recent replies are displayed in the ticket history within email notifications, providing context without overwhelming the recipient with too much information.","Contrôlez le nombre de réponses récentes affichées dans l'historique du ticket au sein des notifications par e-mail, fournissant un contexte sans surcharger le destinataire d'informations."
"Email Notification Templates","Modèles de notification par e-mail"
"Streamline your email communication with customers and staff by setting notification templates. This section ensures that each email interaction is consistent and professional, keeping everyone aligned with support activities.","Rationalisez votre communication par e-mail avec les clients et le personnel en définissant des modèles de notification. Cette section garantit que chaque interaction par e-mail est cohérente et professionnelle, gardant tout le monde aligné sur les activités d'assistance."
"Template of New Ticket Email for Customer","Modèle d'e-mail de nouveau ticket pour le client"
"Set the email template that notifies customers when a new ticket is created, ensuring consistent branding and communication.","Définissez le modèle d'e-mail qui notifie les clients lorsqu'un nouveau ticket est créé, garantissant une image de marque et une communication cohérentes."
"Template of New Ticket Email for Staff","Modèle d'e-mail de nouveau ticket pour le personnel"
"Set the template for the email notifying staff about new tickets, ensuring timely alerts and a professional look.","Définissez le modèle pour l'e-mail notifiant le personnel des nouveaux tickets, garantissant des alertes en temps opportun et un aspect professionnel."
"Template of Ticket Email Assigned to Staff","Modèle d'e-mail de ticket attribué au personnel"
"Set the email template used when a ticket is assigned to a staff member, ensuring they are informed of their new task promptly.","Définissez le modèle d'e-mail utilisé lorsqu'un ticket est attribué à un membre du personnel, garantissant qu'il est informé rapidement de sa nouvelle tâche."
"Template of New Message Email for Customer","Modèle d'e-mail de nouveau message pour le client"
"Set the template for emails that update customers when a new message is posted to their ticket, ensuring they stay informed about progress.","Définissez le modèle des e-mails qui informent les clients lorsqu'un nouveau message est publié sur leur ticket, en veillant à ce qu'ils restent informés de la progression."
"Template of New Message Email for Staff","Modèle d'e-mail de nouveau message pour le personnel"
"Set the template to alert staff when a customer responds, ensuring timely follow-ups.","Définissez le modèle pour alerter le personnel lorsqu'un client répond, garantissant des suivis en temps opportun."
"Template of New Message Email for Third Party","Modèle d'e-mail de nouveau message pour un tiers"
"Set the template for notifying third-party collaborators, ensuring external stakeholders stay updated on the ticket progress.","Définissez le modèle pour notifier les collaborateurs tiers, garantissant que les parties prenantes externes restent informées de la progression du ticket."
"Template of Ticket Reminder","Modèle de rappel de ticket"
"Set the template for reminder emails, prompting customers to follow up on unresolved tickets.","Définissez le modèle pour les e-mails de rappel, invitant les clients à donner suite aux tickets non résolus."
"Template of Rule Notification","Modèle de notification de règle"
"Set a rule-specific template for automated emails sent via helpdesk workflow rules, ensuring consistency in communications.","Définissez un modèle spécifique aux règles pour les e-mails automatisés envoyés via les règles de workflow du service d'assistance, garantissant la cohérence des communications."
"Template of Survey Satisfaction Result","Modèle de résultat d'enquête de satisfaction"
"Set the template used to send staff survey feedback results, providing insights into customer satisfaction.","Définissez le modèle utilisé pour envoyer les résultats des commentaires d'enquête au personnel, fournissant des informations sur la satisfaction client."
"Desktop Notification Settings","Paramètres des notifications de bureau"
"Keep your staff informed in real time with desktop notifications about new tickets and updates. This section enables instant awareness of new tasks, helping the support team act quickly and stay organized.","Tenez votre personnel informé en temps réel avec des notifications de bureau sur les nouveaux tickets et mises à jour. Cette section permet une prise de conscience instantanée des nouvelles tâches, aidant l'équipe d'assistance à agir rapidement et à rester organisée."
"Notifications check period, sec","Période de vérification des notifications, s"
"On heavy-loaded systems, this can cause production loss - so in this case, you need to disable this feature, or increase the check period to 500-600 secs. Setting to 0 will disable them.","Sur les systèmes très chargés, cela peut entraîner une perte de productivité ; dans ce cas, vous devez désactiver cette fonctionnalité ou augmenter la période de vérification à 500-600 s. Définir à 0 les désactivera."
"Adjusting the frequency helps staff stay updated in real-time, ensuring timely follow-ups.","L'ajustement de la fréquence aide le personnel à rester informé en temps réel, garantissant des suivis en temps opportun."
"Show notification about arrival of new tickets for","Afficher une notification sur l'arrivée de nouveaux tickets pour"
"Allows you to specify which users should receive notifications about the arrival of new tickets, ensuring the right team members are alerted promptly.","Vous permet de spécifier quels utilisateurs doivent recevoir des notifications concernant l'arrivée de nouveaux tickets, garantissant que les bons membres de l'équipe sont alertés rapidement."
"Enable notification about arrival of new messages in tickets assigned for user","Activer la notification sur l'arrivée de nouveaux messages dans les tickets attribués à l'utilisateur"
"Notifies users about a new message is added to any ticket that they are assigned to, helping them stay informed on ticket updates.","Notifie les utilisateurs lorsqu'un nouveau message est ajouté à un ticket qui leur est attribué, les aidant à rester informés des mises à jour des tickets."
"Enable notification about assigning a ticket to the user","Activer la notification sur l'attribution d'un ticket à l'utilisateur"
"Sends a notification to users when a ticket is assigned to them, ensuring they are aware of their new responsibilities.","Envoie une notification aux utilisateurs lorsqu'un ticket leur est attribué, garantissant qu'ils sont informés de leurs nouvelles responsabilités."
"Set clear expectations for customers by displaying your business hours. This section helps customers know when they can expect support availability, enhancing the overall customer experience and ensuring timely responses.","Définissez des attentes claires pour les clients en affichant vos heures d'ouverture. Cette section aide les clients à savoir quand ils peuvent compter sur la disponibilité de l'assistance, améliorant l'expérience client globale et garantissant des réponses rapides."
"Working schedule title","Titre du planning de travail"
"Customize the title for the working hours section on the 'Contact Us' page, ensuring customers know when your team is available.","Personnalisez le titre de la section des heures de travail sur la page « Contactez-nous », en veillant à ce que les clients sachent quand votre équipe est disponible."
"Upcoming working schedule title","Titre du prochain planning de travail"
"Add a title for upcoming business hours, providing customers with clear information on future availability.","Ajoutez un titre pour les prochaines heures d'ouverture, fournissant aux clients des informations claires sur la disponibilité future."
"Default message when we are open","Message par défaut lorsque nous sommes ouverts"
"Can be overwritten for each schedule in Customers > Help Desk MX > Working Hours.  This allows you to provide customized messages for different time periods or scenarios, depending on the specific schedule of your support team.","Peut être remplacé pour chaque planning dans Clients > Help Desk MX > Heures de travail. Cela vous permet de fournir des messages personnalisés pour différentes périodes ou scénarios, en fonction du planning spécifique de votre équipe d'assistance."
"Set a default message to display when the helpdesk is open, encouraging customers to reach out during business hours.","Définissez un message par défaut à afficher lorsque le service d'assistance est ouvert, encourageant les clients à vous contacter pendant les heures d'ouverture."
"Default message when we are closed","Message par défaut lorsque nous sommes fermés"
"Define the message displayed when the helpdesk is closed managing customer expectations during off-hours.","Définissez le message affiché lorsque le service d'assistance est fermé, gérant les attentes des clients en dehors des heures d'ouverture."
"Show online/offline status on the Contact Us page","Afficher le statut en ligne/hors ligne sur la page Contactez-nous"
"Display the status on the Contact Us page that can help manage customer expectations about when support is available.","Affichez le statut sur la page Contactez-nous, ce qui peut aider à gérer les attentes des clients concernant la disponibilité de l'assistance."
"Show online/offline status in the Feedback popup","Afficher le statut en ligne/hors ligne dans la fenêtre Commentaires"
"Display the status in the Feedback popup that can be useful for informing customers about availability before submitting a request or feedback.","Affichez le statut dans la fenêtre Commentaires, ce qui peut être utile pour informer les clients de la disponibilité avant de soumettre une demande ou un commentaire."
"Show online/offline status in the Customer Account > My Tickets","Afficher le statut en ligne/hors ligne dans Compte client > Mes tickets"
"Display the status in the My Tickets section of the customer's account. This help customers know whether they can expect a prompt response to their support ticket.","Affichez le statut dans la section Mes tickets du compte du client. Cela aide les clients à savoir s'ils peuvent s'attendre à une réponse rapide à leur ticket d'assistance."
"Show working hours on the Contact Us page","Afficher les heures de travail sur la page Contactez-nous"
"Display the status on the Contact Us page to give customers a clear idea of when you are available for support","Affichez le statut sur la page Contactez-nous pour donner aux clients une idée claire du moment où vous êtes disponible pour l'assistance"
"Show holiday schedule in X days before activation","Afficher le planning des jours fériés X jours avant l'activation"
"Specifies how many days in advance your holiday schedule will be displayed to customers to ensure that customers are informed about upcoming holiday hours before they take effect","Spécifie combien de jours à l'avance votre planning des jours fériés sera affiché aux clients afin de s'assurer que les clients sont informés des prochaines heures de jours fériés avant qu'elles ne prennent effet"
"Track the performance of your helpdesk with reporting on solved tickets. This section allows you to define which ticket statuses are considered solved, helping you monitor team efficiency and customer service success.","Suivez les performances de votre service d'assistance grâce aux rapports sur les tickets résolus. Cette section vous permet de définir quels statuts de tickets sont considérés comme résolus, vous aidant à surveiller l'efficacité de l'équipe et le succès du service client."
"Solved Statuses","Statuts résolus"
"Developer Settings","Paramètres développeur"
"Optimize the technical aspects of the helpdesk system with developer-specific options. This section helps in testing, debugging, and customizing the module to suit your website's infrastructure without disrupting live operations.","Optimisez les aspects techniques du système de service d'assistance avec des options spécifiques au développeur. Cette section aide à tester, déboguer et personnaliser le module pour répondre à l'infrastructure de votre site Web sans perturber les opérations en direct."
"Activate Sandbox","Activer le bac à sable"
"Enable sandbox mode to test the helpdesk system without affecting live data. All emails will be redirected to the sandbox email, preventing disruptions to real customer interactions.","Activez le mode bac à sable pour tester le système de service d'assistance sans affecter les données en direct. Tous les e-mails seront redirigés vers l'e-mail du bac à sable, évitant les perturbations des interactions client réelles."
"Send All Outgoing emails to Email","Envoyer tous les e-mails sortants à l'e-mail"
"Set an email address to receive all outgoing emails in sandbox mode, ensuring a controlled environment for testing email templates and notifications.","Définissez une adresse e-mail pour recevoir tous les e-mails sortants en mode bac à sable, garantissant un environnement contrôlé pour tester les modèles d'e-mail et les notifications."
"Force store's theme to apply styles","Forcer le thème de la boutique à appliquer les styles"
"If theme overrides Magento way of including style this option will add Help Desk styles to page","Si le thème remplace la méthode Magento d'inclusion de style, cette option ajoutera les styles du Service d'assistance à la page"
"Log ticket deletion","Journaliser la suppression des tickets"
"Keep a log of deleted tickets to track deletions and maintain a record for audit or recovery purposes, stored in the /var/log/mirasvit/helpdesk.log file.","Conservez un journal des tickets supprimés pour suivre les suppressions et tenir un registre à des fins d'audit ou de récupération, stocké dans le fichier /var/log/mirasvit/helpdesk.log."
"Help Text","Texte d'aide"
"Add customizable help text that appears under the title on the 'Contact Us' page and Feedback tab, providing customers with clear guidance on how to submit a support request.","Ajoutez un texte d'aide personnalisable qui apparaît sous le titre de la page « Contactez-nous » et de l'onglet Commentaires, fournissant aux clients des indications claires sur la manière de soumettre une demande d'assistance."
"Show customer the local time in backend","Afficher au client l'heure locale dans le back-office"
"Display the customer’s local time in the backend to help support staff understand when the customer submitted the ticket, providing context for time-sensitive issues.","Affichez l'heure locale du client dans le back-office pour aider le personnel d'assistance à comprendre quand le client a soumis le ticket, fournissant un contexte pour les problèmes sensibles au temps."
"Enable Google reCaptcha","Activer Google reCaptcha"
"Activate Google reCaptcha on Helpdesk pages to prevent spam and bots from submitting fraudulent tickets. Configuration for reCaptcha settings is available in Configuration > Security > Google reCaptcha.","Activez Google reCaptcha sur les pages du Service d'assistance pour empêcher les spams et les bots de soumettre des tickets frauduleux. La configuration des paramètres reCaptcha est disponible dans Configuration > Sécurité > Google reCaptcha."
"Helpdesk Contact Form","Formulaire de contact du service d'assistance"
"Helpdesk Satisfaction Block","Bloc de satisfaction du service d'assistance"
"Satisfaction List Url","URL de la liste de satisfaction"
"Helpdesk Satisfaction List","Liste de satisfaction du service d'assistance"
"All Store Views","Toutes les vues de boutique"
"Purchased From","Acheté depuis"
"Replies #","Réponses n°"
"Created","Créé"
"Modified","Modifié"
"Title","Titre"
"Active","Actif"
"Is Shown on Frontend","Est affiché côté front"
"Sort Order","Ordre de tri"
"Sender Email","E-mail de l'expéditeur"
"Members of Department","Membres du département"
"Notification","Notification"
"If ticket is unassigned, send notifications to all department members","Si le ticket n'est pas attribué, envoyer des notifications à tous les membres du département"
"If ticket is unassigned, send notifications to email","Si le ticket n'est pas attribué, envoyer des notifications à l'e-mail"
"Code","Code"
"Internal field. Can contain only letters, digits and underscore.","Champ interne. Ne peut contenir que des lettres, des chiffres et des traits de soulignement."
"Type","Type"
"Description","Description"
"Options list","Liste d'options"
"Only for drop-down list. Enter each value from the new line using format:<br>value1 | label1<br>value2 | label2","Uniquement pour la liste déroulante. Saisissez chaque valeur à partir d'une nouvelle ligne en utilisant le format :<br>valeur1 | étiquette1<br>valeur2 | étiquette2"
"Show value in customer account","Afficher la valeur dans le compte client"
"Show in create ticket form","Afficher dans le formulaire de création de ticket"
"Show in contact us form","Afficher dans le formulaire de contact"
"Required for customers","Obligatoire pour les clients"
"Required for staff","Obligatoire pour le personnel"
"Authorization Type","Type d'autorisation"
"OAuth2 Client ID","ID client OAuth2"
"OAuth2 Client Secret","Secret client OAuth2"
"OAuth2 Redirect URI","URI de redirection OAuth2"
"Use this URL when configuring OAuth2 credentials in Google Cloud Console","Utilisez cette URL lors de la configuration des identifiants OAuth2 dans Google Cloud Console"
"Gmail Connection","Connexion Gmail"
"Connection Status","Statut de la connexion"
"Login","Identifiant"
"Password","Mot de passe"
"Host","Hôte"
"Protocol","Protocole"
"Encryption","Chiffrement"
"Port","Port"
"Fetch Frequency (minutes)","Fréquence de récupération (minutes)"
"Fetch Max","Récupération max."
"Fetch Only X Last Emails","Récupérer uniquement les X derniers e-mails"
"Can be useful for some mailboxes. Leave empty to disable this feature.","Peut être utile pour certaines boîtes aux lettres. Laissez vide pour désactiver cette fonctionnalité."
"Remove emails after fetching","Supprimer les e-mails après récupération"
"Auto-assign tickets to Store View","Attribuer automatiquement les tickets à une vue de boutique"
"Auto-assign tickets to department","Attribuer automatiquement les tickets au département"
"Notes","Notes"
"Create New Department","Créer un nouveau département"
"Change status","Changer le statut"
"Inactive","Inactif"
"Delete items","Supprimer les éléments"
"Are you sure you want to delete selected items?","Êtes-vous sûr de vouloir supprimer les éléments sélectionnés ?"
"Is Active","Est actif"
"Create New Field","Créer un nouveau champ"
"Create New Gateway","Créer une nouvelle passerelle"
"Last Fetched At","Dernière récupération le"
"Last Fetch Result","Résultat de la dernière récupération"
"Create New Pattern","Créer un nouveau modèle"
"Create New Permission","Créer une nouvelle autorisation"
"Role","Rôle"
"Has Access to Tickets of Departments","A accès aux tickets des départements"
"Can Remove Tickets","Peut supprimer les tickets"
"Create New Priority","Créer une nouvelle priorité"
"Color","Couleur"
"Create New Rule","Créer une nouvelle règle"
"Stop Processing","Arrêter le traitement"
"Remote Ip","IP distante"
"View Ticket","Voir le ticket"
"Create New Schedule","Créer un nouveau planning"
"Holiday","Jour férié"
"Active From","Actif du"
"Active To","Actif au"
"Create New Status","Créer un nouveau statut"
"Create New Template","Créer un nouveau modèle"
"Select...","Sélectionner..."
"Mark as Spam","Marquer comme spam"
"Mark as Archive","Marquer comme archive"
"Merge tickets","Fusionner les tickets"
"Mark as Inbox","Marquer comme boîte de réception"
"Change Assignee","Changer le destinataire"
"Requester","Demandeur"
"Requester Email","E-mail du demandeur"
"Scope","Portée"
"If one of these characters uses as part of the string it should be escaped with \(backslash ): . \ + * ? [ ^ ] $ ( ) { } = ! < > | : - #. The pattern should be enclosed by delimiters.","Si l'un de ces caractères est utilisé dans la chaîne, il doit être échappé avec \ (barre oblique inverse) : . \ + * ? [ ^ ] $ ( ) { } = ! < > | : - #. Le modèle doit être encadré par des délimiteurs."
"Allows access to tickets of departments","Permet l'accès aux tickets des départements"
"Can Delete Tickets","Peut supprimer les tickets"
"Rule Name","Nom de la règle"
"Arranged in the ascending order. 0 is the highest.","Disposé par ordre croissant. 0 est le plus élevé."
"Stop Further Rules Processing","Arrêter le traitement des règles suivantes"
"Conditions","Conditions"
"Event","Événement"
"Actions","Actions"
"Set Status","Définir le statut"
"Set Priority","Définir la priorité"
"Set Department","Définir le département"
"Set Owner","Définir le propriétaire"
"Add Tags","Ajouter des étiquettes"
"Remove Tags","Supprimer les étiquettes"
"Notifications","Notifications"
"Send email to ticket owner","Envoyer un e-mail au propriétaire du ticket"
"Send email to all department users","Envoyer un e-mail à tous les utilisateurs du département"
"Send email to customer","Envoyer un e-mail au client"
"Send email to other email addresses","Envoyer un e-mail à d'autres adresses e-mail"
"Email subject","Objet de l'e-mail"
"Email Body","Corps de l'e-mail"
"Attach files previously attached to the last message","Joindre les fichiers précédemment joints au dernier message"
"Stores","Boutiques"
"Is Holiday","Est un jour férié"
"Timezone","Fuseau horaire"
"Open message","Message d'ouverture"
"Closed message","Message de fermeture"
"Internal Title","Titre interne"
"Template","Modèle"
"Request ID","ID de la requête"
"Admin or integration authorization is required.","Une autorisation d'administrateur ou d'intégration est requise."
"Internal notes require an admin identity and cannot be added with an integration token.","Les notes internes nécessitent une identité d'administrateur et ne peuvent pas être ajoutées avec un jeton d'intégration."
"OAuth2 (Microsoft 365 / Exchange Online)","OAuth2 (Microsoft 365 / Exchange Online)"
"Microsoft Directory (tenant) ID","ID de l'annuaire Microsoft (tenant)"
"Azure AD Directory (tenant) ID, from the Azure App registration Overview page. Leave empty to use ""common"".","ID de l'annuaire Azure AD (tenant), depuis la page Overview de l'inscription de l'application Azure. Laissez vide pour utiliser ""common""."
"Register this URL as the redirect URI in your OAuth2 app (Google Cloud Console for Gmail, or the Azure App Registration for Microsoft 365 / Exchange Online).","Enregistrez cette URL comme redirect URI dans votre application OAuth2 (Google Cloud Console pour Gmail, ou l'Azure App Registration pour Microsoft 365 / Exchange Online)."
"Mailbox Connection","Connexion de la boîte aux lettres"
"Connect Mailbox","Connecter la boîte aux lettres"
"Click this button to authorize mailbox access via OAuth2","Cliquez sur ce bouton pour autoriser l'accès à la boîte aux lettres via OAuth2"
"Successfully connected the mailbox!","Boîte aux lettres connectée avec succès !"
"Gateway was successfully saved. Please click ""Connect"" to authorize the mailbox.","La passerelle a été enregistrée avec succès. Veuillez cliquer sur ""Connect"" pour autoriser la boîte aux lettres."
"Please save the gateway first before connecting the mailbox.","Veuillez d'abord enregistrer la passerelle avant de connecter la boîte aux lettres."
"How to obtain Gmail OAuth2 credentials","Comment obtenir des identifiants OAuth2 Gmail"
"Open the Google Cloud Console and create (or pick) a project.","Ouvrez la Google Cloud Console et créez (ou sélectionnez) un projet."
"Go to APIs & Services then Credentials, click Create Credentials and choose OAuth client ID (application type: Web application).","Allez dans APIs & Services puis Credentials, cliquez sur Create Credentials et choisissez OAuth client ID (type d'application : Web application)."
"Open Google Cloud Console Credentials","Ouvrir Google Cloud Console Credentials"
"Add the OAuth2 Redirect URI shown below to the Authorized redirect URIs list.","Ajoutez l'OAuth2 Redirect URI indiquée ci-dessous à la liste des Authorized redirect URIs."
"On the OAuth consent screen add the gmail.modify and userinfo.email scopes, then copy the generated Client ID and Client Secret into the fields below.","Sur l'OAuth consent screen, ajoutez les portées gmail.modify et userinfo.email, puis copiez le Client ID et le Client Secret générés dans les champs ci-dessous."
"Open OAuth consent screen","Ouvrir l'OAuth consent screen"
"How to obtain Microsoft 365 / Exchange Online OAuth2 credentials","Comment obtenir des identifiants OAuth2 Microsoft 365 / Exchange Online"
"Open the Azure portal and go to App registrations, then register a new application (supported account types as your tenant requires).","Ouvrez le portail Azure et allez dans App registrations, puis enregistrez une nouvelle application (types de comptes pris en charge selon les besoins de votre tenant)."
"Open Azure App registrations","Ouvrir Azure App registrations"
"Copy the Application (client) ID and the Directory (tenant) ID from the app Overview page into the fields below (leave tenant empty to use common).","Copiez l'Application (client) ID et le Directory (tenant) ID depuis la page Overview de l'application dans les champs ci-dessous (laissez tenant vide pour utiliser common)."
"Under Certificates & secrets create a new client secret and copy its Value into the OAuth2 Client Secret field below.","Sous Certificates & secrets, créez un nouveau client secret et copiez sa Value dans le champ OAuth2 Client Secret ci-dessous."
"Under Authentication add a Web platform and register the OAuth2 Redirect URI shown below exactly as displayed.","Sous Authentication, ajoutez une plateforme Web et enregistrez l'OAuth2 Redirect URI indiquée ci-dessous exactement telle qu'affichée."
"Under API permissions add the delegated Office 365 Exchange Online IMAP.AccessAsUser.All and offline_access permissions, then grant admin consent.","Sous API permissions, ajoutez les autorisations déléguées Office 365 Exchange Online IMAP.AccessAsUser.All et offline_access, puis accordez le consentement administrateur."
"For Gmail: the OAuth client ID from Google Cloud Console (APIs & Services then Credentials). For Microsoft 365: the Application (client) ID from the Azure App registration Overview page. See the steps above.","Pour Gmail : l'OAuth client ID de la Google Cloud Console (APIs & Services puis Credentials). Pour Microsoft 365 : l'Application (client) ID depuis la page Overview de l'inscription de l'application Azure. Voir les étapes ci-dessus."
"For Gmail: the client secret created alongside the OAuth client ID in Google Cloud Console. For Microsoft 365: the client secret Value from Certificates & secrets in the Azure App registration. See the steps above.","Pour Gmail : le client secret créé avec l'OAuth client ID dans la Google Cloud Console. Pour Microsoft 365 : la Value du client secret depuis Certificates & secrets dans l'inscription de l'application Azure. Voir les étapes ci-dessus."
