"Help Desk Tickets (%1)","Ticket Help Desk (%1)"
"Departments","Dipartimenti"
"Add New Department","Aggiungi nuovo dipartimento"
"Custom Fields","Campi personalizzati"
"Add New Field","Aggiungi nuovo campo"
"Gateways","Gateway"
"Add New Gateway","Aggiungi nuovo gateway"
"Tickets","Ticket"
"Priorities","Priorità"
"Statuses","Stati"
"Quick Responses","Risposte rapide"
"SPAM patterns","Modelli SPAM"
"Permissions","Autorizzazioni"
"Workflow Rules","Regole di workflow"
"Satisfaction Survey Results","Risultati del sondaggio di soddisfazione"
"Working Hours","Orari di lavoro"
"Reports","Report"
"Refresh Statistics","Aggiorna statistiche"
"Settings","Impostazioni"
"Spam Filter Patterns","Modelli del filtro antispam"
"Add New Pattern","Aggiungi nuovo modello"
"Add New Permission","Aggiungi nuova autorizzazione"
"Add New Priority","Aggiungi nuova priorità"
"Add New Rule","Aggiungi nuova regola"
"Apply the rule only if the following conditions are met:","Applica la regola solo se sono soddisfatte le seguenti condizioni:"
"Help Desk Tickets","Ticket Help Desk"
"Create a ticket for this order","Crea un ticket per questo ordine"
"Satisfaction Survey","Sondaggio di soddisfazione"
"Schedule","Pianificazione"
"Add New Schedule","Aggiungi nuova pianificazione"
"General Information","Informazioni generali"
"Working days/hours","Giorni/ore lavorativi"
"Spam Folder","Cartella spam"
"Add New Status","Aggiungi nuovo stato"
"Add New Template","Aggiungi nuovo modello"
"Create New Ticket","Crea nuovo ticket"
"Previous Ticket","Ticket precedente"
"Next Ticket","Ticket successivo"
"Convert to RMA","Converti in RMA"
"Save","Salva"
"Save & Edit","Salva e modifica"
"To Archive","In archivio"
"To Spam","Allo spam"
"Delete","Elimina"
"Are you sure you want to do this?","Sei sicuro di voler procedere?"
"To Inbox","Alla posta in arrivo"
"Additional Information","Informazioni aggiuntive"
"Subject","Oggetto"
"Store View","Vista negozio"
"Channel","Canale"
"open page","apri pagina"
"External Link","Collegamento esterno"
"Tags","Tag"
"comma-separated list","elenco separato da virgole"
"Customer Note","Nota cliente"
"This field is shared for all of this customer's tickets.","Questo campo è condiviso per tutti i ticket di questo cliente."
"Follow Up","Follow-up"
"Period","Periodo"
"Period Value","Valore del periodo"
"Execute At","Esegui alle"
"Send Reminder","Invia promemoria"
"Set Status To","Imposta stato a"
"Set Priority To","Imposta priorità a"
"Set Owner To","Imposta proprietario a"
"Unassigned","Non assegnato"
"Loading...","Caricamento..."
"%1, %2","%1, %2"
"Select a store","Seleziona un negozio"
"Store","Negozio"
"General","Generale"
"Additional","Aggiuntivo"
"Other Tickets (%1)","Altri ticket (%1)"
"ID","ID"
"Customer Name","Nome cliente"
"Last Replier","Ultimo a rispondere"
"Owner","Proprietario"
"Department","Dipartimento"
"Status","Stato"
"Priority","Priorità"
"Replies","Risposte"
"Created At","Creato il"
"Updated At","Aggiornato il"
"Last Reply At","Ultima risposta il"
"Last Activity","Ultima attività"
"Action","Azione"
"View","Visualizza"
"Change Status","Cambia stato"
"Change Owner","Cambia proprietario"
"Merge","Unisci"
"Are you sure you want to proceed? This action is not reversible.","Sei sicuro di voler procedere? Questa azione non è reversibile."
"Archive","Archivia"
"Are you sure?","Sei sicuro?"
"Mark as spam","Segna come spam"
"Add Ticket","Aggiungi ticket"
"Help Desk","Help Desk"
"Help Desk Settings","Impostazioni Help Desk"
"Signature for Emails","Firma per le e-mail"
"Thank you","Grazie"
"Processing Rate","Velocità di elaborazione"
"Create Ticket","Crea ticket"
"[%1] %2","[%1] %2"
"You are not allowed to add the message to the current ticket as it is locked. To contact support team you should create a new ticket.","Non è consentito aggiungere il messaggio al ticket corrente perché è bloccato. Per contattare il team di supporto è necessario creare un nuovo ticket."
"--/--/--","--/--/--"
"unlocked","sbloccato"
"locked","bloccato"
"New Department","Nuovo dipartimento"
"Department  Manager","Gestore dipartimenti"
"Department Manager","Gestore dipartimento"
"Add Department","Aggiungi dipartimento"
"Add Department","Aggiungi dipartimento"
"Department was successfully deleted","Il dipartimento è stato eliminato con successo"
"Edit Department '%1'","Modifica dipartimento «%1»"
"Edit Department","Modifica dipartimento"
"The Department does not exist.","Il dipartimento non esiste."
"Department was successfully saved","Il dipartimento è stato salvato con successo"
"Unable to find Department to save","Impossibile trovare il dipartimento da salvare"
"Wrong request.","Richiesta errata."
"This ticket does not exist anymore.","Questo ticket non esiste più."
"New Field","Nuovo campo"
"Field  Manager","Gestore campi"
"Field Manager","Gestore campo"
"Add Field","Aggiungi campo"
"Add Field","Aggiungi campo"
"Field was successfully deleted","Il campo è stato eliminato con successo"
"Edit Field '%1'","Modifica campo «%1»"
"Edit Field","Modifica campo"
"The Field does not exist.","Il campo non esiste."
"Field with the same code already exists","Esiste già un campo con lo stesso codice"
"Field was successfully saved","Il campo è stato salvato con successo"
"Unable to find Field to save","Impossibile trovare il campo da salvare"
"Please, ask your hosting provider to enable the IMAP extension in PHP configuration of your server. Otherwise, helpdesk will not be able to fetch emails.","Chiedi al tuo provider di hosting di abilitare l'estensione IMAP nella configurazione PHP del tuo server. Altrimenti l'helpdesk non potrà recuperare le e-mail."
"New Gateway","Nuovo gateway"
"Gateway  Manager","Gestore gateway"
"Gateway Manager","Gestore gateway"
"Add Gateway","Aggiungi gateway"
"Add Gateway","Aggiungi gateway"
"done","fatto"
"Gateway was successfully deleted","Il gateway è stato eliminato con successo"
"Edit Gateway '%1'","Modifica gateway «%1»"
"Edit Gateway","Modifica gateway"
"The Gateway does not exist.","Il gateway non esiste."
"OAuth2 authorization failed: %1","Autorizzazione OAuth2 non riuscita: %1"
"Invalid OAuth2 callback parameters.","Parametri di callback OAuth2 non validi."
"Invalid state parameter.","Parametro di stato non valido."
"CSRF token validation failed.","Convalida del token CSRF non riuscita."
"Gateway not found.","Gateway non trovato."
"Connected","Connesso"
"Connected to %1","Connesso a %1"
"No email connected","Nessuna e-mail connessa"
"Successfully connected to Gmail!","Connessione a Gmail riuscita!"
"Failed to obtain access token.","Impossibile ottenere il token di accesso."
"OAuth2 token exchange failed: %1","Scambio del token OAuth2 non riuscito: %1"
"Gateway ID is required.","L'ID del gateway è obbligatorio."
"Please configure OAuth2 Client ID and Secret first.","Configura prima Client ID e Secret OAuth2."
"Gateway was successfully saved. Please click ""Connect to Gmail"" to authorize.","Il gateway è stato salvato con successo. Fai clic su «Connect to Gmail» per autorizzare."
"Gateway was successfully saved. Connection has been established.","Il gateway è stato salvato con successo. La connessione è stata stabilita."
"Unable to find Gateway to save","Impossibile trovare il gateway da salvare"
"A total of %1 record(s) have been updated.","Sono stati aggiornati %1 record in totale."
"A total of %1 record(s) have been deleted.","Sono stati eliminati %1 record in totale."
"New Pattern","Nuovo modello"
"Pattern  Manager","Gestore modelli"
"Pattern Manager","Gestore modello"
"Add Pattern","Aggiungi modello"
"Add Pattern","Aggiungi modello"
"Pattern was successfully deleted","Il modello è stato eliminato con successo"
"Edit Pattern '%1'","Modifica modello «%1»"
"Edit Pattern","Modifica modello"
"The Pattern does not exist.","Il modello non esiste."
"Pattern was successfully saved","Il modello è stato salvato con successo"
"You have written an incorrect pattern","Hai scritto un modello non corretto"
"Unable to find Pattern to save","Impossibile trovare il modello da salvare"
"New Permission","Nuova autorizzazione"
"Permission  Manager","Gestore autorizzazioni"
"Permission Manager","Gestore autorizzazione"
"Add Permission","Aggiungi autorizzazione"
"Add Permission","Aggiungi autorizzazione"
"Permission was successfully deleted","L'autorizzazione è stata eliminata con successo"
"Edit Permission","Modifica autorizzazione"
"Edit Permission","Modifica autorizzazione"
"Permission does not exist.","L'autorizzazione non esiste."
"Permission was successfully saved","L'autorizzazione è stata salvata con successo"
"Unable to find Permission to save","Impossibile trovare l'autorizzazione da salvare"
"New Priority","Nuova priorità"
"Priority  Manager","Gestore priorità"
"Priority Manager","Gestore priorità"
"Add Priority","Aggiungi priorità"
"Add Priority","Aggiungi priorità"
"Priority was successfully deleted","La priorità è stata eliminata con successo"
"Edit Priority '%1'","Modifica priorità «%1»"
"Edit Priority","Modifica priorità"
"The Priority does not exist.","La priorità non esiste."
"Priority was successfully saved","La priorità è stata salvata con successo"
"Unable to find Priority to save","Impossibile trovare la priorità da salvare"
"Statistics was successfully updated","Le statistiche sono state aggiornate con successo"
"Helpdesk","Helpdesk"
"New Rule","Nuova regola"
"Rule  Manager","Gestore regole"
"Rule Manager","Gestore regola"
"Add Rule","Aggiungi regola"
"Add Rule","Aggiungi regola"
"Rule was successfully deleted","La regola è stata eliminata con successo"
"Edit Rule '%1'","Modifica regola «%1»"
"Edit Rule","Modifica regola"
"The Rule does not exist.","La regola non esiste."
"Rule was successfully saved","La regola è stata salvata con successo"
"Unable to find Rule to save","Impossibile trovare la regola da salvare"
"New Satisfaction","Nuova soddisfazione"
"Satisfaction  Manager","Gestore soddisfazione"
"Satisfaction Manager","Gestore soddisfazione"
"Add Satisfaction","Aggiungi soddisfazione"
"Add Satisfaction","Aggiungi soddisfazione"
"Satisfaction was successfully deleted","La soddisfazione è stata eliminata con successo"
"Edit Satisfaction '%1'","Modifica soddisfazione «%1»"
"Edit Satisfaction","Modifica soddisfazione"
"The Satisfaction does not exist.","La soddisfazione non esiste."
"Satisfaction was successfully saved","La soddisfazione è stata salvata con successo"
"Unable to find Satisfaction to save","Impossibile trovare la soddisfazione da salvare"
"New Schedule","Nuova pianificazione"
"Schedule Manager","Gestore pianificazione"
"Add Schedule","Aggiungi pianificazione"
"Add Schedule","Aggiungi pianificazione"
"You can not delete this schedule, because there are gateways using it.
                         Please, change gateways settings","Non puoi eliminare questa pianificazione perché vi sono gateway che la utilizzano.
                         Modifica le impostazioni dei gateway"
"Schedule was successfully deleted","La pianificazione è stata eliminata con successo"
"Edit Schedule '%1'","Modifica pianificazione «%1»"
"Edit Schedule","Modifica pianificazione"
"The Schedule does not exist.","La pianificazione non esiste."
"Schedules","Pianificazioni"
"Working days/hours is a required field.","Giorni/ore lavorativi è un campo obbligatorio."
"Schedule was successfully saved","La pianificazione è stata salvata con successo"
"Unable to find a Schedule to save","Impossibile trovare una pianificazione da salvare"
"Ticket was successfully moved to the Tickets folder","Il ticket è stato spostato con successo nella cartella Ticket"
"Edit Spam '%1'","Modifica spam «%1»"
"Edit Spam","Modifica spam"
"The spam does not exist.","Lo spam non esiste."
"Please select spam(s)","Seleziona uno o più spam"
"Total of %1 record(s) were successfully moved to the Tickets folder","Un totale di %1 record sono stati spostati con successo nella cartella Ticket"
"Total of %1 record(s) were successfully deleted","Un totale di %1 record sono stati eliminati con successo"
"New Status","Nuovo stato"
"Status  Manager","Gestore stati"
"Status Manager","Gestore stato"
"Add Status","Aggiungi stato"
"Add Status","Aggiungi stato"
"Status was successfully deleted","Lo stato è stato eliminato con successo"
"Edit Status '%1'","Modifica stato «%1»"
"Edit Status","Modifica stato"
"The Status does not exist.","Lo stato non esiste."
"Status was successfully saved","Lo stato è stato salvato con successo"
"Unable to find a Status to save","Impossibile trovare uno stato da salvare"
"New Template","Nuovo modello"
"Template  Manager","Gestore modelli"
"Template Manager","Gestore modello"
"Add Template","Aggiungi modello"
"Add Template","Aggiungi modello"
"Template was successfully deleted","Il modello è stato eliminato con successo"
"Edit Template '%1'","Modifica modello «%1»"
"Edit Template","Modifica modello"
"The Template does not exist.","Il modello non esiste."
"Template was successfully saved","Il modello è stato salvato con successo"
"Unable to find a Template to save","Impossibile trovare un modello da salvare"
"New Ticket","Nuovo ticket"
"Ticket Manager","Gestore ticket"
"Add Ticket","Aggiungi ticket"
"Ticket was moved to Archive","Il ticket è stato spostato nell'archivio"
"The file does not exist or has been deleted.","Il file non esiste o è stato eliminato."
"Ticket was successfully deleted","Il ticket è stato eliminato con successo"
"Edit Ticket","Modifica ticket"
"The ticket does not exist.","Il ticket non esiste."
"Total of %1 record(s) were moved to Archive.","Un totale di %1 record sono stati spostati nell'archivio."
"Please select ticket(s)","Seleziona uno o più ticket"
"Total of %1 record(s) were moved to the Spam folder","Un totale di %1 record sono stati spostati nella cartella spam"
"Total of %1 record(s) were successfully updated","Un totale di %1 record sono stati aggiornati con successo"
"Total of %1 record(s) Assignee was changed.","L'assegnatario di %1 record in totale è stato modificato."
"You don't have permission for this operation.","Non hai l'autorizzazione per questa operazione."
"Total of %1 record(s) were moved to the Inbox folder.","Un totale di %1 record sono stati spostati nella cartella Posta in arrivo."
"Please select 2 or more tickets","Seleziona 2 o più ticket"
"Total of %1 record(s) were successfully merged","Un totale di %1 record sono stati uniti con successo"
"Total of %1 record(s) were moved to the Spam folder.","Un totale di %1 record sono stati spostati nella cartella spam."
"Ticket was moved to the Inbox","Il ticket è stato spostato nella posta in arrivo"
"Message was successfully sent","Il messaggio è stato inviato con successo"
"Ticket was successfully updated","Il ticket è stato aggiornato con successo"
"Field ""Cc"" is limited by %1 emails","Il campo «Cc» è limitato a %1 e-mail"
"Something went wrong while saving the ticket.","Si è verificato un errore durante il salvataggio del ticket."
"Unable to find ticket to save","Impossibile trovare il ticket da salvare"
"Incorrect email format.","Formato e-mail non corretto."
"Incorrect CC format.","Formato CC non corretto."
"Incorrect BCC format.","Formato BCC non corretto."
"Ticket was moved to the Spam folder","Il ticket è stato spostato nella cartella spam"
"Your request was successfully submitted. You should receive a confirmation email shortly.","La tua richiesta è stata inviata con successo. Dovresti ricevere un'e-mail di conferma a breve."
"Unable to submit your request. Please, try again later","Impossibile inviare la richiesta. Riprova più tardi"
"Field ""Name"" is required","Il campo «Nome» è obbligatorio"
"Field ""Comment"" is required","Il campo «Commento» è obbligatorio"
"Something went wrong","Si è verificato un errore"
"Telephone","Telefono"
"Your inquiry was submitted and will be responded to as soon as possible. Thank you for contacting us.","La tua richiesta è stata inviata e riceverai una risposta il prima possibile. Grazie per averci contattato."
"Sorry, for technical reasons you can't submit your query from this browser. Please try using a different browser or computer.","Spiacenti, per motivi tecnici non puoi inviare la tua richiesta da questo browser. Prova a utilizzare un altro browser o computer."
"Page not found.","Pagina non trovata."
"Your message was successfully posted","Il tuo messaggio è stato pubblicato con successo"
"Your ticket was successfully posted","Il tuo ticket è stato pubblicato con successo"
"Ticket was successfully closed","Il ticket è stato chiuso con successo"
"wrong URL","URL errato"
"Can't upload file %1 . Max allowed upload size is %2 MB.","Impossibile caricare il file %1. La dimensione massima consentita è di %2 MB."
"Allows only this file types: %1","Consente solo questi tipi di file: %1"
"%1:%2 (%3) is open.","%1:%2 (%3) è aperto."
"%1:%2 is closed.","%1:%2 è chiuso."
"%1 Help Desk","%1 Help Desk"
"You have %1 unread notifications.","Hai %1 notifiche non lette."
"Ticket ""%1"" was created.","Il ticket «%1» è stato creato."
"New message was added to the ticket ""%1""","È stato aggiunto un nuovo messaggio al ticket «%1»"
"Ticket ""%1"" was assigned to you.","Il ticket «%1» ti è stato assegnato."
"%1 is editing now","%1 sta modificando ora"
"%1 has opened this ticket %2","%1 ha aperto questo ticket %2"
"%1 have opened this ticket %2","%1 hanno aperto questo ticket %2"
"please type your reply above this line","digita la tua risposta sopra questa riga"
"Can't fetch.
                Please, ask your hosting provider to enable the IMAP extension in PHP configuration of your server.","Impossibile recuperare.
                Chiedi al tuo provider di hosting di abilitare l'estensione IMAP nella configurazione PHP del tuo server."
"Yes","Sì"
"No","No"
"Unable to define email sender","Impossibile definire il mittente dell'e-mail"
"Rule '%1'","Regola «%1»"
"Follow Up actions","Azioni di follow-up"
"%1: %2 => %3","%1: %2 => %3"
"%1: %2","%1: %2"
"Ticket was merged to: %1","Il ticket è stato unito a: %1"
"Ticket was merged with: %1","Il ticket è stato unito con: %1"
"Message added","Messaggio aggiunto"
"Internal note added","Nota interna aggiunta"
"Third party message added","Messaggio di terze parti aggiunto"
"Private third party message added","Messaggio privato di terze parti aggiunto"
"Folder","Cartella"
"Order","Ordine"
"User","Utente"
"Customer","Cliente"
"Customer Email","E-mail del cliente"
"Cc","Cc"
"Bcc","Ccn"
"-- Please Select --","-- Seleziona --"
"Inbox","Posta in arrivo"
"Spam","Spam"
"Email","E-mail"
"Backend","Backend"
"Contact Tab","Scheda contatto"
"Contact Form","Modulo di contatto"
"Customer Account","Account cliente"
"Public Reply","Risposta pubblica"
"Internal Note","Nota interna"
"Message to Third Party","Messaggio a terze parti"
"Internal Note to Third Party","Nota interna a terze parti"
"at %1 (%2) - %3","alle %1 (%2) - %3"
"You don't have permissions to read this ticket. Please, contact your administrator.","Non hai le autorizzazioni per leggere questo ticket. Contatta il tuo amministratore."
"Field ""Name"" is incorrect.","Il campo «Nome» non è corretto."
"Email field should not be empty","Il campo e-mail non deve essere vuoto"
"Submitted from the page:","Inviato dalla pagina:"
"Invalid Customer Email","E-mail cliente non valida"
"Ticket was merged to %1","Il ticket è stato unito a %1"
"Pattern","Modello"
"Attribute Value","Valore attributo"
"Default","Predefinito"
"Integer","Intero"
"Price","Prezzo"
"Strip Tags","Rimuovi tag"
"Ticket Attributes","Attributi del ticket"
"Wrong URL","URL errato"
"Unknown time","Ora sconosciuta"
"ago","fa"
"from now","da ora"
"1 sec ago","1 sec fa"
"Links:","Collegamenti:"
"Open Ticket","Apri ticket"
"Open Tickets","Ticket aperti"
"! Blocked file -","! File bloccato -"
"File System","File system"
"Database","Database"
"IMAP","IMAP"
"OAuth2 (Gmail)","OAuth2 (Gmail)"
"Aqua","Acqua"
"Grey","Grigio"
"Navy","Blu marino"
"Silver","Argento"
"Black","Nero"
"Green","Verde"
"Olive","Oliva"
"Teal","Verde acqua"
"Blue","Blu"
"Lime","Lime"
"Purple","Viola"
"Fuchsia","Fucsia"
"Maroon","Bordeaux"
"Red","Rosso"
"Orange","Arancione"
"Yellow","Giallo"
"NONE","NESSUNO"
"SSL","SSL"
"Text","Testo"
"Multi-line text","Testo su più righe"
"Date","Data"
"Checkbox","Casella di controllo"
"Drop-down list","Elenco a discesa"
"In minutes...","In minuti..."
"In hours...","In ore..."
"In days...","In giorni..."
"In weeks...","In settimane..."
"In months...","In mesi..."
"Custom","Personalizzato"
"Move to Archive","Sposta nell'archivio"
"Move from Archive","Sposta dall'archivio"
"All users","Tutti gli utenti"
"Left","Sinistra"
"Right","Destra"
"POP","POP"
"Great!","Ottimo!"
"OK","OK"
"Bad","Negativo"
"--Please Select--","--Seleziona--"
"New ticket created","Nuovo ticket creato"
"New reply from customer","Nuova risposta dal cliente"
"New reply from staff","Nuova risposta dallo staff"
"New reply from third party","Nuova risposta da terze parti"
"Ticket assigned to staff","Ticket assegnato allo staff"
"Ticket was changed","Il ticket è stato modificato"
"Ticket was converted to RMA","Il ticket è stato convertito in RMA"
"Check every hour","Controlla ogni ora"
"Headers","Intestazioni"
"Body","Corpo"
"Using Department Name (e.g. Sales)","Usa il nome del dipartimento (es. Vendite)"
"Using Staff Name (e.g. John Doe)","Usa il nome dello staff (es. Mario Rossi)"
"Using Custom Template","Usa un modello personalizzato"
"Last Reply","Ultima risposta"
"View link","Visualizza collegamento"
"%1 attachments were deleted","%1 allegati sono stati eliminati"
"desktop notifications","notifiche desktop"
"%1 %2 were deleted","%1 %2 sono stati eliminati"
"Process is locked","Il processo è bloccato"
"Locked","Bloccato"
"Success","Successo"
"Pattern is invalid","Il modello non è valido"
"""%1"" department is using as default department in next gateway(s) with id: %2.
                Please change it first.","Il dipartimento «%1» è utilizzato come dipartimento predefinito nei seguenti gateway con id: %2.
                Modificalo prima."
"""%1"" department is used as the default department in the option ""Feedback Tab > Assign to Department"".
                Please change this option first.","Il dipartimento «%1» è utilizzato come dipartimento predefinito nell'opzione «Scheda Feedback > Assegna al dipartimento».
                Modifica prima questa opzione."
"Update the Ticket","Aggiorna il ticket"
"Conditions Combination","Combinazione di condizioni"
"Ticket Attribute","Attributo del ticket"
"Last 7-days Clicks","Clic degli ultimi 7 giorni"
"Last 7-days Orders","Ordini degli ultimi 7 giorni"
"Last 7-days Revenue","Fatturato degli ultimi 7 giorni"
"Last 7-days Conversation Rate (%)","Tasso di conversione degli ultimi 7 giorni (%)"
"Last message body","Corpo dell'ultimo messaggio"
"Priority (before change)","Priorità (prima della modifica)"
"Status (before change)","Stato (prima della modifica)"
"Department (before change)","Dipartimento (prima della modifica)"
"Owner (before change)","Proprietario (prima della modifica)"
"Folder (before change)","Cartella (prima della modifica)"
"Last Reply By","Ultima risposta da"
"Last Reply Type","Tipo di ultima risposta"
"Hours since Created","Ore dalla creazione"
"Hours since Updated","Ore dall'aggiornamento"
"Hours since Last reply","Ore dall'ultima risposta"
"Ticket Source (Channel)","Origine del ticket (canale)"
"%1 (before change)","%1 (prima della modifica)"
"Staff","Staff"
"Third party","Terze parti"
"Closed","Chiuso"
"Opened 24hr","Aperto 24h"
"Searchable attributes not defined","Attributi ricercabili non definiti"
"- Disable these emails -","- Disattiva queste e-mail -"
"Authentication failed for the Gateway(s) ""%1""
                                <br> To hide this message, re-save the above Gateway(s) and run cron,
                                or disable the above Gateway(s) <a href=""%2"">help desk gateways</a>.","Autenticazione non riuscita per il/i gateway «%1»
                                <br> Per nascondere questo messaggio, salva nuovamente il/i gateway sopra e avvia il cron,
                                oppure disattiva il/i gateway sopra <a href=""%2"">gateway help desk</a>."
"The Help Desk can't fetch new emails.
                Please, try to run bin/magento mirasvit:helpdesk:run to determine the source of this problem.","L'Help Desk non può recuperare nuove e-mail.
                Prova a eseguire bin/magento mirasvit:helpdesk:run per determinare la causa del problema."
"Help desk can't fetch emails.","L'help desk non può recuperare le e-mail."
"<br> To temporarily hide this message, disable all <a href=""%1"">help desk gateways</a>.","<br> Per nascondere temporaneamente questo messaggio, disattiva tutti i <a href=""%1"">gateway dell'help desk</a>."
"Help Desk can't fetch new emails.
                 Please, check that you are running cron for bin/magento mirasvit:helpdesk:run.","L'Help Desk non può recuperare nuove e-mail.
                 Verifica che il cron sia in esecuzione per bin/magento mirasvit:helpdesk:run."
"Helpdesk Tickets","Ticket Helpdesk"
"Department with id ""%1"" does not exist.","Il dipartimento con id «%1» non esiste."
"Field with id ""%1"" does not exist.","Il campo con id «%1» non esiste."
"Priority with id ""%1"" does not exist.","La priorità con id «%1» non esiste."
"Satisfaction with id ""%1"" does not exist.","La soddisfazione con id «%1» non esiste."
"Cannot delete satisfaction with id %1","Impossibile eliminare la soddisfazione con id %1"
"Status with id ""%1"" does not exist.","Lo stato con id «%1» non esiste."
"Template with id ""%1"" does not exist.","Il modello con id «%1» non esiste."
"Cannot delete ticket with id %1","Impossibile eliminare il ticket con id %1"
"Admin authorization is required.","È richiesta l'autorizzazione amministratore."
"Message body cannot be empty.","Il corpo del messaggio non può essere vuoto."
"Invalid folder ""%1"". Allowed: 1 (Inbox), 2 (Archive), 3 (Spam)","Cartella non valida «%1». Consentite: 1 (Posta in arrivo), 2 (Archivio), 3 (Spam)"
"Invalid customer email format.","Formato e-mail cliente non valido."
"Invalid %1 email format: %2","Formato e-mail %1 non valido: %2"
"Invalid message type ""%1"". Allowed: %2","Tipo di messaggio non valido «%1». Consentiti: %2"
"Area: ""%1""","Area: «%1»"
"Ticket ID: ""%1""","ID ticket: «%1»"
"Customer ID: ""%1""","ID cliente: «%1»"
"User ID: ""%1""","ID utente: «%1»"
"Some tickets could not be parsed. Please check logs.","Alcuni ticket non sono stati elaborati. Controlla i log."
"Edit","Modifica"
"All Departments","Tutti i dipartimenti"
"All Roles","Tutti i ruoli"
"Back","Indietro"
"Reset","Ripristina"
"Save and Continue Edit","Salva e continua a modificare"
"Debug","Debug"
"24 hrs x 7 days","24 h x 7 giorni"
"Select working days/hours","Seleziona giorni/ore lavorativi"
"All Tickets","Tutti i ticket"
"My Tickets","I miei ticket"
"Satisfaction survey","Sondaggio di soddisfazione"
"Satisfaction rating: %1 out of 5","Valutazione di soddisfazione: %1 su 5"
"View message source in new window","Visualizza l'origine del messaggio in una nuova finestra"
"show source","mostra origine"
"to %1 (third party)","a %1 (terze parti)"
"%1 %2 (third party)","%1 %2 (terze parti)"
"%1","%1"
"Attachment image: %1","Immagine allegato: %1"
"Document file icon","Icona file documento"
"Download icon","Icona di download"
"Download","Scarica"
"Max file size: %1 Mb","Dimensione massima file: %1 MB"
"Close","Chiudi"
"Image preview","Anteprima immagine"
"Previous image","Immagine precedente"
"Previous","Precedente"
"Next","Successivo"
"Ticket Summary","Riepilogo ticket"
"enter subject of ticket","inserisci l'oggetto del ticket"
"Ticket ID","ID ticket"
"Assignee","Assegnatario"
"Additional Info","Informazioni aggiuntive"
"You are not allowed to add the message to the current ticket as it is locked. To add the message to the current ticket you should change its status to one of unlocked.","Non è consentito aggiungere il messaggio al ticket corrente perché è bloccato. Per aggiungere il messaggio al ticket corrente devi modificarne lo stato in uno sbloccato."
"Ticket History","Cronologia ticket"
"Done by","Eseguito da"
"Changes","Modifiche"
"Ticket Grid Container","Contenitore griglia ticket"
"View tickets notifications","Visualizza notifiche ticket"
"Navigate to all tickets page","Vai alla pagina di tutti i ticket"
"See All Tickets","Vedi tutti i ticket"
"Edit ticket: %1","Modifica ticket: %1"
"View tickets page","Visualizza pagina ticket"
"Open contact form","Apri il modulo di contatto"
"Close contact form","Chiudi il modulo di contatto"
"Name","Nome"
"Attach files","Allega file"
"Submit","Invia"
"Submit Ticket","Invia ticket"
"What is your question?","Qual è la tua domanda?"
"We found the following topics that might be helpful:","Abbiamo trovato i seguenti argomenti che potrebbero esserti utili:"
"None of these are helpful - contact us","Nessuno di questi è utile - contattaci"
"We have not found any helpful topics.","Non abbiamo trovato argomenti utili."
"Contact Information","Informazioni di contatto"
"Comment","Commento"
"We are open 24 x 7","Siamo aperti 24 ore su 24, 7 giorni su 7"
"We are closed","Siamo chiusi"
"Timezone: %1","Fuso orario: %1"
"Please take a second to rate my reply...","Prenditi un momento per valutare la mia risposta..."
"Great","Ottimo"
"Awesome","Fantastico"
"Fast, friendly, helpful, pleasant. Great job!","Veloce, cordiale, disponibile, piacevole. Ottimo lavoro!"
"Just Okay","Discreto"
"Fine, but definitely could have been better.","Bene, ma sicuramente avrebbe potuto essere migliore."
"Not good","Non buono"
"Unfortunately, I wasn't happy with it at all.","Purtroppo non ne sono rimasto affatto soddisfatto."
"Satisfactory level of customer service in real time","Livello soddisfacente di servizio clienti in tempo reale"
"%1% said great!","%1% ha detto ottimo!"
"last updated %1","ultimo aggiornamento %1"
"Thank you for participating in our survey!","Grazie per aver partecipato al nostro sondaggio!"
"If you would like to provide additional comments, please do so below:","Se desideri fornire commenti aggiuntivi, falli qui sotto:"
"Message","Messaggio"
"Submit Message","Invia messaggio"
"Thank you for your feedback!","Grazie per il tuo feedback!"
"If the processing doesn't start automatically in a few seconds, please click the button below","Se l'elaborazione non si avvia automaticamente entro pochi secondi, fai clic sul pulsante in basso"
"Process Rate","Velocità di elaborazione"
"Attachments","Allegati"
"-- Select an Order --","-- Seleziona un ordine --"
"Create ticket","Crea ticket"
"Navigate to create new ticket page","Vai alla pagina di creazione del nuovo ticket"
"You don't have open tickets","Non hai ticket aperti"
"View ticket: %1","Visualizza ticket: %1"
"Post a Reply","Pubblica una risposta"
"Max file size: %1","Dimensione massima file: %1"
"Reopen Ticket","Riapri ticket"
"Close Ticket","Chiudi ticket"
"History","Cronologia"
"%1 (third party)","%1 (terze parti)"
"Attachment: %1","Allegato: %1"
"Download attachment: %1","Scarica allegato: %1"
"Image file icon","Icona file immagine"
"Go back to my tickets list","Torna al mio elenco di ticket"
"Back to My Tickets","Torna ai miei ticket"
"Next image","Immagine successiva"
"Rate","Valuta"
"Ok","Ok"
"To","A"
"Customer Summary","Riepilogo cliente"
"Assigned To Customer","Assegnato al cliente"
"Assigned To Order","Assegnato all'ordine"
"Customer does not have any orders.","Il cliente non ha alcun ordine."
"RMA","RMA"
"type email or name","digita e-mail o nome"
"Click this button to authorize access to Gmail via OAuth2","Fai clic su questo pulsante per autorizzare l'accesso a Gmail tramite OAuth2"
"Reconnect","Riconnetti"
"Connect to Gmail","Connetti a Gmail"
"Attachment","Allegato"
"type third party email here","digita qui l'e-mail di terze parti"
"Kind","Tipo"
"Info","Info"
"You can check the status of reply to this ticket online at:","Puoi verificare lo stato della risposta a questo ticket online all'indirizzo:"
"Dear %name,","Gentile %name,"
"Thank you for contacting us!","Grazie per averci contattato!"
"This is an automated response confirming the receipt of your ticket. One of our agents will get back to you as soon as possible.","Questa è una risposta automatica che conferma la ricezione del tuo ticket. Uno dei nostri agenti ti risponderà al più presto."
"Details","Dettagli"
"Please, answer the following ticket:","Rispondi al seguente ticket:"
"Ticket ID:","ID ticket:"
"Name:","Nome:"
"Email address:","Indirizzo e-mail:"
"Store:","Negozio:"
"Department:","Dipartimento:"
"Staff (Owner): -- Unassigned --","Staff (Proprietario): -- Non assegnato --"
"Status:","Stato:"
"Priority:","Priorità:"
"Created:","Creato:"
"Staff (Owner):","Staff (Proprietario):"
"Updated:","Aggiornato:"
"== INTERNAL NOTE ==","== NOTA INTERNA =="
"Dear <strong>%user_firstname %user_lastname</strong>, <br><br>
    %ticket_customer_name rated your help with smile","Gentile <strong>%user_firstname %user_lastname</strong>, <br><br>
    %ticket_customer_name ha valutato il tuo aiuto con un sorriso"
"Customer email:","E-mail del cliente:"
"Comment:","Commento:"
"This browser does not support desktop notification","Questo browser non supporta le notifiche desktop"
"Please save the gateway first before connecting to Gmail.","Salva prima il gateway prima di connetterti a Gmail."
"Please enter Client ID and Client Secret before connecting.","Inserisci Client ID e Client Secret prima di connetterti."
"Your message will be emailed to the customer","Il tuo messaggio verrà inviato per e-mail al cliente"
"Your message will be emailed to your colleague. The customer will not see it.","Il tuo messaggio verrà inviato per e-mail al tuo collega. Il cliente non lo vedrà."
"Your message will be emailed to the third party. Customer will see it in the ticket history.","Il tuo messaggio verrà inviato per e-mail alle terze parti. Il cliente lo vedrà nella cronologia del ticket."
"Internal Message to Third Party","Messaggio interno a terze parti"
"Your message will be emailed to the third party. The customer will not see it.","Il tuo messaggio verrà inviato per e-mail alle terze parti. Il cliente non lo vedrà."
"Session has expired. Please copy all unsaved data and reload the page.","La sessione è scaduta. Copia tutti i dati non salvati e ricarica la pagina."
"Upload Too Large","Caricamento troppo grande"
"Open","Aperto"
"Help Desk MX","Help Desk MX"
"General Settings","Impostazioni generali"
"Enhance the overall performance and user experience of your helpdesk by setting up core features such as how communication is managed, personalizing customer interactions, and ensuring smooth ticket management with automated tasks.","Migliora le prestazioni complessive e l'esperienza utente del tuo helpdesk configurando funzionalità essenziali come la gestione delle comunicazioni, la personalizzazione delle interazioni con il cliente e una gestione fluida dei ticket con attività automatizzate."
"Helpdesk title in the customer account","Titolo dell'helpdesk nell'account cliente"
"Customize the title displayed for the Helpdesk section in the customer's account to create a clear and branded support experience.","Personalizza il titolo visualizzato per la sezione Helpdesk nell'account del cliente per creare un'esperienza di supporto chiara e riconoscibile."
"Sign staff replies","Firma le risposte dello staff"
"Adds a personal touch to customer communication, which helps personalize responses and provide clarity on who handled the support request increasing trust and transparency.","Aggiunge un tocco personale alla comunicazione con il cliente, contribuendo a personalizzare le risposte e a chiarire chi ha gestito la richiesta di supporto, aumentando fiducia e trasparenza."
"Signature template","Modello di firma"
"Send blind carbon copy (BCC) of all emails to","Invia copia nascosta (CCN) di tutte le e-mail a"
"Automatically send a BCC of all helpdesk-related emails to a specified address for monitoring or record-keeping, helping ensure nothing gets overlooked.","Invia automaticamente una CCN di tutte le e-mail relative all'helpdesk a un indirizzo specifico per monitoraggio o archiviazione, contribuendo a garantire che nulla venga trascurato."
"Use default Magento cron","Usa il cron Magento predefinito"
"If this option is disabled, helpdesk-related tasks will not be processed automatically. For instance, emails from the configured gateway will not be fetched. However, you can still manually trigger cron tasks to test the module's functionality.","Se questa opzione è disattivata, le attività relative all'helpdesk non verranno elaborate automaticamente. Ad esempio, le e-mail dal gateway configurato non verranno recuperate. Puoi comunque attivare manualmente le attività cron per testare la funzionalità del modulo."
"Enable magento cron to ensure scheduled actions like email fetching are handled efficiently without extra configuration.","Attiva il cron Magento per garantire che le azioni pianificate come il recupero delle e-mail vengano gestite in modo efficiente senza configurazioni aggiuntive."
"Allow customer to open ticket by unique URL (without additional authentication)","Consenti al cliente di aprire il ticket tramite URL univoco (senza autenticazione aggiuntiva)"
"Customers will receive link in the email notification to access their support tickets via a unique URL, simplifying the process and increasing accessibility by eliminating extra login steps.","I clienti riceveranno un collegamento nella notifica e-mail per accedere ai loro ticket di supporto tramite un URL univoco, semplificando il processo e aumentando l'accessibilità eliminando passaggi di accesso aggiuntivi."
"Tickets Settings","Impostazioni ticket"
"Manage the flow and organization of support tickets efficiently by controlling the prioritization, categorization, and statuses of incoming customer requests. This section ensures that support agents can handle tickets based on urgency and track progress seamlessly.","Gestisci in modo efficiente il flusso e l'organizzazione dei ticket di supporto controllando la priorità, la categorizzazione e gli stati delle richieste cliente in arrivo. Questa sezione garantisce che gli agenti di supporto possano gestire i ticket in base all'urgenza e monitorare i progressi senza problemi."
"Priority for new tickets","Priorità per i nuovi ticket"
"Set the default priority for new tickets to help organize and prioritize customer issues based on urgency.","Imposta la priorità predefinita per i nuovi ticket per organizzare e dare la priorità ai problemi dei clienti in base all'urgenza."
"Status for new tickets","Stato per i nuovi ticket"
"Define the default status for new tickets to give clear visibility of ticket progress.","Definisci lo stato predefinito per i nuovi ticket per offrire una visibilità chiara sullo stato di avanzamento."
"Move Ticket to Archive if it has one of following statuses:","Sposta il ticket nell'archivio se ha uno dei seguenti stati:"
"Automatically move tickets to the archive when they reach specified statuses, ensuring the system stays organized.","Sposta automaticamente i ticket nell'archivio quando raggiungono gli stati specificati, mantenendo il sistema organizzato."
"Lock Ticket if it has one of following statuses:","Blocca il ticket se ha uno dei seguenti stati:"
"When ticket is locked the customer cannot add a new message to the ticket, while admin still can send messages","Quando un ticket è bloccato il cliente non può aggiungere un nuovo messaggio al ticket, mentre l'amministratore può comunque inviare messaggi"
"Control when tickets are locked based on their statuses to avoid further changes once certain progress is made.","Controlla quando i ticket vengono bloccati in base ai loro stati per evitare ulteriori modifiche una volta raggiunto un certo livello di avanzamento."
"Tickets autosave period, sec","Periodo di salvataggio automatico dei ticket, s"
"Set how frequently ticket drafts are autosaved, minimizing the risk of losing unsaved work. Leave empty to disable autosave.","Imposta la frequenza con cui le bozze dei ticket vengono salvate automaticamente, riducendo il rischio di perdere il lavoro non salvato. Lascia vuoto per disattivare il salvataggio automatico."
"Use WYSIWYG Editor in backend","Usa l'editor WYSIWYG nel backend"
"Enable the use of a text editor for tickets in the backend, making it easier for staff to format replies and provide detailed, structured responses.","Attiva l'uso di un editor di testo per i ticket nel backend, semplificando per lo staff la formattazione delle risposte e la fornitura di risposte dettagliate e strutturate."
"Create Tickets from Contact Us form","Crea ticket dal modulo Contattaci"
"Automatically create helpdesk tickets from submissions via the 'Contact Us' form, turning every inquiry into a manageable support ticket.","Crea automaticamente ticket helpdesk dalle richieste inviate tramite il modulo «Contattaci», trasformando ogni richiesta in un ticket di supporto gestibile."
"Admin Display Options","Opzioni di visualizzazione admin"
"Improve the visual accessibility and ease of navigating through tickets in the admin panel. This section allows you to enable quick access to essential data, helping your support team handle tickets faster and more effectively.","Migliora l'accessibilità visiva e la facilità di navigazione tra i ticket nel pannello di amministrazione. Questa sezione consente di abilitare l'accesso rapido ai dati essenziali, aiutando il team di supporto a gestire i ticket più velocemente e in modo più efficace."
"Show Quick Data Bar in admin ticket grid","Mostra la barra dati rapida nella griglia ticket admin"
"This feature enhances workflow visibility and helps agents stay on top of their responsibilities.","Questa funzionalità migliora la visibilità del workflow e aiuta gli agenti a tenere sotto controllo le proprie responsabilità."
"Show User Activity Data Bar in admin ticket grid","Mostra la barra dei dati di attività utente nella griglia ticket admin"
"Shows recent user activity related to the ticket, helping managers track staff interactions with customers more efficiently.","Mostra l'attività recente dell'utente relativa al ticket, aiutando i manager a monitorare in modo più efficiente le interazioni dello staff con i clienti."
"Show previous/next button in backend ticket edit page","Mostra i pulsanti precedente/successivo nella pagina di modifica ticket del backend"
"Display 'previous' and 'next' buttons on the ticket editing page in the backend to move through tickets quickly without returning to the grid.","Visualizza i pulsanti «precedente» e «successivo» nella pagina di modifica del ticket nel backend per spostarsi rapidamente tra i ticket senza tornare alla griglia."
"Attachments Settings","Impostazioni allegati"
"Customize how file attachments are managed within the helpdesk. This section helps you control the storage, format, and retention of attachments, ensuring customers and staff can exchange relevant files without compromising storage space.","Personalizza la gestione dei file allegati nell'helpdesk. Questa sezione ti aiuta a controllare archiviazione, formato e conservazione degli allegati, permettendo a clienti e staff di scambiare file rilevanti senza compromettere lo spazio di archiviazione."
"Store attachments in","Archivia gli allegati in"
"Select the storage location for ticket attachments, giving you control over file management.","Seleziona la posizione di archiviazione per gli allegati dei ticket, dandoti il controllo sulla gestione dei file."
"Auto-removing old attachments","Rimozione automatica dei vecchi allegati"
"Enable automatic removal of old attachments to free up storage space and keep the system clutter-free","Attiva la rimozione automatica dei vecchi allegati per liberare spazio di archiviazione e mantenere il sistema ordinato"
"Remove attachments older than, days","Rimuovi gli allegati più vecchi di, giorni"
"Specifies the number of days after which old ticket attachments will be deleted.","Specifica il numero di giorni dopo i quali i vecchi allegati dei ticket verranno eliminati."
"Only allow upload of attachments with extensions","Consenti il caricamento solo di allegati con estensioni"
"Restrict attachment uploads to specific file types to avoid security risks and maintain control over the type of files uploaded. Comma separated list. e.g. jpg, jpeg, gif, png, bmp, pdf>","Limita i caricamenti di allegati a tipi di file specifici per evitare rischi di sicurezza e mantenere il controllo sui tipi di file caricati. Elenco separato da virgole. Es. jpg, jpeg, gif, png, bmp, pdf>"
"Feedback Tab","Scheda Feedback"
"Boost customer engagement by offering an easy-to-use feedback system. The feedback tab allows customers to submit inquiries or tickets directly from the website, improving accessibility to your support team.","Aumenta il coinvolgimento del cliente offrendo un sistema di feedback semplice da usare. La scheda Feedback consente ai clienti di inviare richieste o ticket direttamente dal sito Web, migliorando l'accessibilità al tuo team di supporto."
"Enable Feedback Tab","Attiva scheda Feedback"
"Activate the feedback tab on your website, making it easy for customers to submit support requests.","Attiva la scheda Feedback sul tuo sito Web, rendendo facile per i clienti inviare richieste di supporto."
"Assign to Department","Assegna al dipartimento"
"Automatically assign feedback tab-generated tickets to a specific department, ensuring they reach the right team for quick resolution.","Assegna automaticamente i ticket generati dalla scheda Feedback a un dipartimento specifico, garantendo che raggiungano il team giusto per una rapida risoluzione."
"Tab Color","Colore della scheda"
"Customize the feedback tab color to align with your brand, making it more visually appealing and noticeable.","Personalizza il colore della scheda Feedback per allinearlo al tuo brand, rendendola più accattivante visivamente e visibile."
"Tab Title","Titolo della scheda"
"Set the title for the feedback tab, giving customers a clear call to action","Imposta il titolo della scheda Feedback, fornendo ai clienti un chiaro invito all'azione"
"Tab Position","Posizione della scheda"
"Choose where the feedback tab is displayed on the screen, ensuring it's easily accessible","Scegli dove visualizzare la scheda Feedback sullo schermo, garantendo che sia facilmente accessibile"
"Search Knowledge Base Topics first","Cerca prima gli argomenti della Knowledge Base"
"Allow the feedback tab to suggest knowledge base topics before showing the form, helping reduce support ticket volume by guiding customers to self-help resources.","Consenti alla scheda Feedback di suggerire argomenti della knowledge base prima di mostrare il modulo, contribuendo a ridurre il volume dei ticket di supporto indirizzando i clienti verso risorse di auto-aiuto."
"Form Fields","Campi del modulo"
"Tailor the feedback submission forms to collect the right information from customers. This section lets you customize form fields and improve the accuracy of the information gathered from customers, enhancing the quality of support requests.","Adatta i moduli di invio feedback per raccogliere le informazioni giuste dai clienti. Questa sezione consente di personalizzare i campi del modulo e migliorare l'accuratezza delle informazioni raccolte, migliorando la qualità delle richieste di supporto."
"Form Title","Titolo del modulo"
"Set a title for the feedback form to provide context and guide customers on what to expect.","Imposta un titolo per il modulo di feedback per fornire contesto e guidare i clienti su cosa aspettarsi."
"Subject Title","Titolo dell'oggetto"
"Label the subject field to ensure customers provide a brief overview of their issue.","Etichetta il campo Oggetto per garantire che i clienti forniscano una breve panoramica del loro problema."
"Subject Placeholder","Segnaposto dell'oggetto"
"Placeholder text displayed inside the subject input field that provides guidance on what kind of information the customer should enter.","Testo segnaposto visualizzato all'interno del campo di immissione oggetto che fornisce indicazioni sul tipo di informazioni che il cliente deve inserire."
"Description Title","Titolo della descrizione"
"Label the description field to prompt customers to provide more details about their inquiry.","Etichetta il campo Descrizione per invitare i clienti a fornire maggiori dettagli sulla loro richiesta."
"Description Placeholder","Segnaposto della descrizione"
"Add helpful placeholder text to guide customers in providing relevant information.","Aggiungi un testo segnaposto utile per guidare i clienti nel fornire informazioni pertinenti."
"Allow customer to attach files","Consenti al cliente di allegare file"
"Enables the option for customers to upload files (e.g., screenshots or documents) with their feedback or support request providing additional context or supporting materials for their issue.","Attiva l'opzione per i clienti di caricare file (es. screenshot o documenti) con il loro feedback o richiesta di supporto, fornendo contesto aggiuntivo o materiali a supporto del problema."
"Allow customers to select Priority","Consenti ai clienti di selezionare la priorità"
"Gives customers the ability to set the priority of their feedback or ticket that can help the support team to prioritize urgent requests over less critical ones.","Consente ai clienti di impostare la priorità del proprio feedback o ticket, aiutando il team di supporto a dare priorità alle richieste urgenti rispetto a quelle meno critiche."
"Allow customer to select Department","Consenti al cliente di selezionare il dipartimento"
"Allows customers to choose the department their request should be sent to. This ensures that inquiries are routed to the correct team for faster handling.","Consente ai clienti di scegliere il dipartimento a cui inviare la propria richiesta. Questo garantisce che le richieste vengano indirizzate al team corretto per una gestione più rapida."
"Improve customer experience by integrating helpdesk functionality into the customer’s account. This section helps you enable features like tracking ticket status, prioritizing requests, and allowing file attachments, making the support process more user-friendly.","Migliora l'esperienza del cliente integrando le funzionalità dell'helpdesk nell'account del cliente. Questa sezione consente di attivare funzionalità come il monitoraggio dello stato del ticket, la prioritizzazione delle richieste e l'invio di allegati, rendendo il processo di supporto più intuitivo."
"Show the Help Desk section in the Customer Account","Mostra la sezione Help Desk nell'account cliente"
"Display a Help Desk section in the customer’s account, making it easy for customers to submit and track their support tickets directly from their account dashboard.","Visualizza una sezione Help Desk nell'account del cliente, semplificando per i clienti l'invio e il monitoraggio dei propri ticket di supporto direttamente dalla dashboard del proprio account."
"Show Help Desk link in customer menu","Mostra il collegamento Help Desk nel menu cliente"
"Add a Help Desk link in the customer's dropdown menu for quick access to the support page, ensuring customers can easily find the help they need.","Aggiungi un collegamento Help Desk nel menu a discesa del cliente per un rapido accesso alla pagina di supporto, garantendo che i clienti possano trovare facilmente l'aiuto di cui hanno bisogno."
"Let customers the ability to set the priority of the ticket that can help the support team to prioritize urgent requests over less critical ones.","Consente ai clienti di impostare la priorità del ticket, aiutando il team di supporto a dare priorità alle richieste urgenti rispetto a quelle meno critiche."
"Allow customer to select Order","Consenti al cliente di selezionare un ordine"
"Allows customers to link their support tickets to particular orders they have placed, helping support staff to address issues more efficiently.","Consente ai clienti di collegare i propri ticket di supporto a ordini specifici che hanno effettuato, aiutando lo staff di supporto a gestire i problemi in modo più efficiente."
"When enabled, customers can upload files with their ticket submissions, providing additional context or supporting materials for their issue.","Se attivata, consente ai clienti di caricare file con l'invio dei loro ticket, fornendo contesto aggiuntivo o materiali a supporto del problema."
"Customer Satisfaction Survey","Sondaggio di soddisfazione del cliente"
"Gain valuable insights into customer satisfaction with your support. This section allows you to include surveys in your communications and view the results, helping you continually improve your service based on real feedback.","Ottieni informazioni preziose sulla soddisfazione dei clienti rispetto al tuo supporto. Questa sezione consente di includere sondaggi nelle comunicazioni e visualizzare i risultati, aiutandoti a migliorare continuamente il servizio sulla base di feedback reali."
"Include a satisfaction survey in the reply email from staff members","Includi un sondaggio di soddisfazione nell'e-mail di risposta dei membri dello staff"
"Automatically include a satisfaction survey in staff reply emails to encourage feedback and measure customer satisfaction with the support they received.","Includi automaticamente un sondaggio di soddisfazione nelle e-mail di risposta dello staff per incoraggiare i feedback e misurare la soddisfazione dei clienti per il supporto ricevuto."
"Show survey results in the frontend ticket history","Mostra i risultati del sondaggio nella cronologia ticket del frontend"
"Allow customers to view their survey ratings in the ticket history within their account, giving them transparency on how they rated their interaction with support.","Consenti ai clienti di visualizzare le proprie valutazioni del sondaggio nella cronologia ticket all'interno del proprio account, offrendo trasparenza sul modo in cui hanno valutato l'interazione con il supporto."
"Show survey results in the backend ticket history","Mostra i risultati del sondaggio nella cronologia ticket del backend"
"Provide support staff access to customer satisfaction ratings in the backend, allowing them to review and address feedback for service improvement.","Fornisci allo staff di supporto l'accesso alle valutazioni di soddisfazione del cliente nel backend, consentendo di esaminare e gestire i feedback per migliorare il servizio."
"Send survey results to the ticket owner","Invia i risultati del sondaggio al proprietario del ticket"
"Notify the assigned staff member when a customer submits a satisfaction survey, giving them the opportunity to review their performance.","Notifica al membro dello staff assegnato quando un cliente invia un sondaggio di soddisfazione, dandogli l'opportunità di valutare le proprie prestazioni."
"Send survey results to emails","Invia i risultati del sondaggio agli indirizzi e-mail"
"Automatically send customer satisfaction survey results to designated email addresses (e.g., managers) for analysis and performance tracking. You can enter multiple emails separated by a comma.","Invia automaticamente i risultati dei sondaggi di soddisfazione del cliente a indirizzi e-mail designati (es. manager) per analisi e monitoraggio delle prestazioni. Puoi inserire più e-mail separate da una virgola."
"Email Notification Settings","Impostazioni notifiche e-mail"
"Ensure efficient communication between your support team and customers by configuring how and when email notifications are sent. This section helps automate key touchpoints, keeping all parties informed about ticket statuses.","Garantisci una comunicazione efficiente tra il tuo team di supporto e i clienti configurando come e quando vengono inviate le notifiche e-mail. Questa sezione aiuta ad automatizzare i punti di contatto chiave, mantenendo tutte le parti informate sugli stati dei ticket."
"Show Ticket ID in the email title","Mostra l'ID del ticket nel titolo dell'e-mail"
"Include the ticket ID in the subject line of helpdesk-related emails, making it easy for both customers and staff to reference specific tickets in ongoing conversations.","Includi l'ID del ticket nell'oggetto delle e-mail relative all'helpdesk, rendendo facile sia per i clienti che per lo staff fare riferimento a ticket specifici nelle conversazioni in corso."
"Add customers Cc emails to the ticket","Aggiungi le e-mail Cc dei clienti al ticket"
"When enabled will automatically add additional email recipients (Cc) to the ticket from the fetched email. If option is enabled spam Cc email are possible.","Se attivata, aggiungerà automaticamente al ticket destinatari e-mail aggiuntivi (Cc) dall'e-mail recuperata. Se l'opzione è attiva, sono possibili e-mail Cc di spam."
"Number of last replies to be shown in the ticket history","Numero di ultime risposte da mostrare nella cronologia ticket"
"Control how many recent replies are displayed in the ticket history within email notifications, providing context without overwhelming the recipient with too much information.","Controlla quante risposte recenti vengono mostrate nella cronologia ticket all'interno delle notifiche e-mail, fornendo contesto senza sovraccaricare il destinatario di informazioni."
"Email Notification Templates","Modelli di notifica e-mail"
"Streamline your email communication with customers and staff by setting notification templates. This section ensures that each email interaction is consistent and professional, keeping everyone aligned with support activities.","Ottimizza la comunicazione e-mail con clienti e staff impostando modelli di notifica. Questa sezione garantisce che ogni interazione e-mail sia coerente e professionale, mantenendo tutti allineati sulle attività di supporto."
"Template of New Ticket Email for Customer","Modello e-mail nuovo ticket per il cliente"
"Set the email template that notifies customers when a new ticket is created, ensuring consistent branding and communication.","Imposta il modello e-mail che notifica i clienti alla creazione di un nuovo ticket, garantendo branding e comunicazione coerenti."
"Template of New Ticket Email for Staff","Modello e-mail nuovo ticket per lo staff"
"Set the template for the email notifying staff about new tickets, ensuring timely alerts and a professional look.","Imposta il modello per l'e-mail che notifica lo staff dei nuovi ticket, garantendo avvisi tempestivi e un aspetto professionale."
"Template of Ticket Email Assigned to Staff","Modello e-mail ticket assegnato allo staff"
"Set the email template used when a ticket is assigned to a staff member, ensuring they are informed of their new task promptly.","Imposta il modello e-mail utilizzato quando un ticket viene assegnato a un membro dello staff, garantendo che venga informato tempestivamente del nuovo incarico."
"Template of New Message Email for Customer","Modello e-mail nuovo messaggio per il cliente"
"Set the template for emails that update customers when a new message is posted to their ticket, ensuring they stay informed about progress.","Imposta il modello per le e-mail che aggiornano i clienti quando viene pubblicato un nuovo messaggio sul loro ticket, garantendo che restino informati sui progressi."
"Template of New Message Email for Staff","Modello e-mail nuovo messaggio per lo staff"
"Set the template to alert staff when a customer responds, ensuring timely follow-ups.","Imposta il modello per avvisare lo staff quando un cliente risponde, garantendo follow-up tempestivi."
"Template of New Message Email for Third Party","Modello e-mail nuovo messaggio per terze parti"
"Set the template for notifying third-party collaborators, ensuring external stakeholders stay updated on the ticket progress.","Imposta il modello per notificare i collaboratori esterni, garantendo che gli stakeholder esterni restino aggiornati sui progressi del ticket."
"Template of Ticket Reminder","Modello di promemoria ticket"
"Set the template for reminder emails, prompting customers to follow up on unresolved tickets.","Imposta il modello per le e-mail di promemoria, invitando i clienti a dare seguito ai ticket non risolti."
"Template of Rule Notification","Modello di notifica della regola"
"Set a rule-specific template for automated emails sent via helpdesk workflow rules, ensuring consistency in communications.","Imposta un modello specifico per le regole per le e-mail automatizzate inviate tramite le regole di workflow dell'helpdesk, garantendo coerenza nelle comunicazioni."
"Template of Survey Satisfaction Result","Modello di risultato del sondaggio di soddisfazione"
"Set the template used to send staff survey feedback results, providing insights into customer satisfaction.","Imposta il modello utilizzato per inviare allo staff i risultati del feedback del sondaggio, fornendo informazioni sulla soddisfazione del cliente."
"Desktop Notification Settings","Impostazioni notifiche desktop"
"Keep your staff informed in real time with desktop notifications about new tickets and updates. This section enables instant awareness of new tasks, helping the support team act quickly and stay organized.","Mantieni il tuo staff informato in tempo reale con notifiche desktop su nuovi ticket e aggiornamenti. Questa sezione consente una consapevolezza istantanea dei nuovi compiti, aiutando il team di supporto ad agire rapidamente e a restare organizzato."
"Notifications check period, sec","Periodo di controllo notifiche, s"
"On heavy-loaded systems, this can cause production loss - so in this case, you need to disable this feature, or increase the check period to 500-600 secs. Setting to 0 will disable them.","Sui sistemi molto carichi, questo può causare una perdita di produttività; in questo caso devi disattivare questa funzionalità o aumentare il periodo di controllo a 500-600 s. Impostarla a 0 le disattiverà."
"Adjusting the frequency helps staff stay updated in real-time, ensuring timely follow-ups.","Regolare la frequenza aiuta lo staff a restare aggiornato in tempo reale, garantendo follow-up tempestivi."
"Show notification about arrival of new tickets for","Mostra notifica sull'arrivo di nuovi ticket per"
"Allows you to specify which users should receive notifications about the arrival of new tickets, ensuring the right team members are alerted promptly.","Consente di specificare quali utenti devono ricevere notifiche sull'arrivo di nuovi ticket, garantendo che i giusti membri del team vengano avvisati tempestivamente."
"Enable notification about arrival of new messages in tickets assigned for user","Attiva la notifica sull'arrivo di nuovi messaggi nei ticket assegnati all'utente"
"Notifies users about a new message is added to any ticket that they are assigned to, helping them stay informed on ticket updates.","Notifica agli utenti quando viene aggiunto un nuovo messaggio a un ticket loro assegnato, aiutandoli a restare informati sugli aggiornamenti dei ticket."
"Enable notification about assigning a ticket to the user","Attiva la notifica sull'assegnazione di un ticket all'utente"
"Sends a notification to users when a ticket is assigned to them, ensuring they are aware of their new responsibilities.","Invia una notifica agli utenti quando viene loro assegnato un ticket, garantendo che siano consapevoli delle nuove responsabilità."
"Set clear expectations for customers by displaying your business hours. This section helps customers know when they can expect support availability, enhancing the overall customer experience and ensuring timely responses.","Imposta aspettative chiare per i clienti mostrando i tuoi orari di lavoro. Questa sezione aiuta i clienti a sapere quando possono aspettarsi la disponibilità del supporto, migliorando l'esperienza complessiva del cliente e garantendo risposte tempestive."
"Working schedule title","Titolo della pianificazione lavorativa"
"Customize the title for the working hours section on the 'Contact Us' page, ensuring customers know when your team is available.","Personalizza il titolo per la sezione orari di lavoro della pagina «Contattaci», garantendo che i clienti sappiano quando il tuo team è disponibile."
"Upcoming working schedule title","Titolo della prossima pianificazione lavorativa"
"Add a title for upcoming business hours, providing customers with clear information on future availability.","Aggiungi un titolo per i prossimi orari di lavoro, fornendo ai clienti informazioni chiare sulla disponibilità futura."
"Default message when we are open","Messaggio predefinito quando siamo aperti"
"Can be overwritten for each schedule in Customers > Help Desk MX > Working Hours.  This allows you to provide customized messages for different time periods or scenarios, depending on the specific schedule of your support team.","Può essere sovrascritto per ogni pianificazione in Clienti > Help Desk MX > Orari di lavoro. Ciò consente di fornire messaggi personalizzati per diversi periodi o scenari, a seconda della pianificazione specifica del tuo team di supporto."
"Set a default message to display when the helpdesk is open, encouraging customers to reach out during business hours.","Imposta un messaggio predefinito da visualizzare quando l'helpdesk è aperto, incoraggiando i clienti a contattarti durante gli orari di lavoro."
"Default message when we are closed","Messaggio predefinito quando siamo chiusi"
"Define the message displayed when the helpdesk is closed managing customer expectations during off-hours.","Definisci il messaggio visualizzato quando l'helpdesk è chiuso, gestendo le aspettative dei clienti al di fuori degli orari di lavoro."
"Show online/offline status on the Contact Us page","Mostra lo stato online/offline nella pagina Contattaci"
"Display the status on the Contact Us page that can help manage customer expectations about when support is available.","Visualizza lo stato nella pagina Contattaci, utile a gestire le aspettative dei clienti su quando è disponibile il supporto."
"Show online/offline status in the Feedback popup","Mostra lo stato online/offline nel popup Feedback"
"Display the status in the Feedback popup that can be useful for informing customers about availability before submitting a request or feedback.","Visualizza lo stato nel popup Feedback, utile per informare i clienti sulla disponibilità prima di inviare una richiesta o un feedback."
"Show online/offline status in the Customer Account > My Tickets","Mostra lo stato online/offline in Account cliente > I miei ticket"
"Display the status in the My Tickets section of the customer's account. This help customers know whether they can expect a prompt response to their support ticket.","Visualizza lo stato nella sezione I miei ticket dell'account del cliente. Questo aiuta i clienti a sapere se possono aspettarsi una risposta tempestiva al loro ticket di supporto."
"Show working hours on the Contact Us page","Mostra gli orari di lavoro nella pagina Contattaci"
"Display the status on the Contact Us page to give customers a clear idea of when you are available for support","Visualizza lo stato nella pagina Contattaci per dare ai clienti un'idea chiara di quando sei disponibile per il supporto"
"Show holiday schedule in X days before activation","Mostra il calendario festività X giorni prima dell'attivazione"
"Specifies how many days in advance your holiday schedule will be displayed to customers to ensure that customers are informed about upcoming holiday hours before they take effect","Specifica con quanti giorni di anticipo il calendario delle festività verrà mostrato ai clienti per garantire che siano informati sui prossimi orari festivi prima che entrino in vigore"
"Track the performance of your helpdesk with reporting on solved tickets. This section allows you to define which ticket statuses are considered solved, helping you monitor team efficiency and customer service success.","Monitora le prestazioni del tuo helpdesk con i report sui ticket risolti. Questa sezione consente di definire quali stati dei ticket sono considerati risolti, aiutandoti a monitorare l'efficienza del team e il successo del servizio clienti."
"Solved Statuses","Stati risolti"
"Developer Settings","Impostazioni sviluppatore"
"Optimize the technical aspects of the helpdesk system with developer-specific options. This section helps in testing, debugging, and customizing the module to suit your website's infrastructure without disrupting live operations.","Ottimizza gli aspetti tecnici del sistema helpdesk con opzioni specifiche per gli sviluppatori. Questa sezione aiuta a testare, eseguire il debug e personalizzare il modulo per adattarlo all'infrastruttura del tuo sito Web senza interrompere le operazioni in produzione."
"Activate Sandbox","Attiva sandbox"
"Enable sandbox mode to test the helpdesk system without affecting live data. All emails will be redirected to the sandbox email, preventing disruptions to real customer interactions.","Attiva la modalità sandbox per testare il sistema helpdesk senza influire sui dati di produzione. Tutte le e-mail verranno reindirizzate all'e-mail della sandbox, evitando interruzioni delle interazioni reali con i clienti."
"Send All Outgoing emails to Email","Invia tutte le e-mail in uscita all'e-mail"
"Set an email address to receive all outgoing emails in sandbox mode, ensuring a controlled environment for testing email templates and notifications.","Imposta un indirizzo e-mail per ricevere tutte le e-mail in uscita in modalità sandbox, garantendo un ambiente controllato per testare modelli e-mail e notifiche."
"Force store's theme to apply styles","Forza il tema del negozio ad applicare gli stili"
"If theme overrides Magento way of including style this option will add Help Desk styles to page","Se il tema sovrascrive il modo Magento di includere gli stili, questa opzione aggiungerà gli stili dell'Help Desk alla pagina"
"Log ticket deletion","Registra eliminazione ticket"
"Keep a log of deleted tickets to track deletions and maintain a record for audit or recovery purposes, stored in the /var/log/mirasvit/helpdesk.log file.","Tieni un log dei ticket eliminati per tracciare le eliminazioni e mantenere un registro a fini di audit o recupero, memorizzato nel file /var/log/mirasvit/helpdesk.log."
"Help Text","Testo di aiuto"
"Add customizable help text that appears under the title on the 'Contact Us' page and Feedback tab, providing customers with clear guidance on how to submit a support request.","Aggiungi un testo di aiuto personalizzabile che appare sotto il titolo nella pagina «Contattaci» e nella scheda Feedback, fornendo ai clienti indicazioni chiare su come inviare una richiesta di supporto."
"Show customer the local time in backend","Mostra al cliente l'ora locale nel backend"
"Display the customer’s local time in the backend to help support staff understand when the customer submitted the ticket, providing context for time-sensitive issues.","Visualizza l'ora locale del cliente nel backend per aiutare lo staff di supporto a capire quando il cliente ha inviato il ticket, fornendo contesto per problemi sensibili al tempo."
"Enable Google reCaptcha","Attiva Google reCaptcha"
"Activate Google reCaptcha on Helpdesk pages to prevent spam and bots from submitting fraudulent tickets. Configuration for reCaptcha settings is available in Configuration > Security > Google reCaptcha.","Attiva Google reCaptcha sulle pagine dell'Helpdesk per impedire a spam e bot di inviare ticket fraudolenti. La configurazione delle impostazioni reCaptcha è disponibile in Configurazione > Sicurezza > Google reCaptcha."
"Helpdesk Contact Form","Modulo di contatto helpdesk"
"Helpdesk Satisfaction Block","Blocco soddisfazione helpdesk"
"Satisfaction List Url","URL elenco soddisfazione"
"Helpdesk Satisfaction List","Elenco soddisfazione helpdesk"
"All Store Views","Tutte le viste negozio"
"Purchased From","Acquistato da"
"Replies #","Risposte n."
"Created","Creato"
"Modified","Modificato"
"Title","Titolo"
"Active","Attivo"
"Is Shown on Frontend","Mostrato nel frontend"
"Sort Order","Ordine di visualizzazione"
"Sender Email","E-mail del mittente"
"Members of Department","Membri del dipartimento"
"Notification","Notifica"
"If ticket is unassigned, send notifications to all department members","Se il ticket non è assegnato, invia notifiche a tutti i membri del dipartimento"
"If ticket is unassigned, send notifications to email","Se il ticket non è assegnato, invia notifiche all'e-mail"
"Code","Codice"
"Internal field. Can contain only letters, digits and underscore.","Campo interno. Può contenere solo lettere, cifre e trattino basso."
"Type","Tipo"
"Description","Descrizione"
"Options list","Elenco opzioni"
"Only for drop-down list. Enter each value from the new line using format:<br>value1 | label1<br>value2 | label2","Solo per elenco a discesa. Inserisci ogni valore su una nuova riga usando il formato:<br>valore1 | etichetta1<br>valore2 | etichetta2"
"Show value in customer account","Mostra il valore nell'account cliente"
"Show in create ticket form","Mostra nel modulo di creazione ticket"
"Show in contact us form","Mostra nel modulo di contatto"
"Required for customers","Obbligatorio per i clienti"
"Required for staff","Obbligatorio per lo staff"
"Authorization Type","Tipo di autorizzazione"
"OAuth2 Client ID","Client ID OAuth2"
"OAuth2 Client Secret","Client Secret OAuth2"
"OAuth2 Redirect URI","URI di reindirizzamento OAuth2"
"Use this URL when configuring OAuth2 credentials in Google Cloud Console","Usa questo URL durante la configurazione delle credenziali OAuth2 in Google Cloud Console"
"Gmail Connection","Connessione Gmail"
"Connection Status","Stato connessione"
"Login","Accesso"
"Password","Password"
"Host","Host"
"Protocol","Protocollo"
"Encryption","Crittografia"
"Port","Porta"
"Fetch Frequency (minutes)","Frequenza di recupero (minuti)"
"Fetch Max","Recupero massimo"
"Fetch Only X Last Emails","Recupera solo le ultime X e-mail"
"Can be useful for some mailboxes. Leave empty to disable this feature.","Può essere utile per alcune caselle di posta. Lascia vuoto per disattivare questa funzionalità."
"Remove emails after fetching","Rimuovi le e-mail dopo il recupero"
"Auto-assign tickets to Store View","Assegna automaticamente i ticket alla vista negozio"
"Auto-assign tickets to department","Assegna automaticamente i ticket al dipartimento"
"Notes","Note"
"Create New Department","Crea nuovo dipartimento"
"Change status","Cambia stato"
"Inactive","Inattivo"
"Delete items","Elimina elementi"
"Are you sure you want to delete selected items?","Sei sicuro di voler eliminare gli elementi selezionati?"
"Is Active","È attivo"
"Create New Field","Crea nuovo campo"
"Create New Gateway","Crea nuovo gateway"
"Last Fetched At","Ultimo recupero il"
"Last Fetch Result","Risultato dell'ultimo recupero"
"Create New Pattern","Crea nuovo modello"
"Create New Permission","Crea nuova autorizzazione"
"Role","Ruolo"
"Has Access to Tickets of Departments","Ha accesso ai ticket dei dipartimenti"
"Can Remove Tickets","Può rimuovere i ticket"
"Create New Priority","Crea nuova priorità"
"Color","Colore"
"Create New Rule","Crea nuova regola"
"Stop Processing","Interrompi elaborazione"
"Remote Ip","IP remoto"
"View Ticket","Visualizza ticket"
"Create New Schedule","Crea nuova pianificazione"
"Holiday","Festività"
"Active From","Attivo dal"
"Active To","Attivo al"
"Create New Status","Crea nuovo stato"
"Create New Template","Crea nuovo modello"
"Select...","Seleziona..."
"Mark as Spam","Segna come spam"
"Mark as Archive","Segna come archivio"
"Merge tickets","Unisci ticket"
"Mark as Inbox","Segna come posta in arrivo"
"Change Assignee","Cambia assegnatario"
"Requester","Richiedente"
"Requester Email","E-mail del richiedente"
"Scope","Ambito"
"If one of these characters uses as part of the string it should be escaped with \(backslash ): . \ + * ? [ ^ ] $ ( ) { } = ! < > | : - #. The pattern should be enclosed by delimiters.","Se uno di questi caratteri è usato come parte della stringa, deve essere preceduto da \ (barra rovesciata): . \ + * ? [ ^ ] $ ( ) { } = ! < > | : - #. Il modello deve essere racchiuso tra delimitatori."
"Allows access to tickets of departments","Consente l'accesso ai ticket dei dipartimenti"
"Can Delete Tickets","Può eliminare i ticket"
"Rule Name","Nome della regola"
"Arranged in the ascending order. 0 is the highest.","Disposto in ordine crescente. 0 è il più alto."
"Stop Further Rules Processing","Interrompi l'elaborazione delle regole successive"
"Conditions","Condizioni"
"Event","Evento"
"Actions","Azioni"
"Set Status","Imposta stato"
"Set Priority","Imposta priorità"
"Set Department","Imposta dipartimento"
"Set Owner","Imposta proprietario"
"Add Tags","Aggiungi tag"
"Remove Tags","Rimuovi tag"
"Notifications","Notifiche"
"Send email to ticket owner","Invia e-mail al proprietario del ticket"
"Send email to all department users","Invia e-mail a tutti gli utenti del dipartimento"
"Send email to customer","Invia e-mail al cliente"
"Send email to other email addresses","Invia e-mail ad altri indirizzi e-mail"
"Email subject","Oggetto e-mail"
"Email Body","Corpo e-mail"
"Attach files previously attached to the last message","Allega i file precedentemente allegati all'ultimo messaggio"
"Stores","Negozi"
"Is Holiday","È festività"
"Timezone","Fuso orario"
"Open message","Messaggio di apertura"
"Closed message","Messaggio di chiusura"
"Internal Title","Titolo interno"
"Template","Modello"
"Request ID","ID richiesta"
"Admin or integration authorization is required.","È richiesta l'autorizzazione di amministratore o di integrazione."
"Internal notes require an admin identity and cannot be added with an integration token.","Le note interne richiedono un'identità di amministratore e non possono essere aggiunte con un token di integrazione."
"OAuth2 (Microsoft 365 / Exchange Online)","OAuth2 (Microsoft 365 / Exchange Online)"
"Microsoft Directory (tenant) ID","ID directory Microsoft (tenant)"
"Azure AD Directory (tenant) ID, from the Azure App registration Overview page. Leave empty to use ""common"".","ID directory Azure AD (tenant), dalla pagina Overview della registrazione dell'app Azure. Lasciare vuoto per usare ""common""."
"Register this URL as the redirect URI in your OAuth2 app (Google Cloud Console for Gmail, or the Azure App Registration for Microsoft 365 / Exchange Online).","Registra questo URL come redirect URI nella tua app OAuth2 (Google Cloud Console per Gmail oppure Azure App Registration per Microsoft 365 / Exchange Online)."
"Mailbox Connection","Connessione casella di posta"
"Connect Mailbox","Connetti casella di posta"
"Click this button to authorize mailbox access via OAuth2","Fai clic su questo pulsante per autorizzare l'accesso alla casella di posta tramite OAuth2"
"Successfully connected the mailbox!","Casella di posta connessa con successo!"
"Gateway was successfully saved. Please click ""Connect"" to authorize the mailbox.","Il gateway è stato salvato con successo. Fai clic su ""Connect"" per autorizzare la casella di posta."
"Please save the gateway first before connecting the mailbox.","Salva prima il gateway prima di connettere la casella di posta."
"How to obtain Gmail OAuth2 credentials","Come ottenere le credenziali OAuth2 di Gmail"
"Open the Google Cloud Console and create (or pick) a project.","Apri la Google Cloud Console e crea (o seleziona) un progetto."
"Go to APIs & Services then Credentials, click Create Credentials and choose OAuth client ID (application type: Web application).","Vai su APIs & Services poi Credentials, fai clic su Create Credentials e scegli OAuth client ID (tipo di applicazione: Web application)."
"Open Google Cloud Console Credentials","Apri Google Cloud Console Credentials"
"Add the OAuth2 Redirect URI shown below to the Authorized redirect URIs list.","Aggiungi l'OAuth2 Redirect URI mostrato di seguito all'elenco degli Authorized redirect URIs."
"On the OAuth consent screen add the gmail.modify and userinfo.email scopes, then copy the generated Client ID and Client Secret into the fields below.","Nella OAuth consent screen aggiungi gli ambiti gmail.modify e userinfo.email, poi copia il Client ID e il Client Secret generati nei campi sottostanti."
"Open OAuth consent screen","Apri OAuth consent screen"
"How to obtain Microsoft 365 / Exchange Online OAuth2 credentials","Come ottenere le credenziali OAuth2 di Microsoft 365 / Exchange Online"
"Open the Azure portal and go to App registrations, then register a new application (supported account types as your tenant requires).","Apri il portale Azure e vai su App registrations, poi registra una nuova applicazione (tipi di account supportati secondo quanto richiesto dal tuo tenant)."
"Open Azure App registrations","Apri Azure App registrations"
"Copy the Application (client) ID and the Directory (tenant) ID from the app Overview page into the fields below (leave tenant empty to use common).","Copia l'Application (client) ID e il Directory (tenant) ID dalla pagina Overview dell'app nei campi sottostanti (lascia tenant vuoto per usare common)."
"Under Certificates & secrets create a new client secret and copy its Value into the OAuth2 Client Secret field below.","In Certificates & secrets crea un nuovo client secret e copia il suo Value nel campo OAuth2 Client Secret sottostante."
"Under Authentication add a Web platform and register the OAuth2 Redirect URI shown below exactly as displayed.","In Authentication aggiungi una piattaforma Web e registra l'OAuth2 Redirect URI mostrato di seguito esattamente come visualizzato."
"Under API permissions add the delegated Office 365 Exchange Online IMAP.AccessAsUser.All and offline_access permissions, then grant admin consent.","In API permissions aggiungi le autorizzazioni delegate Office 365 Exchange Online IMAP.AccessAsUser.All e offline_access, poi concedi il consenso dell'amministratore."
"For Gmail: the OAuth client ID from Google Cloud Console (APIs & Services then Credentials). For Microsoft 365: the Application (client) ID from the Azure App registration Overview page. See the steps above.","Per Gmail: l'OAuth client ID dalla Google Cloud Console (APIs & Services poi Credentials). Per Microsoft 365: l'Application (client) ID dalla pagina Overview della registrazione dell'app Azure. Vedi i passaggi sopra."
"For Gmail: the client secret created alongside the OAuth client ID in Google Cloud Console. For Microsoft 365: the client secret Value from Certificates & secrets in the Azure App registration. See the steps above.","Per Gmail: il client secret creato insieme all'OAuth client ID nella Google Cloud Console. Per Microsoft 365: il Value del client secret da Certificates & secrets nella registrazione dell'app Azure. Vedi i passaggi sopra."
