"Help Desk Tickets (%1)","Helpdeskticket (%1)"
"Departments","Afdelingen"
"Add New Department","Nieuwe afdeling toevoegen"
"Custom Fields","Aangepaste velden"
"Add New Field","Nieuw veld toevoegen"
"Gateways","Gateways"
"Add New Gateway","Nieuwe gateway toevoegen"
"Tickets","Tickets"
"Priorities","Prioriteiten"
"Statuses","Statussen"
"Quick Responses","Snelle antwoorden"
"SPAM patterns","SPAM-patronen"
"Permissions","Rechten"
"Workflow Rules","Workflowregels"
"Satisfaction Survey Results","Resultaten tevredenheidsonderzoek"
"Working Hours","Werktijden"
"Reports","Rapporten"
"Refresh Statistics","Statistieken vernieuwen"
"Settings","Instellingen"
"Spam Filter Patterns","Spamfilterpatronen"
"Add New Pattern","Nieuw patroon toevoegen"
"Add New Permission","Nieuwe machtiging toevoegen"
"Add New Priority","Nieuwe prioriteit toevoegen"
"Add New Rule","Nieuwe regel toevoegen"
"Apply the rule only if the following conditions are met:","Pas de regel alleen toe als aan de volgende voorwaarden is voldaan:"
"Help Desk Tickets","Helpdeskticket"
"Create a ticket for this order","Een ticket aanmaken voor deze bestelling"
"Satisfaction Survey","Tevredenheidsonderzoek"
"Schedule","Schema"
"Add New Schedule","Nieuw schema toevoegen"
"General Information","Algemene informatie"
"Working days/hours","Werkdagen/-uren"
"Spam Folder","Spammap"
"Add New Status","Nieuwe status toevoegen"
"Add New Template","Nieuwe sjabloon toevoegen"
"Create New Ticket","Nieuw ticket aanmaken"
"Previous Ticket","Vorig ticket"
"Next Ticket","Volgend ticket"
"Convert to RMA","Converteren naar RMA"
"Save","Opslaan"
"Save & Edit","Opslaan en bewerken"
"To Archive","Naar archief"
"To Spam","Naar spam"
"Delete","Verwijderen"
"Are you sure you want to do this?","Weet u zeker dat u dit wilt doen?"
"To Inbox","Naar inbox"
"Additional Information","Aanvullende informatie"
"Subject","Onderwerp"
"Store View","Storeweergave"
"Channel","Kanaal"
"open page","pagina openen"
"External Link","Externe link"
"Tags","Tags"
"comma-separated list","door komma's gescheiden lijst"
"Customer Note","Klantnotitie"
"This field is shared for all of this customer's tickets.","Dit veld wordt gedeeld voor alle tickets van deze klant."
"Follow Up","Opvolging"
"Period","Periode"
"Period Value","Periodewaarde"
"Execute At","Uitvoeren om"
"Send Reminder","Herinnering verzenden"
"Set Status To","Status instellen op"
"Set Priority To","Prioriteit instellen op"
"Set Owner To","Eigenaar instellen op"
"Unassigned","Niet toegewezen"
"Loading...","Laden..."
"%1, %2","%1, %2"
"Select a store","Selecteer een store"
"Store","Store"
"General","Algemeen"
"Additional","Aanvullend"
"Other Tickets (%1)","Andere tickets (%1)"
"ID","ID"
"Customer Name","Klantnaam"
"Last Replier","Laatste antwoorder"
"Owner","Eigenaar"
"Department","Afdeling"
"Status","Status"
"Priority","Prioriteit"
"Replies","Antwoorden"
"Created At","Aangemaakt op"
"Updated At","Bijgewerkt op"
"Last Reply At","Laatste antwoord op"
"Last Activity","Laatste activiteit"
"Action","Actie"
"View","Weergeven"
"Change Status","Status wijzigen"
"Change Owner","Eigenaar wijzigen"
"Merge","Samenvoegen"
"Are you sure you want to proceed? This action is not reversible.","Weet u zeker dat u wilt doorgaan? Deze actie is niet omkeerbaar."
"Archive","Archief"
"Are you sure?","Weet u het zeker?"
"Mark as spam","Markeren als spam"
"Add Ticket","Ticket toevoegen"
"Help Desk","Helpdesk"
"Help Desk Settings","Helpdeskinstellingen"
"Signature for Emails","Handtekening voor e-mails"
"Thank you","Bedankt"
"Processing Rate","Verwerkingssnelheid"
"Create Ticket","Ticket aanmaken"
"[%1] %2","[%1] %2"
"You are not allowed to add the message to the current ticket as it is locked. To contact support team you should create a new ticket.","U kunt geen bericht toevoegen aan het huidige ticket omdat het is vergrendeld. Om contact op te nemen met het supportteam moet u een nieuw ticket aanmaken."
"--/--/--","--/--/--"
"unlocked","ontgrendeld"
"locked","vergrendeld"
"New Department","Nieuwe afdeling"
"Department  Manager","Afdelingsmanager"
"Department Manager","Afdelingsmanager"
"Add Department","Afdeling toevoegen"
"Department was successfully deleted","Afdeling is succesvol verwijderd"
"Edit Department '%1'","Afdeling '%1' bewerken"
"Edit Department","Afdeling bewerken"
"The Department does not exist.","De afdeling bestaat niet."
"Department was successfully saved","Afdeling is succesvol opgeslagen"
"Unable to find Department to save","Kan op te slaan afdeling niet vinden"
"Wrong request.","Ongeldig verzoek."
"This ticket does not exist anymore.","Dit ticket bestaat niet meer."
"New Field","Nieuw veld"
"Field  Manager","Veldmanager"
"Field Manager","Veldmanager"
"Add Field","Veld toevoegen"
"Field was successfully deleted","Veld is succesvol verwijderd"
"Edit Field '%1'","Veld '%1' bewerken"
"Edit Field","Veld bewerken"
"The Field does not exist.","Het veld bestaat niet."
"Field with the same code already exists","Een veld met dezelfde code bestaat al"
"Field was successfully saved","Veld is succesvol opgeslagen"
"Unable to find Field to save","Kan op te slaan veld niet vinden"
"Please, ask your hosting provider to enable the IMAP extension in PHP configuration of your server. Otherwise, helpdesk will not be able to fetch emails.","Vraag uw hostingprovider om de IMAP-extensie in te schakelen in de PHP-configuratie van uw server. Anders kan helpdesk geen e-mails ophalen."
"New Gateway","Nieuwe gateway"
"Gateway  Manager","Gatewaymanager"
"Gateway Manager","Gatewaymanager"
"Add Gateway","Gateway toevoegen"
"done","klaar"
"Gateway was successfully deleted","Gateway is succesvol verwijderd"
"Edit Gateway '%1'","Gateway '%1' bewerken"
"Edit Gateway","Gateway bewerken"
"The Gateway does not exist.","De gateway bestaat niet."
"OAuth2 authorization failed: %1","OAuth2-autorisatie mislukt: %1"
"Invalid OAuth2 callback parameters.","Ongeldige OAuth2-callbackparameters."
"Invalid state parameter.","Ongeldige state-parameter."
"CSRF token validation failed.","Validatie van CSRF-token mislukt."
"Gateway not found.","Gateway niet gevonden."
"Connected","Verbonden"
"Connected to %1","Verbonden met %1"
"No email connected","Geen e-mail verbonden"
"Successfully connected to Gmail!","Succesvol verbonden met Gmail!"
"Failed to obtain access token.","Verkrijgen van toegangstoken mislukt."
"OAuth2 token exchange failed: %1","Uitwisseling van OAuth2-token mislukt: %1"
"Gateway ID is required.","Gateway-ID is vereist."
"Please configure OAuth2 Client ID and Secret first.","Configureer eerst OAuth2 Client ID en Secret."
"Gateway was successfully saved. Please click ""Connect to Gmail"" to authorize.","Gateway is succesvol opgeslagen. Klik op ""Verbinden met Gmail"" om te autoriseren."
"Gateway was successfully saved. Connection has been established.","Gateway is succesvol opgeslagen. Verbinding is tot stand gebracht."
"Unable to find Gateway to save","Kan op te slaan gateway niet vinden"
"A total of %1 record(s) have been updated.","In totaal zijn %1 record(s) bijgewerkt."
"A total of %1 record(s) have been deleted.","In totaal zijn %1 record(s) verwijderd."
"New Pattern","Nieuw patroon"
"Pattern  Manager","Patroonmanager"
"Pattern Manager","Patroonmanager"
"Add Pattern","Patroon toevoegen"
"Pattern was successfully deleted","Patroon is succesvol verwijderd"
"Edit Pattern '%1'","Patroon '%1' bewerken"
"Edit Pattern","Patroon bewerken"
"The Pattern does not exist.","Het patroon bestaat niet."
"Pattern was successfully saved","Patroon is succesvol opgeslagen"
"You have written an incorrect pattern","U hebt een onjuist patroon geschreven"
"Unable to find Pattern to save","Kan op te slaan patroon niet vinden"
"New Permission","Nieuwe machtiging"
"Permission  Manager","Machtigingsmanager"
"Permission Manager","Machtigingsmanager"
"Add Permission","Machtiging toevoegen"
"Permission was successfully deleted","Machtiging is succesvol verwijderd"
"Edit Permission","Machtiging bewerken"
"Permission does not exist.","Machtiging bestaat niet."
"Permission was successfully saved","Machtiging is succesvol opgeslagen"
"Unable to find Permission to save","Kan op te slaan machtiging niet vinden"
"New Priority","Nieuwe prioriteit"
"Priority  Manager","Prioriteitsmanager"
"Priority Manager","Prioriteitsmanager"
"Add Priority","Prioriteit toevoegen"
"Priority was successfully deleted","Prioriteit is succesvol verwijderd"
"Edit Priority '%1'","Prioriteit '%1' bewerken"
"Edit Priority","Prioriteit bewerken"
"The Priority does not exist.","De prioriteit bestaat niet."
"Priority was successfully saved","Prioriteit is succesvol opgeslagen"
"Unable to find Priority to save","Kan op te slaan prioriteit niet vinden"
"Statistics was successfully updated","Statistieken zijn succesvol bijgewerkt"
"Helpdesk","Helpdesk"
"New Rule","Nieuwe regel"
"Rule  Manager","Regelmanager"
"Rule Manager","Regelmanager"
"Add Rule","Regel toevoegen"
"Rule was successfully deleted","Regel is succesvol verwijderd"
"Edit Rule '%1'","Regel '%1' bewerken"
"Edit Rule","Regel bewerken"
"The Rule does not exist.","De regel bestaat niet."
"Rule was successfully saved","Regel is succesvol opgeslagen"
"Unable to find Rule to save","Kan op te slaan regel niet vinden"
"New Satisfaction","Nieuwe tevredenheid"
"Satisfaction  Manager","Tevredenheidsmanager"
"Satisfaction Manager","Tevredenheidsmanager"
"Add Satisfaction","Tevredenheid toevoegen"
"Satisfaction was successfully deleted","Tevredenheid is succesvol verwijderd"
"Edit Satisfaction '%1'","Tevredenheid '%1' bewerken"
"Edit Satisfaction","Tevredenheid bewerken"
"The Satisfaction does not exist.","De tevredenheid bestaat niet."
"Satisfaction was successfully saved","Tevredenheid is succesvol opgeslagen"
"Unable to find Satisfaction to save","Kan op te slaan tevredenheid niet vinden"
"New Schedule","Nieuw schema"
"Schedule Manager","Schemamanager"
"Add Schedule","Schema toevoegen"
"You can not delete this schedule, because there are gateways using it.
                         Please, change gateways settings","U kunt dit schema niet verwijderen omdat er gateways zijn die het gebruiken.
                         Wijzig eerst de gateway-instellingen"
"Schedule was successfully deleted","Schema is succesvol verwijderd"
"Edit Schedule '%1'","Schema '%1' bewerken"
"Edit Schedule","Schema bewerken"
"The Schedule does not exist.","Het schema bestaat niet."
"Schedules","Schema's"
"Working days/hours is a required field.","Werkdagen/-uren is een verplicht veld."
"Schedule was successfully saved","Schema is succesvol opgeslagen"
"Unable to find a Schedule to save","Kan op te slaan schema niet vinden"
"Ticket was successfully moved to the Tickets folder","Ticket is succesvol verplaatst naar de map Tickets"
"Edit Spam '%1'","Spam '%1' bewerken"
"Edit Spam","Spam bewerken"
"The spam does not exist.","De spam bestaat niet."
"Please select spam(s)","Selecteer spam(s)"
"Total of %1 record(s) were successfully moved to the Tickets folder","In totaal zijn %1 record(s) succesvol verplaatst naar de map Tickets"
"Total of %1 record(s) were successfully deleted","In totaal zijn %1 record(s) succesvol verwijderd"
"New Status","Nieuwe status"
"Status  Manager","Statusmanager"
"Status Manager","Statusmanager"
"Add Status","Status toevoegen"
"Status was successfully deleted","Status is succesvol verwijderd"
"Edit Status '%1'","Status '%1' bewerken"
"Edit Status","Status bewerken"
"The Status does not exist.","De status bestaat niet."
"Status was successfully saved","Status is succesvol opgeslagen"
"Unable to find a Status to save","Kan op te slaan status niet vinden"
"New Template","Nieuwe sjabloon"
"Template  Manager","Sjabloonmanager"
"Template Manager","Sjabloonmanager"
"Add Template","Sjabloon toevoegen"
"Template was successfully deleted","Sjabloon is succesvol verwijderd"
"Edit Template '%1'","Sjabloon '%1' bewerken"
"Edit Template","Sjabloon bewerken"
"The Template does not exist.","De sjabloon bestaat niet."
"Template was successfully saved","Sjabloon is succesvol opgeslagen"
"Unable to find a Template to save","Kan op te slaan sjabloon niet vinden"
"New Ticket","Nieuw ticket"
"Ticket Manager","Ticketmanager"
"Ticket was moved to Archive","Ticket is verplaatst naar archief"
"The file does not exist or has been deleted.","Het bestand bestaat niet of is verwijderd."
"Ticket was successfully deleted","Ticket is succesvol verwijderd"
"Edit Ticket","Ticket bewerken"
"The ticket does not exist.","Het ticket bestaat niet."
"Total of %1 record(s) were moved to Archive.","In totaal zijn %1 record(s) verplaatst naar archief."
"Please select ticket(s)","Selecteer ticket(s)"
"Total of %1 record(s) were moved to the Spam folder","In totaal zijn %1 record(s) verplaatst naar de spammap"
"Total of %1 record(s) were successfully updated","In totaal zijn %1 record(s) succesvol bijgewerkt"
"Total of %1 record(s) Assignee was changed.","Toegewezene van in totaal %1 record(s) is gewijzigd."
"You don't have permission for this operation.","U hebt geen toestemming voor deze bewerking."
"Total of %1 record(s) were moved to the Inbox folder.","In totaal zijn %1 record(s) verplaatst naar de inboxmap."
"Please select 2 or more tickets","Selecteer 2 of meer tickets"
"Total of %1 record(s) were successfully merged","In totaal zijn %1 record(s) succesvol samengevoegd"
"Total of %1 record(s) were moved to the Spam folder.","In totaal zijn %1 record(s) verplaatst naar de spammap."
"Ticket was moved to the Inbox","Ticket is verplaatst naar de inbox"
"Message was successfully sent","Bericht is succesvol verzonden"
"Ticket was successfully updated","Ticket is succesvol bijgewerkt"
"Field ""Cc"" is limited by %1 emails","Veld ""Cc"" is beperkt tot %1 e-mails"
"Something went wrong while saving the ticket.","Er is iets misgegaan bij het opslaan van het ticket."
"Unable to find ticket to save","Kan op te slaan ticket niet vinden"
"Incorrect email format.","Onjuist e-mailformaat."
"Incorrect CC format.","Onjuist CC-formaat."
"Incorrect BCC format.","Onjuist BCC-formaat."
"Ticket was moved to the Spam folder","Ticket is verplaatst naar de spammap"
"Your request was successfully submitted. You should receive a confirmation email shortly.","Uw verzoek is succesvol ingediend. U ontvangt binnenkort een bevestigingsmail."
"Unable to submit your request. Please, try again later","Kan uw verzoek niet indienen. Probeer het later opnieuw"
"Field ""Name"" is required","Veld ""Naam"" is verplicht"
"Field ""Comment"" is required","Veld ""Opmerking"" is verplicht"
"Something went wrong","Er is iets misgegaan"
"Telephone","Telefoon"
"Your inquiry was submitted and will be responded to as soon as possible. Thank you for contacting us.","Uw aanvraag is ingediend en wordt zo snel mogelijk beantwoord. Bedankt dat u contact met ons hebt opgenomen."
"Sorry, for technical reasons you can't submit your query from this browser. Please try using a different browser or computer.","Helaas kunt u om technische redenen uw vraag niet vanuit deze browser indienen. Probeer een andere browser of computer te gebruiken."
"Page not found.","Pagina niet gevonden."
"Your message was successfully posted","Uw bericht is succesvol geplaatst"
"Your ticket was successfully posted","Uw ticket is succesvol geplaatst"
"Ticket was successfully closed","Ticket is succesvol gesloten"
"wrong URL","verkeerde URL"
"Can't upload file %1 . Max allowed upload size is %2 MB.","Kan bestand %1 niet uploaden. Maximaal toegestane uploadgrootte is %2 MB."
"Allows only this file types: %1","Staat alleen deze bestandstypen toe: %1"
"%1:%2 (%3) is open.","%1:%2 (%3) is geopend."
"%1:%2 is closed.","%1:%2 is gesloten."
"%1 Help Desk","%1 Helpdesk"
"You have %1 unread notifications.","U hebt %1 ongelezen meldingen."
"Ticket ""%1"" was created.","Ticket ""%1"" is aangemaakt."
"New message was added to the ticket ""%1""","Nieuw bericht is toegevoegd aan het ticket ""%1"""
"Ticket ""%1"" was assigned to you.","Ticket ""%1"" is aan u toegewezen."
"%1 is editing now","%1 is nu aan het bewerken"
"%1 has opened this ticket %2","%1 heeft dit ticket geopend %2"
"%1 have opened this ticket %2","%1 hebben dit ticket geopend %2"
"please type your reply above this line","typ uw antwoord boven deze regel"
"Can't fetch.
                Please, ask your hosting provider to enable the IMAP extension in PHP configuration of your server.","Kan niet ophalen.
                Vraag uw hostingprovider om de IMAP-extensie in te schakelen in de PHP-configuratie van uw server."
"Yes","Ja"
"No","Nee"
"Unable to define email sender","Kan e-mailafzender niet bepalen"
"Rule '%1'","Regel '%1'"
"Follow Up actions","Opvolgingsacties"
"%1: %2 => %3","%1: %2 => %3"
"%1: %2","%1: %2"
"Ticket was merged to: %1","Ticket is samengevoegd naar: %1"
"Ticket was merged with: %1","Ticket is samengevoegd met: %1"
"Message added","Bericht toegevoegd"
"Internal note added","Interne notitie toegevoegd"
"Third party message added","Bericht van derde partij toegevoegd"
"Private third party message added","Privébericht van derde partij toegevoegd"
"Folder","Map"
"Order","Bestelling"
"User","Gebruiker"
"Customer","Klant"
"Customer Email","Klant-e-mail"
"Cc","Cc"
"Bcc","Bcc"
"-- Please Select --","-- Selecteer --"
"Inbox","Inbox"
"Spam","Spam"
"Email","E-mail"
"Backend","Backend"
"Contact Tab","Contacttabblad"
"Contact Form","Contactformulier"
"Customer Account","Klantaccount"
"Public Reply","Openbaar antwoord"
"Internal Note","Interne notitie"
"Message to Third Party","Bericht aan derde partij"
"Internal Note to Third Party","Interne notitie aan derde partij"
"at %1 (%2) - %3","om %1 (%2) - %3"
"You don't have permissions to read this ticket. Please, contact your administrator.","U hebt geen rechten om dit ticket te lezen. Neem contact op met uw beheerder."
"Field ""Name"" is incorrect.","Veld ""Naam"" is onjuist."
"Email field should not be empty","Het e-mailveld mag niet leeg zijn"
"Submitted from the page:","Ingediend vanaf de pagina:"
"Invalid Customer Email","Ongeldige klant-e-mail"
"Ticket was merged to %1","Ticket is samengevoegd naar %1"
"Pattern","Patroon"
"Attribute Value","Attribuutwaarde"
"Default","Standaard"
"Integer","Geheel getal"
"Price","Prijs"
"Strip Tags","Tags verwijderen"
"Ticket Attributes","Ticketattributen"
"Wrong URL","Verkeerde URL"
"Unknown time","Onbekende tijd"
"ago","geleden"
"from now","vanaf nu"
"1 sec ago","1 sec geleden"
"Links:","Links:"
"Open Ticket","Open ticket"
"Open Tickets","Open tickets"
"! Blocked file -","! Geblokkeerd bestand -"
"File System","Bestandssysteem"
"Database","Database"
"IMAP","IMAP"
"OAuth2 (Gmail)","OAuth2 (Gmail)"
"Aqua","Aqua"
"Grey","Grijs"
"Navy","Marineblauw"
"Silver","Zilver"
"Black","Zwart"
"Green","Groen"
"Olive","Olijfgroen"
"Teal","Blauwgroen"
"Blue","Blauw"
"Lime","Limoengroen"
"Purple","Paars"
"Fuchsia","Fuchsia"
"Maroon","Kastanjebruin"
"Red","Rood"
"Orange","Oranje"
"Yellow","Geel"
"NONE","GEEN"
"SSL","SSL"
"Text","Tekst"
"Multi-line text","Meerregelige tekst"
"Date","Datum"
"Checkbox","Selectievakje"
"Drop-down list","Vervolgkeuzelijst"
"In minutes...","In minuten..."
"In hours...","In uren..."
"In days...","In dagen..."
"In weeks...","In weken..."
"In months...","In maanden..."
"Custom","Aangepast"
"Move to Archive","Verplaatsen naar archief"
"Move from Archive","Verplaatsen vanuit archief"
"All users","Alle gebruikers"
"Left","Links"
"Right","Rechts"
"POP","POP"
"Great!","Geweldig!"
"OK","OK"
"Bad","Slecht"
"--Please Select--","--Selecteer--"
"New ticket created","Nieuw ticket aangemaakt"
"New reply from customer","Nieuw antwoord van klant"
"New reply from staff","Nieuw antwoord van medewerker"
"New reply from third party","Nieuw antwoord van derde partij"
"Ticket assigned to staff","Ticket toegewezen aan medewerker"
"Ticket was changed","Ticket is gewijzigd"
"Ticket was converted to RMA","Ticket is geconverteerd naar RMA"
"Check every hour","Elk uur controleren"
"Headers","Headers"
"Body","Hoofdtekst"
"Using Department Name (e.g. Sales)","Met afdelingsnaam (bv. Verkoop)"
"Using Staff Name (e.g. John Doe)","Met naam van medewerker (bv. John Doe)"
"Using Custom Template","Met aangepaste sjabloon"
"Last Reply","Laatste antwoord"
"View link","Link weergeven"
"%1 attachments were deleted","%1 bijlagen zijn verwijderd"
"desktop notifications","bureaubladmeldingen"
"%1 %2 were deleted","%1 %2 zijn verwijderd"
"Process is locked","Proces is vergrendeld"
"Locked","Vergrendeld"
"Success","Succes"
"Pattern is invalid","Patroon is ongeldig"
"""%1"" department is using as default department in next gateway(s) with id: %2.
                Please change it first.","Afdeling ""%1"" wordt gebruikt als standaardafdeling in volgende gateway(s) met id: %2.
                Wijzig dit eerst."
"""%1"" department is used as the default department in the option ""Feedback Tab > Assign to Department"".
                Please change this option first.","Afdeling ""%1"" wordt gebruikt als standaardafdeling in de optie ""Feedbacktabblad > Toewijzen aan afdeling"".
                Wijzig deze optie eerst."
"Update the Ticket","Ticket bijwerken"
"Conditions Combination","Combinatie van voorwaarden"
"Ticket Attribute","Ticketattribuut"
"Last 7-days Clicks","Klikken laatste 7 dagen"
"Last 7-days Orders","Bestellingen laatste 7 dagen"
"Last 7-days Revenue","Omzet laatste 7 dagen"
"Last 7-days Conversation Rate (%)","Conversiepercentage laatste 7 dagen (%)"
"Last message body","Hoofdtekst laatste bericht"
"Priority (before change)","Prioriteit (voor wijziging)"
"Status (before change)","Status (voor wijziging)"
"Department (before change)","Afdeling (voor wijziging)"
"Owner (before change)","Eigenaar (voor wijziging)"
"Folder (before change)","Map (voor wijziging)"
"Last Reply By","Laatste antwoord door"
"Last Reply Type","Type laatste antwoord"
"Hours since Created","Uren sinds aanmaak"
"Hours since Updated","Uren sinds bijwerking"
"Hours since Last reply","Uren sinds laatste antwoord"
"Ticket Source (Channel)","Ticketbron (kanaal)"
"%1 (before change)","%1 (voor wijziging)"
"Staff","Medewerker"
"Third party","Derde partij"
"Closed","Gesloten"
"Opened 24hr","Geopend 24 uur"
"Searchable attributes not defined","Doorzoekbare attributen niet gedefinieerd"
"- Disable these emails -","- Schakel deze e-mails uit -"
"Authentication failed for the Gateway(s) ""%1""
                                <br> To hide this message, re-save the above Gateway(s) and run cron,
                                or disable the above Gateway(s) <a href=""%2"">help desk gateways</a>.","Authenticatie mislukt voor de gateway(s) ""%1""
                                <br> Om dit bericht te verbergen, slaat u de bovenstaande gateway(s) opnieuw op en voert u cron uit,
                                of schakelt u de bovenstaande gateway(s) uit <a href=""%2"">helpdeskgateways</a>."
"The Help Desk can't fetch new emails.
                Please, try to run bin/magento mirasvit:helpdesk:run to determine the source of this problem.","De helpdesk kan geen nieuwe e-mails ophalen.
                Probeer bin/magento mirasvit:helpdesk:run uit te voeren om de oorzaak van dit probleem te bepalen."
"Help desk can't fetch emails.","Helpdesk kan geen e-mails ophalen."
"<br> To temporarily hide this message, disable all <a href=""%1"">help desk gateways</a>.","<br> Om dit bericht tijdelijk te verbergen, schakelt u alle <a href=""%1"">helpdeskgateways</a> uit."
"Help Desk can't fetch new emails.
                 Please, check that you are running cron for bin/magento mirasvit:helpdesk:run.","Helpdesk kan geen nieuwe e-mails ophalen.
                 Controleer of u cron uitvoert voor bin/magento mirasvit:helpdesk:run."
"Helpdesk Tickets","Helpdesktickets"
"Department with id ""%1"" does not exist.","Afdeling met id ""%1"" bestaat niet."
"Field with id ""%1"" does not exist.","Veld met id ""%1"" bestaat niet."
"Priority with id ""%1"" does not exist.","Prioriteit met id ""%1"" bestaat niet."
"Satisfaction with id ""%1"" does not exist.","Tevredenheid met id ""%1"" bestaat niet."
"Cannot delete satisfaction with id %1","Kan tevredenheid met id %1 niet verwijderen"
"Status with id ""%1"" does not exist.","Status met id ""%1"" bestaat niet."
"Template with id ""%1"" does not exist.","Sjabloon met id ""%1"" bestaat niet."
"Cannot delete ticket with id %1","Kan ticket met id %1 niet verwijderen"
"Admin authorization is required.","Beheerdersautorisatie is vereist."
"Message body cannot be empty.","Berichttekst mag niet leeg zijn."
"Invalid folder ""%1"". Allowed: 1 (Inbox), 2 (Archive), 3 (Spam)","Ongeldige map ""%1"". Toegestaan: 1 (Inbox), 2 (Archief), 3 (Spam)"
"Invalid customer email format.","Ongeldig formaat klant-e-mail."
"Invalid %1 email format: %2","Ongeldig %1 e-mailformaat: %2"
"Invalid message type ""%1"". Allowed: %2","Ongeldig berichttype ""%1"". Toegestaan: %2"
"Area: ""%1""","Gebied: ""%1"""
"Ticket ID: ""%1""","Ticket-ID: ""%1"""
"Customer ID: ""%1""","Klant-ID: ""%1"""
"User ID: ""%1""","Gebruikers-ID: ""%1"""
"Some tickets could not be parsed. Please check logs.","Sommige tickets konden niet worden geparseerd. Controleer de logs."
"Edit","Bewerken"
"All Departments","Alle afdelingen"
"All Roles","Alle rollen"
"Back","Terug"
"Reset","Resetten"
"Save and Continue Edit","Opslaan en doorgaan met bewerken"
"Debug","Debug"
"24 hrs x 7 days","24 uur x 7 dagen"
"Select working days/hours","Selecteer werkdagen/-uren"
"All Tickets","Alle tickets"
"My Tickets","Mijn tickets"
"Satisfaction survey","Tevredenheidsonderzoek"
"Satisfaction rating: %1 out of 5","Tevredenheidsbeoordeling: %1 van 5"
"View message source in new window","Berichtbron weergeven in nieuw venster"
"show source","bron weergeven"
"to %1 (third party)","aan %1 (derde partij)"
"%1 %2 (third party)","%1 %2 (derde partij)"
"%1","%1"
"Attachment image: %1","Bijlageafbeelding: %1"
"Document file icon","Documentbestandspictogram"
"Download icon","Downloadpictogram"
"Download","Downloaden"
"Max file size: %1 Mb","Maximale bestandsgrootte: %1 Mb"
"Close","Sluiten"
"Image preview","Afbeeldingsvoorbeeld"
"Previous image","Vorige afbeelding"
"Previous","Vorige"
"Next","Volgende"
"Ticket Summary","Ticketsamenvatting"
"enter subject of ticket","voer onderwerp van ticket in"
"Ticket ID","Ticket-ID"
"Assignee","Toegewezene"
"Additional Info","Aanvullende info"
"You are not allowed to add the message to the current ticket as it is locked. To add the message to the current ticket you should change its status to one of unlocked.","U kunt geen bericht toevoegen aan het huidige ticket omdat het is vergrendeld. Om het bericht toe te voegen aan het huidige ticket moet u de status wijzigen naar een ontgrendelde status."
"Ticket History","Ticketgeschiedenis"
"Done by","Uitgevoerd door"
"Changes","Wijzigingen"
"Ticket Grid Container","Ticketrastercontainer"
"View tickets notifications","Ticketmeldingen weergeven"
"Navigate to all tickets page","Naar pagina met alle tickets"
"See All Tickets","Alle tickets weergeven"
"Edit ticket: %1","Ticket bewerken: %1"
"View tickets page","Ticketpagina weergeven"
"Open contact form","Contactformulier openen"
"Close contact form","Contactformulier sluiten"
"Name","Naam"
"Attach files","Bestanden bijvoegen"
"Submit","Verzenden"
"Submit Ticket","Ticket indienen"
"What is your question?","Wat is uw vraag?"
"We found the following topics that might be helpful:","We hebben de volgende onderwerpen gevonden die nuttig kunnen zijn:"
"None of these are helpful - contact us","Geen van deze is nuttig - neem contact met ons op"
"We have not found any helpful topics.","We hebben geen nuttige onderwerpen gevonden."
"Contact Information","Contactgegevens"
"Comment","Opmerking"
"We are open 24 x 7","We zijn 24 x 7 geopend"
"We are closed","We zijn gesloten"
"Timezone: %1","Tijdzone: %1"
"Please take a second to rate my reply...","Neem even de tijd om mijn antwoord te beoordelen..."
"Great","Geweldig"
"Awesome","Fantastisch"
"Fast, friendly, helpful, pleasant. Great job!","Snel, vriendelijk, behulpzaam, prettig. Goed werk!"
"Just Okay","Acceptabel"
"Fine, but definitely could have been better.","Prima, maar het had zeker beter gekund."
"Not good","Niet goed"
"Unfortunately, I wasn't happy with it at all.","Helaas was ik er helemaal niet tevreden over."
"Satisfactory level of customer service in real time","Tevredenheidsniveau van de klantenservice in realtime"
"%1% said great!","%1% zei geweldig!"
"last updated %1","laatst bijgewerkt %1"
"Thank you for participating in our survey!","Bedankt voor uw deelname aan onze enquête!"
"If you would like to provide additional comments, please do so below:","Als u aanvullende opmerkingen wilt geven, kunt u dat hieronder doen:"
"Message","Bericht"
"Submit Message","Bericht verzenden"
"Thank you for your feedback!","Bedankt voor uw feedback!"
"If the processing doesn't start automatically in a few seconds, please click the button below","Als de verwerking niet binnen enkele seconden automatisch start, klikt u op de onderstaande knop"
"Process Rate","Verwerkingssnelheid"
"Attachments","Bijlagen"
"-- Select an Order --","-- Selecteer een bestelling --"
"Create ticket","Ticket aanmaken"
"Navigate to create new ticket page","Naar pagina nieuw ticket aanmaken"
"You don't have open tickets","U hebt geen openstaande tickets"
"View ticket: %1","Ticket weergeven: %1"
"Post a Reply","Een antwoord plaatsen"
"Max file size: %1","Maximale bestandsgrootte: %1"
"Reopen Ticket","Ticket heropenen"
"Close Ticket","Ticket sluiten"
"History","Geschiedenis"
"%1 (third party)","%1 (derde partij)"
"Attachment: %1","Bijlage: %1"
"Download attachment: %1","Bijlage downloaden: %1"
"Image file icon","Afbeeldingsbestandspictogram"
"Go back to my tickets list","Terug naar mijn ticketlijst"
"Back to My Tickets","Terug naar Mijn tickets"
"Next image","Volgende afbeelding"
"Rate","Beoordelen"
"Ok","Ok"
"To","Aan"
"Customer Summary","Klantsamenvatting"
"Assigned To Customer","Toegewezen aan klant"
"Assigned To Order","Toegewezen aan bestelling"
"Customer does not have any orders.","Klant heeft geen bestellingen."
"RMA","RMA"
"type email or name","typ e-mail of naam"
"Click this button to authorize access to Gmail via OAuth2","Klik op deze knop om toegang tot Gmail via OAuth2 te autoriseren"
"Reconnect","Opnieuw verbinden"
"Connect to Gmail","Verbinden met Gmail"
"Attachment","Bijlage"
"type third party email here","typ hier de e-mail van de derde partij"
"Kind","Soort"
"Info","Info"
"You can check the status of reply to this ticket online at:","U kunt de status van het antwoord op dit ticket online controleren op:"
"Dear %name,","Beste %name,"
"Thank you for contacting us!","Bedankt dat u contact met ons hebt opgenomen!"
"This is an automated response confirming the receipt of your ticket. One of our agents will get back to you as soon as possible.","Dit is een automatisch antwoord ter bevestiging van de ontvangst van uw ticket. Een van onze medewerkers neemt zo snel mogelijk contact met u op."
"Details","Details"
"Please, answer the following ticket:","Beantwoord het volgende ticket:"
"Ticket ID:","Ticket-ID:"
"Name:","Naam:"
"Email address:","E-mailadres:"
"Store:","Store:"
"Department:","Afdeling:"
"Staff (Owner): -- Unassigned --","Medewerker (eigenaar): -- Niet toegewezen --"
"Status:","Status:"
"Priority:","Prioriteit:"
"Created:","Aangemaakt:"
"Staff (Owner):","Medewerker (eigenaar):"
"Updated:","Bijgewerkt:"
"== INTERNAL NOTE ==","== INTERNE NOTITIE =="
"Dear <strong>%user_firstname %user_lastname</strong>, <br><br>
    %ticket_customer_name rated your help with smile","Beste <strong>%user_firstname %user_lastname</strong>, <br><br>
    %ticket_customer_name heeft uw hulp beoordeeld met een glimlach"
"Customer email:","Klant-e-mail:"
"Comment:","Opmerking:"
"This browser does not support desktop notification","Deze browser ondersteunt geen bureaubladmeldingen"
"Please save the gateway first before connecting to Gmail.","Sla eerst de gateway op voordat u verbinding maakt met Gmail."
"Please enter Client ID and Client Secret before connecting.","Voer Client ID en Client Secret in voordat u verbinding maakt."
"Your message will be emailed to the customer","Uw bericht wordt per e-mail naar de klant verzonden"
"Your message will be emailed to your colleague. The customer will not see it.","Uw bericht wordt per e-mail naar uw collega verzonden. De klant ziet het niet."
"Your message will be emailed to the third party. Customer will see it in the ticket history.","Uw bericht wordt per e-mail naar de derde partij verzonden. De klant ziet het in de ticketgeschiedenis."
"Internal Message to Third Party","Intern bericht aan derde partij"
"Your message will be emailed to the third party. The customer will not see it.","Uw bericht wordt per e-mail naar de derde partij verzonden. De klant ziet het niet."
"Session has expired. Please copy all unsaved data and reload the page.","Sessie is verlopen. Kopieer alle niet-opgeslagen gegevens en laad de pagina opnieuw."
"Upload Too Large","Upload te groot"
"Open","Open"
"Help Desk MX","Help Desk MX"
"General Settings","Algemene instellingen"
"Enhance the overall performance and user experience of your helpdesk by setting up core features such as how communication is managed, personalizing customer interactions, and ensuring smooth ticket management with automated tasks.","Verbeter de algehele prestaties en gebruikerservaring van uw helpdesk door kernfuncties in te stellen, zoals het beheer van communicatie, het personaliseren van klantinteracties en het zorgen voor soepel ticketbeheer met geautomatiseerde taken."
"Helpdesk title in the customer account","Helpdesktitel in het klantaccount"
"Customize the title displayed for the Helpdesk section in the customer's account to create a clear and branded support experience.","Pas de titel aan die wordt weergegeven voor de helpdesksectie in het klantaccount om een duidelijke en merkgerichte supportervaring te creëren."
"Sign staff replies","Antwoorden van medewerkers ondertekenen"
"Adds a personal touch to customer communication, which helps personalize responses and provide clarity on who handled the support request increasing trust and transparency.","Voegt een persoonlijk tintje toe aan de klantcommunicatie, wat helpt om antwoorden te personaliseren en duidelijkheid te bieden over wie de supportaanvraag heeft afgehandeld, waardoor vertrouwen en transparantie toenemen."
"Signature template","Handtekeningsjabloon"
"Send blind carbon copy (BCC) of all emails to","Stuur blinde kopie (BCC) van alle e-mails naar"
"Automatically send a BCC of all helpdesk-related emails to a specified address for monitoring or record-keeping, helping ensure nothing gets overlooked.","Stuur automatisch een BCC van alle helpdeskgerelateerde e-mails naar een opgegeven adres voor monitoring of registratie, om ervoor te zorgen dat niets over het hoofd wordt gezien."
"Use default Magento cron","Gebruik standaard Magento-cron"
"If this option is disabled, helpdesk-related tasks will not be processed automatically. For instance, emails from the configured gateway will not be fetched. However, you can still manually trigger cron tasks to test the module's functionality.","Als deze optie is uitgeschakeld, worden helpdeskgerelateerde taken niet automatisch verwerkt. E-mails van de geconfigureerde gateway worden bijvoorbeeld niet opgehaald. U kunt echter nog steeds handmatig cron-taken activeren om de functionaliteit van de module te testen."
"Enable magento cron to ensure scheduled actions like email fetching are handled efficiently without extra configuration.","Schakel Magento-cron in om ervoor te zorgen dat geplande acties zoals het ophalen van e-mail efficiënt worden afgehandeld zonder extra configuratie."
"Allow customer to open ticket by unique URL (without additional authentication)","Sta klant toe ticket te openen via unieke URL (zonder aanvullende authenticatie)"
"Customers will receive link in the email notification to access their support tickets via a unique URL, simplifying the process and increasing accessibility by eliminating extra login steps.","Klanten ontvangen een link in de e-mailmelding om hun supporttickets te openen via een unieke URL, waardoor het proces wordt vereenvoudigd en de toegankelijkheid wordt vergroot door extra inlogstappen te elimineren."
"Tickets Settings","Ticketinstellingen"
"Manage the flow and organization of support tickets efficiently by controlling the prioritization, categorization, and statuses of incoming customer requests. This section ensures that support agents can handle tickets based on urgency and track progress seamlessly.","Beheer de stroom en organisatie van supporttickets efficiënt door de prioritering, categorisering en statussen van binnenkomende klantverzoeken te bepalen. Deze sectie zorgt ervoor dat supportmedewerkers tickets kunnen afhandelen op basis van urgentie en de voortgang naadloos kunnen volgen."
"Priority for new tickets","Prioriteit voor nieuwe tickets"
"Set the default priority for new tickets to help organize and prioritize customer issues based on urgency.","Stel de standaardprioriteit in voor nieuwe tickets om klantproblemen te organiseren en te prioriteren op basis van urgentie."
"Status for new tickets","Status voor nieuwe tickets"
"Define the default status for new tickets to give clear visibility of ticket progress.","Definieer de standaardstatus voor nieuwe tickets om duidelijk inzicht te geven in de voortgang van tickets."
"Move Ticket to Archive if it has one of following statuses:","Verplaats ticket naar archief als het een van de volgende statussen heeft:"
"Automatically move tickets to the archive when they reach specified statuses, ensuring the system stays organized.","Verplaats tickets automatisch naar het archief wanneer ze de opgegeven statussen bereiken, zodat het systeem georganiseerd blijft."
"Lock Ticket if it has one of following statuses:","Vergrendel ticket als het een van de volgende statussen heeft:"
"When ticket is locked the customer cannot add a new message to the ticket, while admin still can send messages","Wanneer een ticket is vergrendeld, kan de klant geen nieuw bericht aan het ticket toevoegen, terwijl de beheerder nog steeds berichten kan verzenden"
"Control when tickets are locked based on their statuses to avoid further changes once certain progress is made.","Bepaal wanneer tickets worden vergrendeld op basis van hun statussen om verdere wijzigingen te voorkomen zodra bepaalde voortgang is geboekt."
"Tickets autosave period, sec","Ticket-autosaveperiode (sec)"
"Set how frequently ticket drafts are autosaved, minimizing the risk of losing unsaved work. Leave empty to disable autosave.","Stel in hoe vaak ticketconcepten automatisch worden opgeslagen, om het risico op het verliezen van niet-opgeslagen werk te minimaliseren. Laat leeg om autosave uit te schakelen."
"Use WYSIWYG Editor in backend","Gebruik WYSIWYG-editor in backend"
"Enable the use of a text editor for tickets in the backend, making it easier for staff to format replies and provide detailed, structured responses.","Schakel het gebruik van een teksteditor in voor tickets in de backend, zodat medewerkers gemakkelijker antwoorden kunnen opmaken en gedetailleerde, gestructureerde antwoorden kunnen geven."
"Create Tickets from Contact Us form","Maak tickets aan vanuit Contactformulier"
"Automatically create helpdesk tickets from submissions via the 'Contact Us' form, turning every inquiry into a manageable support ticket.","Maak automatisch helpdesktickets aan van inzendingen via het 'Contact'-formulier, waardoor elke aanvraag wordt omgezet in een beheerbaar supportticket."
"Admin Display Options","Weergaveopties beheerder"
"Improve the visual accessibility and ease of navigating through tickets in the admin panel. This section allows you to enable quick access to essential data, helping your support team handle tickets faster and more effectively.","Verbeter de visuele toegankelijkheid en het navigatiegemak van tickets in het beheerderspaneel. Met deze sectie kunt u snelle toegang tot essentiële gegevens inschakelen, zodat uw supportteam tickets sneller en effectiever kan afhandelen."
"Show Quick Data Bar in admin ticket grid","Toon snelgegevensbalk in beheerderticketraster"
"This feature enhances workflow visibility and helps agents stay on top of their responsibilities.","Deze functie verbetert het zicht op de workflow en helpt medewerkers hun verantwoordelijkheden goed bij te houden."
"Show User Activity Data Bar in admin ticket grid","Toon gebruikersactiviteitsgegevensbalk in beheerderticketraster"
"Shows recent user activity related to the ticket, helping managers track staff interactions with customers more efficiently.","Toont recente gebruikersactiviteit met betrekking tot het ticket, waardoor managers de interacties van medewerkers met klanten efficiënter kunnen volgen."
"Show previous/next button in backend ticket edit page","Toon vorige/volgende-knop op backend ticketbewerkingspagina"
"Display 'previous' and 'next' buttons on the ticket editing page in the backend to move through tickets quickly without returning to the grid.","Geef 'vorige' en 'volgende' knoppen weer op de ticketbewerkingspagina in de backend om snel door tickets te bladeren zonder terug te keren naar het raster."
"Attachments Settings","Bijlage-instellingen"
"Customize how file attachments are managed within the helpdesk. This section helps you control the storage, format, and retention of attachments, ensuring customers and staff can exchange relevant files without compromising storage space.","Pas aan hoe bestandsbijlagen worden beheerd binnen de helpdesk. Met deze sectie kunt u de opslag, het formaat en het bewaren van bijlagen beheren, zodat klanten en medewerkers relevante bestanden kunnen uitwisselen zonder de opslagruimte in gevaar te brengen."
"Store attachments in","Bijlagen opslaan in"
"Select the storage location for ticket attachments, giving you control over file management.","Selecteer de opslaglocatie voor ticketbijlagen, zodat u controle hebt over het bestandsbeheer."
"Auto-removing old attachments","Oude bijlagen automatisch verwijderen"
"Enable automatic removal of old attachments to free up storage space and keep the system clutter-free","Schakel automatische verwijdering van oude bijlagen in om opslagruimte vrij te maken en het systeem opgeruimd te houden"
"Remove attachments older than, days","Bijlagen ouder dan, dagen verwijderen"
"Specifies the number of days after which old ticket attachments will be deleted.","Specificeert het aantal dagen waarna oude ticketbijlagen worden verwijderd."
"Only allow upload of attachments with extensions","Sta alleen upload toe van bijlagen met extensies"
"Restrict attachment uploads to specific file types to avoid security risks and maintain control over the type of files uploaded. Comma separated list. e.g. jpg, jpeg, gif, png, bmp, pdf>","Beperk het uploaden van bijlagen tot specifieke bestandstypen om beveiligingsrisico's te voorkomen en controle te houden over het type geüploade bestanden. Door komma's gescheiden lijst, bijv. jpg, jpeg, gif, png, bmp, pdf>"
"Feedback Tab","Feedbacktabblad"
"Boost customer engagement by offering an easy-to-use feedback system. The feedback tab allows customers to submit inquiries or tickets directly from the website, improving accessibility to your support team.","Verhoog de klantbetrokkenheid door een gebruiksvriendelijk feedbacksysteem aan te bieden. Met het feedbacktabblad kunnen klanten aanvragen of tickets rechtstreeks vanaf de website indienen, waardoor de toegankelijkheid van uw supportteam wordt verbeterd."
"Enable Feedback Tab","Feedbacktabblad inschakelen"
"Activate the feedback tab on your website, making it easy for customers to submit support requests.","Activeer het feedbacktabblad op uw website, zodat klanten gemakkelijk supportaanvragen kunnen indienen."
"Assign to Department","Toewijzen aan afdeling"
"Automatically assign feedback tab-generated tickets to a specific department, ensuring they reach the right team for quick resolution.","Wijs tickets die zijn gegenereerd door het feedbacktabblad automatisch toe aan een specifieke afdeling, zodat ze het juiste team bereiken voor een snelle oplossing."
"Tab Color","Tabkleur"
"Customize the feedback tab color to align with your brand, making it more visually appealing and noticeable.","Pas de kleur van het feedbacktabblad aan om aan te sluiten bij uw merk, waardoor het visueel aantrekkelijker en opvallender wordt."
"Tab Title","Tabtitel"
"Set the title for the feedback tab, giving customers a clear call to action","Stel de titel in voor het feedbacktabblad om klanten een duidelijke call-to-action te geven"
"Tab Position","Tabpositie"
"Choose where the feedback tab is displayed on the screen, ensuring it's easily accessible","Kies waar het feedbacktabblad op het scherm wordt weergegeven, zodat het gemakkelijk toegankelijk is"
"Search Knowledge Base Topics first","Zoek eerst naar onderwerpen in de kennisbank"
"Allow the feedback tab to suggest knowledge base topics before showing the form, helping reduce support ticket volume by guiding customers to self-help resources.","Laat het feedbacktabblad onderwerpen uit de kennisbank voorstellen voordat het formulier wordt weergegeven, om het volume aan supporttickets te verminderen door klanten naar zelfhulpbronnen te leiden."
"Form Fields","Formuliervelden"
"Tailor the feedback submission forms to collect the right information from customers. This section lets you customize form fields and improve the accuracy of the information gathered from customers, enhancing the quality of support requests.","Pas de feedbackformulieren aan om de juiste informatie van klanten te verzamelen. Met deze sectie kunt u formuliervelden aanpassen en de nauwkeurigheid van de van klanten verzamelde informatie verbeteren, waardoor de kwaliteit van supportaanvragen wordt verbeterd."
"Form Title","Formuliertitel"
"Set a title for the feedback form to provide context and guide customers on what to expect.","Stel een titel in voor het feedbackformulier om context te bieden en klanten te begeleiden over wat ze kunnen verwachten."
"Subject Title","Onderwerptitel"
"Label the subject field to ensure customers provide a brief overview of their issue.","Geef het onderwerpveld een label om ervoor te zorgen dat klanten een kort overzicht van hun probleem geven."
"Subject Placeholder","Onderwerp-placeholder"
"Placeholder text displayed inside the subject input field that provides guidance on what kind of information the customer should enter.","Placeholdertekst die wordt weergegeven in het onderwerpinvoerveld en aangeeft wat voor soort informatie de klant moet invoeren."
"Description Title","Beschrijvingstitel"
"Label the description field to prompt customers to provide more details about their inquiry.","Geef het beschrijvingsveld een label om klanten te vragen meer details over hun aanvraag te verstrekken."
"Description Placeholder","Beschrijvingsplaceholder"
"Add helpful placeholder text to guide customers in providing relevant information.","Voeg behulpzame placeholdertekst toe om klanten te begeleiden bij het verstrekken van relevante informatie."
"Allow customer to attach files","Sta klant toe bestanden bij te voegen"
"Enables the option for customers to upload files (e.g., screenshots or documents) with their feedback or support request providing additional context or supporting materials for their issue.","Schakelt de optie in voor klanten om bestanden (bijv. screenshots of documenten) te uploaden met hun feedback of supportaanvraag, ter aanvulling van context of ondersteunend materiaal voor hun probleem."
"Allow customers to select Priority","Sta klanten toe prioriteit te selecteren"
"Gives customers the ability to set the priority of their feedback or ticket that can help the support team to prioritize urgent requests over less critical ones.","Geeft klanten de mogelijkheid om de prioriteit van hun feedback of ticket in te stellen, wat het supportteam kan helpen urgente verzoeken te prioriteren boven minder kritieke."
"Allow customer to select Department","Sta klant toe afdeling te selecteren"
"Allows customers to choose the department their request should be sent to. This ensures that inquiries are routed to the correct team for faster handling.","Hiermee kunnen klanten de afdeling kiezen waar hun verzoek naartoe moet worden gestuurd. Dit zorgt ervoor dat aanvragen worden doorgestuurd naar het juiste team voor snellere afhandeling."
"Improve customer experience by integrating helpdesk functionality into the customer’s account. This section helps you enable features like tracking ticket status, prioritizing requests, and allowing file attachments, making the support process more user-friendly.","Verbeter de klantervaring door helpdeskfunctionaliteit te integreren in het klantaccount. Met deze sectie kunt u functies inschakelen zoals het volgen van de ticketstatus, het prioriteren van verzoeken en het toestaan van bestandsbijlagen, waardoor het ondersteuningsproces gebruiksvriendelijker wordt."
"Show the Help Desk section in the Customer Account","Toon de helpdesksectie in het klantaccount"
"Display a Help Desk section in the customer’s account, making it easy for customers to submit and track their support tickets directly from their account dashboard.","Geef een helpdesksectie weer in het klantaccount, zodat klanten gemakkelijk hun supporttickets rechtstreeks vanuit hun accountdashboard kunnen indienen en volgen."
"Show Help Desk link in customer menu","Toon helpdesklink in klantmenu"
"Add a Help Desk link in the customer's dropdown menu for quick access to the support page, ensuring customers can easily find the help they need.","Voeg een helpdesklink toe in het vervolgkeuzemenu van de klant voor snelle toegang tot de supportpagina, zodat klanten gemakkelijk de hulp kunnen vinden die ze nodig hebben."
"Let customers the ability to set the priority of the ticket that can help the support team to prioritize urgent requests over less critical ones.","Geef klanten de mogelijkheid om de prioriteit van het ticket in te stellen, wat het supportteam kan helpen urgente verzoeken te prioriteren boven minder kritieke."
"Allow customer to select Order","Sta klant toe bestelling te selecteren"
"Allows customers to link their support tickets to particular orders they have placed, helping support staff to address issues more efficiently.","Hiermee kunnen klanten hun supporttickets koppelen aan specifieke bestellingen die ze hebben geplaatst, waardoor supportmedewerkers problemen efficiënter kunnen oplossen."
"When enabled, customers can upload files with their ticket submissions, providing additional context or supporting materials for their issue.","Wanneer ingeschakeld, kunnen klanten bestanden uploaden bij hun ticketinzendingen, ter aanvulling van context of ondersteunend materiaal voor hun probleem."
"Customer Satisfaction Survey","Klanttevredenheidsonderzoek"
"Gain valuable insights into customer satisfaction with your support. This section allows you to include surveys in your communications and view the results, helping you continually improve your service based on real feedback.","Krijg waardevolle inzichten in de klanttevredenheid over uw support. Met deze sectie kunt u enquêtes opnemen in uw communicatie en de resultaten bekijken, zodat u uw service continu kunt verbeteren op basis van echte feedback."
"Include a satisfaction survey in the reply email from staff members","Een tevredenheidsonderzoek opnemen in de antwoordmail van medewerkers"
"Automatically include a satisfaction survey in staff reply emails to encourage feedback and measure customer satisfaction with the support they received.","Voeg automatisch een tevredenheidsonderzoek toe aan antwoordmails van medewerkers om feedback te stimuleren en de klanttevredenheid over de ontvangen support te meten."
"Show survey results in the frontend ticket history","Toon enquêteresultaten in de frontend-ticketgeschiedenis"
"Allow customers to view their survey ratings in the ticket history within their account, giving them transparency on how they rated their interaction with support.","Sta klanten toe hun enquêtebeoordelingen in de ticketgeschiedenis in hun account te bekijken, zodat ze transparantie hebben over hoe ze hun interactie met support hebben beoordeeld."
"Show survey results in the backend ticket history","Toon enquêteresultaten in de backend-ticketgeschiedenis"
"Provide support staff access to customer satisfaction ratings in the backend, allowing them to review and address feedback for service improvement.","Geef supportmedewerkers in de backend toegang tot klanttevredenheidsbeoordelingen, zodat ze feedback kunnen bekijken en aanpakken voor serviceverbetering."
"Send survey results to the ticket owner","Stuur enquêteresultaten naar de ticketeigenaar"
"Notify the assigned staff member when a customer submits a satisfaction survey, giving them the opportunity to review their performance.","Stel de toegewezen medewerker op de hoogte wanneer een klant een tevredenheidsonderzoek indient, zodat hij of zij de mogelijkheid heeft om de eigen prestaties te bekijken."
"Send survey results to emails","Stuur enquêteresultaten naar e-mails"
"Automatically send customer satisfaction survey results to designated email addresses (e.g., managers) for analysis and performance tracking. You can enter multiple emails separated by a comma.","Stuur klanttevredenheidsenquêteresultaten automatisch naar aangewezen e-mailadressen (bijv. managers) voor analyse en prestatiebewaking. U kunt meerdere e-mails invoeren, gescheiden door een komma."
"Email Notification Settings","Instellingen e-mailmeldingen"
"Ensure efficient communication between your support team and customers by configuring how and when email notifications are sent. This section helps automate key touchpoints, keeping all parties informed about ticket statuses.","Zorg voor efficiënte communicatie tussen uw supportteam en klanten door te configureren hoe en wanneer e-mailmeldingen worden verzonden. Deze sectie helpt belangrijke contactmomenten te automatiseren en alle partijen op de hoogte te houden van ticketstatussen."
"Show Ticket ID in the email title","Toon ticket-ID in de e-mailtitel"
"Include the ticket ID in the subject line of helpdesk-related emails, making it easy for both customers and staff to reference specific tickets in ongoing conversations.","Neem het ticket-ID op in de onderwerpregel van helpdeskgerelateerde e-mails, zodat zowel klanten als medewerkers gemakkelijk naar specifieke tickets kunnen verwijzen in lopende gesprekken."
"Add customers Cc emails to the ticket","Voeg Cc-e-mails van klanten toe aan het ticket"
"When enabled will automatically add additional email recipients (Cc) to the ticket from the fetched email. If option is enabled spam Cc email are possible.","Indien ingeschakeld worden automatisch extra e-mailontvangers (Cc) aan het ticket toegevoegd vanuit de opgehaalde e-mail. Als de optie is ingeschakeld, zijn spam Cc-e-mails mogelijk."
"Number of last replies to be shown in the ticket history","Aantal laatste antwoorden dat in de ticketgeschiedenis wordt getoond"
"Control how many recent replies are displayed in the ticket history within email notifications, providing context without overwhelming the recipient with too much information.","Bepaal hoeveel recente antwoorden worden weergegeven in de ticketgeschiedenis binnen e-mailmeldingen, zodat context wordt geboden zonder de ontvanger te overspoelen met te veel informatie."
"Email Notification Templates","Sjablonen voor e-mailmeldingen"
"Streamline your email communication with customers and staff by setting notification templates. This section ensures that each email interaction is consistent and professional, keeping everyone aligned with support activities.","Stroomlijn uw e-mailcommunicatie met klanten en medewerkers door meldingssjablonen in te stellen. Deze sectie zorgt ervoor dat elke e-mailinteractie consistent en professioneel is en iedereen op één lijn houdt met supportactiviteiten."
"Template of New Ticket Email for Customer","Sjabloon voor e-mail nieuw ticket voor klant"
"Set the email template that notifies customers when a new ticket is created, ensuring consistent branding and communication.","Stel de e-mailsjabloon in die klanten op de hoogte stelt wanneer een nieuw ticket wordt aangemaakt, voor consistente branding en communicatie."
"Template of New Ticket Email for Staff","Sjabloon voor e-mail nieuw ticket voor medewerker"
"Set the template for the email notifying staff about new tickets, ensuring timely alerts and a professional look.","Stel de sjabloon in voor de e-mail die medewerkers op de hoogte stelt van nieuwe tickets, voor tijdige meldingen en een professionele uitstraling."
"Template of Ticket Email Assigned to Staff","Sjabloon voor ticket-e-mail toegewezen aan medewerker"
"Set the email template used when a ticket is assigned to a staff member, ensuring they are informed of their new task promptly.","Stel de e-mailsjabloon in die wordt gebruikt wanneer een ticket aan een medewerker wordt toegewezen, zodat deze snel op de hoogte wordt gesteld van zijn nieuwe taak."
"Template of New Message Email for Customer","Sjabloon voor e-mail nieuw bericht voor klant"
"Set the template for emails that update customers when a new message is posted to their ticket, ensuring they stay informed about progress.","Stel de sjabloon in voor e-mails die klanten op de hoogte stellen wanneer een nieuw bericht in hun ticket wordt geplaatst, zodat ze op de hoogte blijven van de voortgang."
"Template of New Message Email for Staff","Sjabloon voor e-mail nieuw bericht voor medewerker"
"Set the template to alert staff when a customer responds, ensuring timely follow-ups.","Stel de sjabloon in om medewerkers te waarschuwen wanneer een klant reageert, voor tijdige opvolging."
"Template of New Message Email for Third Party","Sjabloon voor e-mail nieuw bericht voor derde partij"
"Set the template for notifying third-party collaborators, ensuring external stakeholders stay updated on the ticket progress.","Stel de sjabloon in voor het informeren van externe medewerkers, zodat externe belanghebbenden op de hoogte blijven van de voortgang van het ticket."
"Template of Ticket Reminder","Sjabloon voor ticketherinnering"
"Set the template for reminder emails, prompting customers to follow up on unresolved tickets.","Stel de sjabloon in voor herinneringsmails om klanten aan te sporen onopgeloste tickets op te volgen."
"Template of Rule Notification","Sjabloon voor regelmelding"
"Set a rule-specific template for automated emails sent via helpdesk workflow rules, ensuring consistency in communications.","Stel een regelspecifieke sjabloon in voor geautomatiseerde e-mails die via helpdeskworkflowregels worden verzonden, voor consistentie in communicatie."
"Template of Survey Satisfaction Result","Sjabloon voor enquêtetevredenheidsresultaat"
"Set the template used to send staff survey feedback results, providing insights into customer satisfaction.","Stel de sjabloon in die wordt gebruikt om enquêtefeedbackresultaten naar medewerkers te sturen, met inzichten in klanttevredenheid."
"Desktop Notification Settings","Instellingen bureaubladmelding"
"Keep your staff informed in real time with desktop notifications about new tickets and updates. This section enables instant awareness of new tasks, helping the support team act quickly and stay organized.","Houd uw medewerkers in realtime op de hoogte met bureaubladmeldingen over nieuwe tickets en updates. Deze sectie maakt onmiddellijk bewustzijn van nieuwe taken mogelijk, waardoor het supportteam snel kan handelen en georganiseerd kan blijven."
"Notifications check period, sec","Meldingscontroleperiode (sec)"
"On heavy-loaded systems, this can cause production loss - so in this case, you need to disable this feature, or increase the check period to 500-600 secs. Setting to 0 will disable them.","Op zwaar belaste systemen kan dit productieverlies veroorzaken - in dat geval moet u deze functie uitschakelen of de controleperiode verhogen naar 500-600 sec. Instelling op 0 schakelt ze uit."
"Adjusting the frequency helps staff stay updated in real-time, ensuring timely follow-ups.","Het aanpassen van de frequentie helpt medewerkers in realtime op de hoogte te blijven, voor tijdige opvolging."
"Show notification about arrival of new tickets for","Toon melding over aankomst van nieuwe tickets voor"
"Allows you to specify which users should receive notifications about the arrival of new tickets, ensuring the right team members are alerted promptly.","Hiermee kunt u opgeven welke gebruikers meldingen moeten ontvangen over de aankomst van nieuwe tickets, zodat de juiste teamleden snel worden gewaarschuwd."
"Enable notification about arrival of new messages in tickets assigned for user","Schakel melding in over aankomst van nieuwe berichten in tickets toegewezen aan gebruiker"
"Notifies users about a new message is added to any ticket that they are assigned to, helping them stay informed on ticket updates.","Stelt gebruikers op de hoogte wanneer een nieuw bericht wordt toegevoegd aan een ticket waaraan ze zijn toegewezen, zodat ze op de hoogte blijven van ticketupdates."
"Enable notification about assigning a ticket to the user","Schakel melding in over toewijzing van een ticket aan de gebruiker"
"Sends a notification to users when a ticket is assigned to them, ensuring they are aware of their new responsibilities.","Stuurt een melding naar gebruikers wanneer een ticket aan hen wordt toegewezen, zodat ze op de hoogte zijn van hun nieuwe verantwoordelijkheden."
"Set clear expectations for customers by displaying your business hours. This section helps customers know when they can expect support availability, enhancing the overall customer experience and ensuring timely responses.","Stel duidelijke verwachtingen voor klanten door uw openingstijden weer te geven. Deze sectie helpt klanten te weten wanneer ze ondersteuningsbeschikbaarheid kunnen verwachten, wat de algehele klantervaring verbetert en zorgt voor tijdige reacties."
"Working schedule title","Titel werkschema"
"Customize the title for the working hours section on the 'Contact Us' page, ensuring customers know when your team is available.","Pas de titel aan voor de sectie openingstijden op de pagina 'Contact', zodat klanten weten wanneer uw team beschikbaar is."
"Upcoming working schedule title","Titel komend werkschema"
"Add a title for upcoming business hours, providing customers with clear information on future availability.","Voeg een titel toe voor toekomstige openingstijden om klanten duidelijke informatie te geven over toekomstige beschikbaarheid."
"Default message when we are open","Standaardbericht wanneer we open zijn"
"Can be overwritten for each schedule in Customers > Help Desk MX > Working Hours.  This allows you to provide customized messages for different time periods or scenarios, depending on the specific schedule of your support team.","Kan voor elk schema worden overschreven in Klanten > Help Desk MX > Werktijden. Hiermee kunt u aangepaste berichten geven voor verschillende perioden of scenario's, afhankelijk van het specifieke schema van uw supportteam."
"Set a default message to display when the helpdesk is open, encouraging customers to reach out during business hours.","Stel een standaardbericht in dat wordt weergegeven wanneer de helpdesk open is, om klanten aan te moedigen tijdens openingstijden contact op te nemen."
"Default message when we are closed","Standaardbericht wanneer we gesloten zijn"
"Define the message displayed when the helpdesk is closed managing customer expectations during off-hours.","Definieer het bericht dat wordt weergegeven wanneer de helpdesk gesloten is om klantverwachtingen buiten werktijd te beheren."
"Show online/offline status on the Contact Us page","Toon online/offline-status op de pagina Contact"
"Display the status on the Contact Us page that can help manage customer expectations about when support is available.","Geef de status weer op de pagina Contact om klantverwachtingen te beheren over wanneer ondersteuning beschikbaar is."
"Show online/offline status in the Feedback popup","Toon online/offline-status in feedback-popup"
"Display the status in the Feedback popup that can be useful for informing customers about availability before submitting a request or feedback.","Geef de status weer in de feedback-popup, wat nuttig kan zijn om klanten te informeren over beschikbaarheid voordat ze een verzoek of feedback indienen."
"Show online/offline status in the Customer Account > My Tickets","Toon online/offline-status in Klantaccount > Mijn tickets"
"Display the status in the My Tickets section of the customer's account. This help customers know whether they can expect a prompt response to their support ticket.","Geef de status weer in de sectie Mijn tickets van het klantaccount. Dit helpt klanten te weten of ze een snel antwoord op hun supportticket kunnen verwachten."
"Show working hours on the Contact Us page","Toon werktijden op de pagina Contact"
"Display the status on the Contact Us page to give customers a clear idea of when you are available for support","Geef de status weer op de pagina Contact om klanten een duidelijk idee te geven van wanneer u beschikbaar bent voor ondersteuning"
"Show holiday schedule in X days before activation","Toon vakantieschema X dagen voor activering"
"Specifies how many days in advance your holiday schedule will be displayed to customers to ensure that customers are informed about upcoming holiday hours before they take effect","Specificeert hoeveel dagen vooraf uw vakantieschema aan klanten wordt weergegeven, zodat klanten op de hoogte zijn van komende vakantie-uren voordat deze van kracht worden"
"Track the performance of your helpdesk with reporting on solved tickets. This section allows you to define which ticket statuses are considered solved, helping you monitor team efficiency and customer service success.","Volg de prestaties van uw helpdesk met rapportage over opgeloste tickets. Met deze sectie kunt u definiëren welke ticketstatussen als opgelost worden beschouwd, zodat u de teamefficiëntie en het succes van de klantenservice kunt bewaken."
"Solved Statuses","Opgeloste statussen"
"Developer Settings","Ontwikkelaarsinstellingen"
"Optimize the technical aspects of the helpdesk system with developer-specific options. This section helps in testing, debugging, and customizing the module to suit your website's infrastructure without disrupting live operations.","Optimaliseer de technische aspecten van het helpdesksysteem met ontwikkelaarsspecifieke opties. Deze sectie helpt bij het testen, debuggen en aanpassen van de module aan de infrastructuur van uw website zonder live operaties te verstoren."
"Activate Sandbox","Sandbox activeren"
"Enable sandbox mode to test the helpdesk system without affecting live data. All emails will be redirected to the sandbox email, preventing disruptions to real customer interactions.","Schakel sandboxmodus in om het helpdesksysteem te testen zonder live data te beïnvloeden. Alle e-mails worden omgeleid naar de sandbox-e-mail, om verstoringen van echte klantinteracties te voorkomen."
"Send All Outgoing emails to Email","Stuur alle uitgaande e-mails naar e-mail"
"Set an email address to receive all outgoing emails in sandbox mode, ensuring a controlled environment for testing email templates and notifications.","Stel een e-mailadres in om alle uitgaande e-mails in sandboxmodus te ontvangen, voor een gecontroleerde omgeving voor het testen van e-mailsjablonen en meldingen."
"Force store's theme to apply styles","Forceer thema van store om stijlen toe te passen"
"If theme overrides Magento way of including style this option will add Help Desk styles to page","Als het thema de Magento-manier van stijl opnemen overschrijft, voegt deze optie helpdeskstijlen toe aan de pagina"
"Log ticket deletion","Ticketverwijdering loggen"
"Keep a log of deleted tickets to track deletions and maintain a record for audit or recovery purposes, stored in the /var/log/mirasvit/helpdesk.log file.","Houd een logboek bij van verwijderde tickets om verwijderingen te volgen en een record bij te houden voor audit- of herstelzoeken, opgeslagen in het bestand /var/log/mirasvit/helpdesk.log."
"Help Text","Helptekst"
"Add customizable help text that appears under the title on the 'Contact Us' page and Feedback tab, providing customers with clear guidance on how to submit a support request.","Voeg aanpasbare helptekst toe die onder de titel op de pagina 'Contact' en op het feedbacktabblad verschijnt, om klanten duidelijke richtlijnen te geven over hoe ze een supportaanvraag kunnen indienen."
"Show customer the local time in backend","Toon de klant de lokale tijd in de backend"
"Display the customer’s local time in the backend to help support staff understand when the customer submitted the ticket, providing context for time-sensitive issues.","Geef de lokale tijd van de klant weer in de backend om supportmedewerkers te helpen begrijpen wanneer de klant het ticket heeft ingediend, voor context bij tijdgevoelige problemen."
"Enable Google reCaptcha","Google reCaptcha inschakelen"
"Activate Google reCaptcha on Helpdesk pages to prevent spam and bots from submitting fraudulent tickets. Configuration for reCaptcha settings is available in Configuration > Security > Google reCaptcha.","Activeer Google reCaptcha op helpdeskpagina's om te voorkomen dat spam en bots frauduleuze tickets indienen. Configuratie voor reCaptcha-instellingen is beschikbaar in Configuratie > Beveiliging > Google reCaptcha."
"Helpdesk Contact Form","Helpdesk-contactformulier"
"Helpdesk Satisfaction Block","Helpdesk-tevredenheidsblok"
"Satisfaction List Url","URL tevredenheidslijst"
"Helpdesk Satisfaction List","Helpdesk-tevredenheidslijst"
"All Store Views","Alle storeweergaven"
"Purchased From","Gekocht van"
"Replies #","Antwoorden #"
"Created","Aangemaakt"
"Modified","Gewijzigd"
"Title","Titel"
"Active","Actief"
"Is Shown on Frontend","Wordt weergegeven op frontend"
"Sort Order","Sorteervolgorde"
"Sender Email","Afzender-e-mail"
"Members of Department","Leden van afdeling"
"Notification","Melding"
"If ticket is unassigned, send notifications to all department members","Als ticket niet is toegewezen, stuur meldingen naar alle afdelingsleden"
"If ticket is unassigned, send notifications to email","Als ticket niet is toegewezen, stuur meldingen naar e-mail"
"Code","Code"
"Internal field. Can contain only letters, digits and underscore.","Intern veld. Mag alleen letters, cijfers en underscores bevatten."
"Type","Type"
"Description","Beschrijving"
"Options list","Optielijst"
"Only for drop-down list. Enter each value from the new line using format:<br>value1 | label1<br>value2 | label2","Alleen voor vervolgkeuzelijst. Voer elke waarde op een nieuwe regel in met de indeling:<br>waarde1 | label1<br>waarde2 | label2"
"Show value in customer account","Waarde tonen in klantaccount"
"Show in create ticket form","Tonen in formulier ticket aanmaken"
"Show in contact us form","Tonen in contactformulier"
"Required for customers","Verplicht voor klanten"
"Required for staff","Verplicht voor medewerkers"
"Authorization Type","Autorisatietype"
"OAuth2 Client ID","OAuth2 Client ID"
"OAuth2 Client Secret","OAuth2 Client Secret"
"OAuth2 Redirect URI","OAuth2 Redirect URI"
"Use this URL when configuring OAuth2 credentials in Google Cloud Console","Gebruik deze URL bij het configureren van OAuth2-referenties in Google Cloud Console"
"Gmail Connection","Gmail-verbinding"
"Connection Status","Verbindingsstatus"
"Login","Login"
"Password","Wachtwoord"
"Host","Host"
"Protocol","Protocol"
"Encryption","Versleuteling"
"Port","Poort"
"Fetch Frequency (minutes)","Ophaalfrequentie (minuten)"
"Fetch Max","Max ophalen"
"Fetch Only X Last Emails","Alleen laatste X e-mails ophalen"
"Can be useful for some mailboxes. Leave empty to disable this feature.","Kan nuttig zijn voor sommige mailboxen. Laat leeg om deze functie uit te schakelen."
"Remove emails after fetching","E-mails verwijderen na ophalen"
"Auto-assign tickets to Store View","Tickets automatisch toewijzen aan storeweergave"
"Auto-assign tickets to department","Tickets automatisch toewijzen aan afdeling"
"Notes","Notities"
"Create New Department","Nieuwe afdeling aanmaken"
"Change status","Status wijzigen"
"Inactive","Inactief"
"Delete items","Items verwijderen"
"Are you sure you want to delete selected items?","Weet u zeker dat u geselecteerde items wilt verwijderen?"
"Is Active","Is actief"
"Create New Field","Nieuw veld aanmaken"
"Create New Gateway","Nieuwe gateway aanmaken"
"Last Fetched At","Laatst opgehaald op"
"Last Fetch Result","Resultaat laatste ophaling"
"Create New Pattern","Nieuw patroon aanmaken"
"Create New Permission","Nieuwe machtiging aanmaken"
"Role","Rol"
"Has Access to Tickets of Departments","Heeft toegang tot tickets van afdelingen"
"Can Remove Tickets","Kan tickets verwijderen"
"Create New Priority","Nieuwe prioriteit aanmaken"
"Color","Kleur"
"Create New Rule","Nieuwe regel aanmaken"
"Stop Processing","Verwerking stoppen"
"Remote Ip","Extern IP"
"View Ticket","Ticket weergeven"
"Create New Schedule","Nieuw schema aanmaken"
"Holiday","Vakantie"
"Active From","Actief vanaf"
"Active To","Actief tot"
"Create New Status","Nieuwe status aanmaken"
"Create New Template","Nieuwe sjabloon aanmaken"
"Select...","Selecteren..."
"Mark as Spam","Markeren als spam"
"Mark as Archive","Markeren als archief"
"Merge tickets","Tickets samenvoegen"
"Mark as Inbox","Markeren als inbox"
"Change Assignee","Toegewezene wijzigen"
"Requester","Aanvrager"
"Requester Email","E-mail aanvrager"
"Scope","Bereik"
"If one of these characters uses as part of the string it should be escaped with \(backslash ): . \ + * ? [ ^ ] $ ( ) { } = ! < > | : - #. The pattern should be enclosed by delimiters.","Als een van deze tekens als onderdeel van de string wordt gebruikt, moet deze worden geëscaped met \(backslash ): . \ + * ? [ ^ ] $ ( ) { } = ! < > | : - #. Het patroon moet worden omsloten door scheidingstekens."
"Allows access to tickets of departments","Geeft toegang tot tickets van afdelingen"
"Can Delete Tickets","Kan tickets verwijderen"
"Rule Name","Regelnaam"
"Arranged in the ascending order. 0 is the highest.","Gerangschikt in oplopende volgorde. 0 is de hoogste."
"Stop Further Rules Processing","Verdere regelverwerking stoppen"
"Conditions","Voorwaarden"
"Event","Gebeurtenis"
"Actions","Acties"
"Set Status","Status instellen"
"Set Priority","Prioriteit instellen"
"Set Department","Afdeling instellen"
"Set Owner","Eigenaar instellen"
"Add Tags","Tags toevoegen"
"Remove Tags","Tags verwijderen"
"Notifications","Meldingen"
"Send email to ticket owner","E-mail naar ticketeigenaar sturen"
"Send email to all department users","E-mail naar alle afdelingsgebruikers sturen"
"Send email to customer","E-mail naar klant sturen"
"Send email to other email addresses","E-mail naar andere e-mailadressen sturen"
"Email subject","E-mailonderwerp"
"Email Body","E-mailtekst"
"Attach files previously attached to the last message","Bestanden bijvoegen die eerder aan het laatste bericht zijn toegevoegd"
"Stores","Stores"
"Is Holiday","Is vakantie"
"Timezone","Tijdzone"
"Open message","Openingsbericht"
"Closed message","Sluitingsbericht"
"Internal Title","Interne titel"
"Template","Sjabloon"
"Request ID","Aanvraag-ID"
"Admin or integration authorization is required.","Autorisatie als beheerder of integratie is vereist."
"Internal notes require an admin identity and cannot be added with an integration token.","Interne notities vereisen een beheerdersidentiteit en kunnen niet worden toegevoegd met een integratietoken."
"OAuth2 (Microsoft 365 / Exchange Online)","OAuth2 (Microsoft 365 / Exchange Online)"
"Microsoft Directory (tenant) ID","Microsoft Directory-ID (tenant)"
"Azure AD Directory (tenant) ID, from the Azure App registration Overview page. Leave empty to use ""common"".","Azure AD Directory-ID (tenant), van de Overview-pagina van de Azure-app-registratie. Laat leeg om ""common"" te gebruiken."
"Register this URL as the redirect URI in your OAuth2 app (Google Cloud Console for Gmail, or the Azure App Registration for Microsoft 365 / Exchange Online).","Registreer deze URL als redirect URI in uw OAuth2-app (Google Cloud Console voor Gmail of de Azure App Registration voor Microsoft 365 / Exchange Online)."
"Mailbox Connection","Postbusverbinding"
"Connect Mailbox","Postbus verbinden"
"Click this button to authorize mailbox access via OAuth2","Klik op deze knop om toegang tot de postbus te autoriseren via OAuth2"
"Successfully connected the mailbox!","Postbus succesvol verbonden!"
"Gateway was successfully saved. Please click ""Connect"" to authorize the mailbox.","De gateway is succesvol opgeslagen. Klik op ""Connect"" om de postbus te autoriseren."
"Please save the gateway first before connecting the mailbox.","Sla eerst de gateway op voordat u de postbus verbindt."
"How to obtain Gmail OAuth2 credentials","Hoe u Gmail-OAuth2-referenties verkrijgt"
"Open the Google Cloud Console and create (or pick) a project.","Open de Google Cloud Console en maak een project aan (of kies er een)."
"Go to APIs & Services then Credentials, click Create Credentials and choose OAuth client ID (application type: Web application).","Ga naar APIs & Services en vervolgens Credentials, klik op Create Credentials en kies OAuth client ID (applicatietype: Web application)."
"Open Google Cloud Console Credentials","Google Cloud Console Credentials openen"
"Add the OAuth2 Redirect URI shown below to the Authorized redirect URIs list.","Voeg de hieronder weergegeven OAuth2 Redirect URI toe aan de lijst met Authorized redirect URIs."
"On the OAuth consent screen add the gmail.modify and userinfo.email scopes, then copy the generated Client ID and Client Secret into the fields below.","Voeg op het OAuth consent screen de scopes gmail.modify en userinfo.email toe en kopieer vervolgens de gegenereerde Client ID en Client Secret naar de velden hieronder."
"Open OAuth consent screen","OAuth consent screen openen"
"How to obtain Microsoft 365 / Exchange Online OAuth2 credentials","Hoe u Microsoft 365 / Exchange Online-OAuth2-referenties verkrijgt"
"Open the Azure portal and go to App registrations, then register a new application (supported account types as your tenant requires).","Open de Azure-portal en ga naar App registrations, registreer vervolgens een nieuwe applicatie (ondersteunde accounttypen zoals uw tenant vereist)."
"Open Azure App registrations","Azure App registrations openen"
"Copy the Application (client) ID and the Directory (tenant) ID from the app Overview page into the fields below (leave tenant empty to use common).","Kopieer de Application (client) ID en de Directory (tenant) ID van de Overview-pagina van de app naar de velden hieronder (laat tenant leeg om common te gebruiken)."
"Under Certificates & secrets create a new client secret and copy its Value into the OAuth2 Client Secret field below.","Maak onder Certificates & secrets een nieuw client secret aan en kopieer de Value ervan naar het veld OAuth2 Client Secret hieronder."
"Under Authentication add a Web platform and register the OAuth2 Redirect URI shown below exactly as displayed.","Voeg onder Authentication een Web-platform toe en registreer de hieronder weergegeven OAuth2 Redirect URI precies zoals weergegeven."
"Under API permissions add the delegated Office 365 Exchange Online IMAP.AccessAsUser.All and offline_access permissions, then grant admin consent.","Voeg onder API permissions de gedelegeerde machtigingen Office 365 Exchange Online IMAP.AccessAsUser.All en offline_access toe en verleen vervolgens beheerderstoestemming."
"For Gmail: the OAuth client ID from Google Cloud Console (APIs & Services then Credentials). For Microsoft 365: the Application (client) ID from the Azure App registration Overview page. See the steps above.","Voor Gmail: de OAuth client ID uit de Google Cloud Console (APIs & Services en vervolgens Credentials). Voor Microsoft 365: de Application (client) ID van de Overview-pagina van de Azure-app-registratie. Zie de stappen hierboven."
"For Gmail: the client secret created alongside the OAuth client ID in Google Cloud Console. For Microsoft 365: the client secret Value from Certificates & secrets in the Azure App registration. See the steps above.","Voor Gmail: het client secret dat samen met de OAuth client ID in de Google Cloud Console is aangemaakt. Voor Microsoft 365: de Value van het client secret uit Certificates & secrets in de Azure-app-registratie. Zie de stappen hierboven."
