"Help Desk Tickets (%1)","Yardım Masası Ticket'ları (%1)"
"Departments","Departmanlar"
"Add New Department","Yeni Departman Ekle"
"Custom Fields","Özel Alanlar"
"Add New Field","Yeni Alan Ekle"
"Gateways","Ağ Geçitleri"
"Add New Gateway","Yeni Ağ Geçidi Ekle"
"Tickets","Ticket'lar"
"Priorities","Öncelikler"
"Statuses","Durumlar"
"Quick Responses","Hızlı Yanıtlar"
"SPAM patterns","SPAM kalıpları"
"Permissions","İzinler"
"Workflow Rules","İş Akışı Kuralları"
"Satisfaction Survey Results","Memnuniyet Anketi Sonuçları"
"Working Hours","Çalışma Saatleri"
"Reports","Raporlar"
"Refresh Statistics","İstatistikleri Yenile"
"Settings","Ayarlar"
"Spam Filter Patterns","Spam Filtre Kalıpları"
"Add New Pattern","Yeni Kalıp Ekle"
"Add New Permission","Yeni İzin Ekle"
"Add New Priority","Yeni Öncelik Ekle"
"Add New Rule","Yeni Kural Ekle"
"Apply the rule only if the following conditions are met:","Kuralı yalnızca aşağıdaki koşullar karşılandığında uygula:"
"Help Desk Tickets","Yardım Masası Ticket'ları"
"Create a ticket for this order","Bu sipariş için ticket oluştur"
"Satisfaction Survey","Memnuniyet Anketi"
"Schedule","Takvim"
"Add New Schedule","Yeni Takvim Ekle"
"General Information","Genel Bilgi"
"Working days/hours","Çalışma günleri/saatleri"
"Spam Folder","Spam Klasörü"
"Add New Status","Yeni Durum Ekle"
"Add New Template","Yeni Şablon Ekle"
"Create New Ticket","Yeni Ticket Oluştur"
"Previous Ticket","Önceki Ticket"
"Next Ticket","Sonraki Ticket"
"Convert to RMA","RMA'ya Dönüştür"
"Save","Kaydet"
"Save & Edit","Kaydet ve Düzenle"
"To Archive","Arşive Taşı"
"To Spam","Spam'e Taşı"
"Delete","Sil"
"Are you sure you want to do this?","Bunu yapmak istediğinizden emin misiniz?"
"To Inbox","Gelen Kutusuna Taşı"
"Additional Information","Ek Bilgiler"
"Subject","Konu"
"Store View","Mağaza Görünümü"
"Channel","Kanal"
"open page","sayfayı aç"
"External Link","Harici Bağlantı"
"Tags","Etiketler"
"comma-separated list","virgülle ayrılmış liste"
"Customer Note","Müşteri Notu"
"This field is shared for all of this customer's tickets.","Bu alan, bu müşterinin tüm ticket'ları için paylaşılır."
"Follow Up","Takip"
"Period","Periyot"
"Period Value","Periyot Değeri"
"Execute At","Şu Zamanda Çalıştır"
"Send Reminder","Hatırlatıcı Gönder"
"Set Status To","Durumu Şuna Ayarla"
"Set Priority To","Önceliği Şuna Ayarla"
"Set Owner To","Sahibi Şuna Ayarla"
"Unassigned","Atanmamış"
"Loading...","Yükleniyor..."
"%1, %2","%1, %2"
"Select a store","Mağaza seçin"
"Store","Mağaza"
"General","Genel"
"Additional","Ek"
"Other Tickets (%1)","Diğer Ticket'lar (%1)"
"ID","ID"
"Customer Name","Müşteri Adı"
"Last Replier","Son Yanıtlayan"
"Owner","Sahibi"
"Department","Departman"
"Status","Durum"
"Priority","Öncelik"
"Replies","Yanıtlar"
"Created At","Oluşturulma Tarihi"
"Updated At","Güncellenme Tarihi"
"Last Reply At","Son Yanıt Tarihi"
"Last Activity","Son Etkinlik"
"Action","İşlem"
"View","Görüntüle"
"Change Status","Durumu Değiştir"
"Change Owner","Sahibini Değiştir"
"Merge","Birleştir"
"Are you sure you want to proceed? This action is not reversible.","Devam etmek istediğinizden emin misiniz? Bu işlem geri alınamaz."
"Archive","Arşiv"
"Are you sure?","Emin misiniz?"
"Mark as spam","Spam olarak işaretle"
"Add Ticket","Ticket Ekle"
"Help Desk","Yardım Masası"
"Help Desk Settings","Yardım Masası Ayarları"
"Signature for Emails","E-posta İmzası"
"Thank you","Teşekkür ederiz"
"Processing Rate","İşlem Hızı"
"Create Ticket","Ticket Oluştur"
"[%1] %2","[%1] %2"
"You are not allowed to add the message to the current ticket as it is locked. To contact support team you should create a new ticket.","Kilitli olduğu için mevcut ticket'a mesaj ekleme izniniz yok. Destek ekibiyle iletişime geçmek için yeni bir ticket oluşturmalısınız."
"--/--/--","--/--/--"
"unlocked","kilidi açık"
"locked","kilitli"
"New Department","Yeni Departman"
"Department  Manager","Departman Yöneticisi"
"Department Manager","Departman Yöneticisi"
"Add Department","Departman Ekle"
"Department was successfully deleted","Departman başarıyla silindi"
"Edit Department '%1'","'%1' Departmanını Düzenle"
"Edit Department","Departmanı Düzenle"
"The Department does not exist.","Departman mevcut değil."
"Department was successfully saved","Departman başarıyla kaydedildi"
"Unable to find Department to save","Kaydedilecek Departman bulunamadı"
"Wrong request.","Hatalı istek."
"This ticket does not exist anymore.","Bu ticket artık mevcut değil."
"New Field","Yeni Alan"
"Field  Manager","Alan Yöneticisi"
"Field Manager","Alan Yöneticisi"
"Add Field","Alan Ekle"
"Field was successfully deleted","Alan başarıyla silindi"
"Edit Field '%1'","'%1' Alanını Düzenle"
"Edit Field","Alanı Düzenle"
"The Field does not exist.","Alan mevcut değil."
"Field with the same code already exists","Aynı koda sahip Alan zaten mevcut"
"Field was successfully saved","Alan başarıyla kaydedildi"
"Unable to find Field to save","Kaydedilecek Alan bulunamadı"
"Please, ask your hosting provider to enable the IMAP extension in PHP configuration of your server. Otherwise, helpdesk will not be able to fetch emails.","Lütfen hosting sağlayıcınızdan sunucunuzun PHP yapılandırmasında IMAP uzantısını etkinleştirmesini isteyin. Aksi takdirde helpdesk e-postaları alamayacaktır."
"New Gateway","Yeni Ağ Geçidi"
"Gateway  Manager","Ağ Geçidi Yöneticisi"
"Gateway Manager","Ağ Geçidi Yöneticisi"
"Add Gateway","Ağ Geçidi Ekle"
"done","tamamlandı"
"Gateway was successfully deleted","Ağ geçidi başarıyla silindi"
"Edit Gateway '%1'","'%1' Ağ Geçidini Düzenle"
"Edit Gateway","Ağ Geçidini Düzenle"
"The Gateway does not exist.","Ağ geçidi mevcut değil."
"OAuth2 authorization failed: %1","OAuth2 yetkilendirme başarısız: %1"
"Invalid OAuth2 callback parameters.","Geçersiz OAuth2 geri çağırma parametreleri."
"Invalid state parameter.","Geçersiz state parametresi."
"CSRF token validation failed.","CSRF token doğrulaması başarısız."
"Gateway not found.","Ağ geçidi bulunamadı."
"Connected","Bağlandı"
"Connected to %1","%1 öğesine bağlandı"
"No email connected","Bağlı e-posta yok"
"Successfully connected to Gmail!","Gmail'e başarıyla bağlanıldı!"
"Failed to obtain access token.","Erişim token'ı alınamadı."
"OAuth2 token exchange failed: %1","OAuth2 token değişimi başarısız: %1"
"Gateway ID is required.","Ağ Geçidi ID'si gereklidir."
"Please configure OAuth2 Client ID and Secret first.","Lütfen önce OAuth2 Client ID ve Secret değerlerini yapılandırın."
"Gateway was successfully saved. Please click ""Connect to Gmail"" to authorize.","Ağ geçidi başarıyla kaydedildi. Yetkilendirmek için lütfen ""Gmail'e Bağlan"" seçeneğine tıklayın."
"Gateway was successfully saved. Connection has been established.","Ağ geçidi başarıyla kaydedildi. Bağlantı kuruldu."
"Unable to find Gateway to save","Kaydedilecek Ağ Geçidi bulunamadı"
"A total of %1 record(s) have been updated.","Toplam %1 kayıt güncellendi."
"A total of %1 record(s) have been deleted.","Toplam %1 kayıt silindi."
"New Pattern","Yeni Kalıp"
"Pattern  Manager","Kalıp Yöneticisi"
"Pattern Manager","Kalıp Yöneticisi"
"Add Pattern","Kalıp Ekle"
"Pattern was successfully deleted","Kalıp başarıyla silindi"
"Edit Pattern '%1'","'%1' Kalıbını Düzenle"
"Edit Pattern","Kalıbı Düzenle"
"The Pattern does not exist.","Kalıp mevcut değil."
"Pattern was successfully saved","Kalıp başarıyla kaydedildi"
"You have written an incorrect pattern","Hatalı bir kalıp yazdınız"
"Unable to find Pattern to save","Kaydedilecek Kalıp bulunamadı"
"New Permission","Yeni İzin"
"Permission  Manager","İzin Yöneticisi"
"Permission Manager","İzin Yöneticisi"
"Add Permission","İzin Ekle"
"Permission was successfully deleted","İzin başarıyla silindi"
"Edit Permission","İzni Düzenle"
"Permission does not exist.","İzin mevcut değil."
"Permission was successfully saved","İzin başarıyla kaydedildi"
"Unable to find Permission to save","Kaydedilecek İzin bulunamadı"
"New Priority","Yeni Öncelik"
"Priority  Manager","Öncelik Yöneticisi"
"Priority Manager","Öncelik Yöneticisi"
"Add Priority","Öncelik Ekle"
"Priority was successfully deleted","Öncelik başarıyla silindi"
"Edit Priority '%1'","'%1' Önceliğini Düzenle"
"Edit Priority","Önceliği Düzenle"
"The Priority does not exist.","Öncelik mevcut değil."
"Priority was successfully saved","Öncelik başarıyla kaydedildi"
"Unable to find Priority to save","Kaydedilecek Öncelik bulunamadı"
"Statistics was successfully updated","İstatistikler başarıyla güncellendi"
"Helpdesk","Helpdesk"
"New Rule","Yeni Kural"
"Rule  Manager","Kural Yöneticisi"
"Rule Manager","Kural Yöneticisi"
"Add Rule","Kural Ekle"
"Rule was successfully deleted","Kural başarıyla silindi"
"Edit Rule '%1'","'%1' Kuralını Düzenle"
"Edit Rule","Kuralı Düzenle"
"The Rule does not exist.","Kural mevcut değil."
"Rule was successfully saved","Kural başarıyla kaydedildi"
"Unable to find Rule to save","Kaydedilecek Kural bulunamadı"
"New Satisfaction","Yeni Memnuniyet"
"Satisfaction  Manager","Memnuniyet Yöneticisi"
"Satisfaction Manager","Memnuniyet Yöneticisi"
"Add Satisfaction","Memnuniyet Ekle"
"Satisfaction was successfully deleted","Memnuniyet başarıyla silindi"
"Edit Satisfaction '%1'","'%1' Memnuniyetini Düzenle"
"Edit Satisfaction","Memnuniyeti Düzenle"
"The Satisfaction does not exist.","Memnuniyet mevcut değil."
"Satisfaction was successfully saved","Memnuniyet başarıyla kaydedildi"
"Unable to find Satisfaction to save","Kaydedilecek Memnuniyet bulunamadı"
"New Schedule","Yeni Takvim"
"Schedule Manager","Takvim Yöneticisi"
"Add Schedule","Takvim Ekle"
"You can not delete this schedule, because there are gateways using it.
                         Please, change gateways settings","Bu takvimi silemezsiniz çünkü onu kullanan ağ geçitleri var.
                         Lütfen ağ geçidi ayarlarını değiştirin"
"Schedule was successfully deleted","Takvim başarıyla silindi"
"Edit Schedule '%1'","'%1' Takvimini Düzenle"
"Edit Schedule","Takvimi Düzenle"
"The Schedule does not exist.","Takvim mevcut değil."
"Schedules","Takvimler"
"Working days/hours is a required field.","Çalışma günleri/saatleri zorunlu bir alandır."
"Schedule was successfully saved","Takvim başarıyla kaydedildi"
"Unable to find a Schedule to save","Kaydedilecek Takvim bulunamadı"
"Ticket was successfully moved to the Tickets folder","Ticket başarıyla Ticket'lar klasörüne taşındı"
"Edit Spam '%1'","'%1' Spam'ını Düzenle"
"Edit Spam","Spam'ı Düzenle"
"The spam does not exist.","Spam mevcut değil."
"Please select spam(s)","Lütfen spam seçin"
"Total of %1 record(s) were successfully moved to the Tickets folder","Toplam %1 kayıt başarıyla Ticket'lar klasörüne taşındı"
"Total of %1 record(s) were successfully deleted","Toplam %1 kayıt başarıyla silindi"
"New Status","Yeni Durum"
"Status  Manager","Durum Yöneticisi"
"Status Manager","Durum Yöneticisi"
"Add Status","Durum Ekle"
"Status was successfully deleted","Durum başarıyla silindi"
"Edit Status '%1'","'%1' Durumunu Düzenle"
"Edit Status","Durumu Düzenle"
"The Status does not exist.","Durum mevcut değil."
"Status was successfully saved","Durum başarıyla kaydedildi"
"Unable to find a Status to save","Kaydedilecek Durum bulunamadı"
"New Template","Yeni Şablon"
"Template  Manager","Şablon Yöneticisi"
"Template Manager","Şablon Yöneticisi"
"Add Template","Şablon Ekle"
"Template was successfully deleted","Şablon başarıyla silindi"
"Edit Template '%1'","'%1' Şablonunu Düzenle"
"Edit Template","Şablonu Düzenle"
"The Template does not exist.","Şablon mevcut değil."
"Template was successfully saved","Şablon başarıyla kaydedildi"
"Unable to find a Template to save","Kaydedilecek Şablon bulunamadı"
"New Ticket","Yeni Ticket"
"Ticket Manager","Ticket Yöneticisi"
"Ticket was moved to Archive","Ticket Arşive taşındı"
"The file does not exist or has been deleted.","Dosya mevcut değil veya silindi."
"Ticket was successfully deleted","Ticket başarıyla silindi"
"Edit Ticket","Ticket'ı Düzenle"
"The ticket does not exist.","Ticket mevcut değil."
"Total of %1 record(s) were moved to Archive.","Toplam %1 kayıt Arşive taşındı."
"Please select ticket(s)","Lütfen ticket seçin"
"Total of %1 record(s) were moved to the Spam folder","Toplam %1 kayıt Spam klasörüne taşındı"
"Total of %1 record(s) were successfully updated","Toplam %1 kayıt başarıyla güncellendi"
"Total of %1 record(s) Assignee was changed.","Toplam %1 kaydın atanan kişisi değiştirildi."
"You don't have permission for this operation.","Bu işlem için izniniz yok."
"Total of %1 record(s) were moved to the Inbox folder.","Toplam %1 kayıt Gelen Kutusu klasörüne taşındı."
"Please select 2 or more tickets","Lütfen 2 veya daha fazla ticket seçin"
"Total of %1 record(s) were successfully merged","Toplam %1 kayıt başarıyla birleştirildi"
"Total of %1 record(s) were moved to the Spam folder.","Toplam %1 kayıt Spam klasörüne taşındı."
"Ticket was moved to the Inbox","Ticket Gelen Kutusuna taşındı"
"Message was successfully sent","Mesaj başarıyla gönderildi"
"Ticket was successfully updated","Ticket başarıyla güncellendi"
"Field ""Cc"" is limited by %1 emails","""Cc"" alanı %1 e-posta ile sınırlıdır"
"Something went wrong while saving the ticket.","Ticket kaydedilirken bir şeyler ters gitti."
"Unable to find ticket to save","Kaydedilecek ticket bulunamadı"
"Incorrect email format.","Geçersiz e-posta formatı."
"Incorrect CC format.","Geçersiz CC formatı."
"Incorrect BCC format.","Geçersiz BCC formatı."
"Ticket was moved to the Spam folder","Ticket Spam klasörüne taşındı"
"Your request was successfully submitted. You should receive a confirmation email shortly.","İsteğiniz başarıyla gönderildi. Kısa süre içinde bir onay e-postası alacaksınız."
"Unable to submit your request. Please, try again later","İsteğiniz gönderilemedi. Lütfen daha sonra tekrar deneyin"
"Field ""Name"" is required","""Ad"" alanı gereklidir"
"Field ""Comment"" is required","""Yorum"" alanı gereklidir"
"Something went wrong","Bir şeyler ters gitti"
"Telephone","Telefon"
"Your inquiry was submitted and will be responded to as soon as possible. Thank you for contacting us.","Sorgunuz gönderildi ve en kısa sürede yanıtlanacaktır. Bizimle iletişime geçtiğiniz için teşekkür ederiz."
"Sorry, for technical reasons you can't submit your query from this browser. Please try using a different browser or computer.","Üzgünüz, teknik nedenlerle sorgunuzu bu tarayıcıdan gönderemezsiniz. Lütfen farklı bir tarayıcı veya bilgisayar kullanmayı deneyin."
"Page not found.","Sayfa bulunamadı."
"Your message was successfully posted","Mesajınız başarıyla gönderildi"
"Your ticket was successfully posted","Ticket'ınız başarıyla gönderildi"
"Ticket was successfully closed","Ticket başarıyla kapatıldı"
"wrong URL","hatalı URL"
"Can't upload file %1 . Max allowed upload size is %2 MB.","%1 dosyası yüklenemiyor. İzin verilen maksimum yükleme boyutu %2 MB'dir."
"Allows only this file types: %1","Yalnızca şu dosya türlerine izin verir: %1"
"%1:%2 (%3) is open.","%1:%2 (%3) açık."
"%1:%2 is closed.","%1:%2 kapalı."
"%1 Help Desk","%1 Yardım Masası"
"You have %1 unread notifications.","%1 okunmamış bildiriminiz var."
"Ticket ""%1"" was created.","""%1"" ticket'ı oluşturuldu."
"New message was added to the ticket ""%1""","""%1"" ticket'ına yeni mesaj eklendi"
"Ticket ""%1"" was assigned to you.","""%1"" ticket'ı size atandı."
"%1 is editing now","%1 şu anda düzenliyor"
"%1 has opened this ticket %2","%1 bu ticket'ı %2 açtı"
"%1 have opened this ticket %2","%1 bu ticket'ı %2 açtı"
"please type your reply above this line","lütfen yanıtınızı bu satırın üzerine yazın"
"Can't fetch.
                Please, ask your hosting provider to enable the IMAP extension in PHP configuration of your server.","Alınamıyor.
                Lütfen hosting sağlayıcınızdan sunucunuzun PHP yapılandırmasında IMAP uzantısını etkinleştirmesini isteyin."
"Yes","Evet"
"No","Hayır"
"Unable to define email sender","E-posta göndereni tanımlanamadı"
"Rule '%1'","'%1' Kuralı"
"Follow Up actions","Takip işlemleri"
"%1: %2 => %3","%1: %2 => %3"
"%1: %2","%1: %2"
"Ticket was merged to: %1","Ticket şununla birleştirildi: %1"
"Ticket was merged with: %1","Ticket şununla birleştirildi: %1"
"Message added","Mesaj eklendi"
"Internal note added","Dahili not eklendi"
"Third party message added","Üçüncü taraf mesajı eklendi"
"Private third party message added","Özel üçüncü taraf mesajı eklendi"
"Folder","Klasör"
"Order","Sipariş"
"User","Kullanıcı"
"Customer","Müşteri"
"Customer Email","Müşteri E-postası"
"Cc","Cc"
"Bcc","Bcc"
"-- Please Select --","-- Lütfen Seçin --"
"Inbox","Gelen Kutusu"
"Spam","Spam"
"Email","E-posta"
"Backend","Arka Uç"
"Contact Tab","İletişim Sekmesi"
"Contact Form","İletişim Formu"
"Customer Account","Müşteri Hesabı"
"Public Reply","Genel Yanıt"
"Internal Note","Dahili Not"
"Message to Third Party","Üçüncü Tarafa Mesaj"
"Internal Note to Third Party","Üçüncü Tarafa Dahili Not"
"at %1 (%2) - %3","%1 (%2) - %3"
"You don't have permissions to read this ticket. Please, contact your administrator.","Bu ticket'ı okuma izniniz yok. Lütfen yöneticinize başvurun."
"Field ""Name"" is incorrect.","""Ad"" alanı geçersiz."
"Email field should not be empty","E-posta alanı boş olmamalıdır"
"Submitted from the page:","Şu sayfadan gönderildi:"
"Invalid Customer Email","Geçersiz Müşteri E-postası"
"Ticket was merged to %1","Ticket %1 ile birleştirildi"
"Pattern","Kalıp"
"Attribute Value","Öznitelik Değeri"
"Default","Varsayılan"
"Integer","Tam Sayı"
"Price","Fiyat"
"Strip Tags","Etiketleri Kaldır"
"Ticket Attributes","Ticket Öznitelikleri"
"Wrong URL","Hatalı URL"
"Unknown time","Bilinmeyen zaman"
"ago","önce"
"from now","şu andan itibaren"
"1 sec ago","1 saniye önce"
"Links:","Bağlantılar:"
"Open Ticket","Açık Ticket"
"Open Tickets","Açık Ticket'lar"
"! Blocked file -","! Engellenen dosya -"
"File System","Dosya Sistemi"
"Database","Veritabanı"
"IMAP","IMAP"
"OAuth2 (Gmail)","OAuth2 (Gmail)"
"Aqua","Camgöbeği"
"Grey","Gri"
"Navy","Lacivert"
"Silver","Gümüş"
"Black","Siyah"
"Green","Yeşil"
"Olive","Zeytin"
"Teal","Camgöbeği Koyu"
"Blue","Mavi"
"Lime","Misket Limonu"
"Purple","Mor"
"Fuchsia","Fuşya"
"Maroon","Bordo"
"Red","Kırmızı"
"Orange","Turuncu"
"Yellow","Sarı"
"NONE","YOK"
"SSL","SSL"
"Text","Metin"
"Multi-line text","Çok satırlı metin"
"Date","Tarih"
"Checkbox","Onay Kutusu"
"Drop-down list","Açılır liste"
"In minutes...","Dakika içinde..."
"In hours...","Saat içinde..."
"In days...","Gün içinde..."
"In weeks...","Hafta içinde..."
"In months...","Ay içinde..."
"Custom","Özel"
"Move to Archive","Arşive Taşı"
"Move from Archive","Arşivden Taşı"
"All users","Tüm kullanıcılar"
"Left","Sol"
"Right","Sağ"
"POP","POP"
"Great!","Harika!"
"OK","Tamam"
"Bad","Kötü"
"--Please Select--","--Lütfen Seçin--"
"New ticket created","Yeni ticket oluşturuldu"
"New reply from customer","Müşteriden yeni yanıt"
"New reply from staff","Personelden yeni yanıt"
"New reply from third party","Üçüncü taraftan yeni yanıt"
"Ticket assigned to staff","Ticket personele atandı"
"Ticket was changed","Ticket değiştirildi"
"Ticket was converted to RMA","Ticket RMA'ya dönüştürüldü"
"Check every hour","Her saat kontrol et"
"Headers","Başlıklar"
"Body","Gövde"
"Using Department Name (e.g. Sales)","Departman Adı Kullanılarak (ör. Satış)"
"Using Staff Name (e.g. John Doe)","Personel Adı Kullanılarak (ör. John Doe)"
"Using Custom Template","Özel Şablon Kullanılarak"
"Last Reply","Son Yanıt"
"View link","Bağlantıyı görüntüle"
"%1 attachments were deleted","%1 ek silindi"
"desktop notifications","masaüstü bildirimleri"
"%1 %2 were deleted","%1 %2 silindi"
"Process is locked","İşlem kilitli"
"Locked","Kilitli"
"Success","Başarılı"
"Pattern is invalid","Kalıp geçersiz"
"""%1"" department is using as default department in next gateway(s) with id: %2.
                Please change it first.","""%1"" departmanı şu kimliğe sahip ağ geçitlerinde varsayılan departman olarak kullanılıyor: %2.
                Lütfen önce bunu değiştirin."
"""%1"" department is used as the default department in the option ""Feedback Tab > Assign to Department"".
                Please change this option first.","""%1"" departmanı, ""Geri Bildirim Sekmesi > Departmana Ata"" seçeneğinde varsayılan departman olarak kullanılıyor.
                Lütfen önce bu seçeneği değiştirin."
"Update the Ticket","Ticket'ı Güncelle"
"Conditions Combination","Koşul Kombinasyonu"
"Ticket Attribute","Ticket Özniteliği"
"Last 7-days Clicks","Son 7 günün Tıklamaları"
"Last 7-days Orders","Son 7 günün Siparişleri"
"Last 7-days Revenue","Son 7 günün Geliri"
"Last 7-days Conversation Rate (%)","Son 7 günün Dönüşüm Oranı (%)"
"Last message body","Son mesaj gövdesi"
"Priority (before change)","Öncelik (değişiklikten önce)"
"Status (before change)","Durum (değişiklikten önce)"
"Department (before change)","Departman (değişiklikten önce)"
"Owner (before change)","Sahibi (değişiklikten önce)"
"Folder (before change)","Klasör (değişiklikten önce)"
"Last Reply By","Son Yanıtlayan"
"Last Reply Type","Son Yanıt Türü"
"Hours since Created","Oluşturulmadan Bu Yana Saat"
"Hours since Updated","Güncellenmeden Bu Yana Saat"
"Hours since Last reply","Son yanıttan Bu Yana Saat"
"Ticket Source (Channel)","Ticket Kaynağı (Kanal)"
"%1 (before change)","%1 (değişiklikten önce)"
"Staff","Personel"
"Third party","Üçüncü taraf"
"Closed","Kapalı"
"Opened 24hr","24 saat açık"
"Searchable attributes not defined","Aranabilir öznitelikler tanımlanmamış"
"- Disable these emails -","- Bu e-postaları devre dışı bırak -"
"Authentication failed for the Gateway(s) ""%1""
                                <br> To hide this message, re-save the above Gateway(s) and run cron,
                                or disable the above Gateway(s) <a href=""%2"">help desk gateways</a>.","""%1"" Ağ Geçit(ler)i için kimlik doğrulama başarısız.
                                <br> Bu mesajı gizlemek için yukarıdaki Ağ Geçit(ler)ini yeniden kaydedin ve cron çalıştırın,
                                veya yukarıdaki Ağ Geçit(ler)ini devre dışı bırakın <a href=""%2"">yardım masası ağ geçitleri</a>."
"The Help Desk can't fetch new emails.
                Please, try to run bin/magento mirasvit:helpdesk:run to determine the source of this problem.","Yardım Masası yeni e-postaları alamıyor.
                Lütfen bu sorunun kaynağını belirlemek için bin/magento mirasvit:helpdesk:run komutunu çalıştırmayı deneyin."
"Help desk can't fetch emails.","Yardım masası e-postaları alamıyor."
"<br> To temporarily hide this message, disable all <a href=""%1"">help desk gateways</a>.","<br> Bu mesajı geçici olarak gizlemek için tüm <a href=""%1"">yardım masası ağ geçitlerini</a> devre dışı bırakın."
"Help Desk can't fetch new emails.
                 Please, check that you are running cron for bin/magento mirasvit:helpdesk:run.","Yardım Masası yeni e-postaları alamıyor.
                 Lütfen bin/magento mirasvit:helpdesk:run için cron çalıştırdığınızdan emin olun."
"Helpdesk Tickets","Helpdesk Ticket'ları"
"Department with id ""%1"" does not exist.","""%1"" kimliğine sahip Departman mevcut değil."
"Field with id ""%1"" does not exist.","""%1"" kimliğine sahip Alan mevcut değil."
"Priority with id ""%1"" does not exist.","""%1"" kimliğine sahip Öncelik mevcut değil."
"Satisfaction with id ""%1"" does not exist.","""%1"" kimliğine sahip Memnuniyet mevcut değil."
"Cannot delete satisfaction with id %1","%1 kimliğine sahip memnuniyet silinemiyor"
"Status with id ""%1"" does not exist.","""%1"" kimliğine sahip Durum mevcut değil."
"Template with id ""%1"" does not exist.","""%1"" kimliğine sahip Şablon mevcut değil."
"Cannot delete ticket with id %1","%1 kimliğine sahip ticket silinemiyor"
"Admin authorization is required.","Admin yetkilendirmesi gereklidir."
"Message body cannot be empty.","Mesaj gövdesi boş olamaz."
"Invalid folder ""%1"". Allowed: 1 (Inbox), 2 (Archive), 3 (Spam)","Geçersiz klasör ""%1"". İzin verilen: 1 (Gelen Kutusu), 2 (Arşiv), 3 (Spam)"
"Invalid customer email format.","Geçersiz müşteri e-posta formatı."
"Invalid %1 email format: %2","Geçersiz %1 e-posta formatı: %2"
"Invalid message type ""%1"". Allowed: %2","Geçersiz mesaj türü ""%1"". İzin verilen: %2"
"Area: ""%1""","Alan: ""%1"""
"Ticket ID: ""%1""","Ticket ID: ""%1"""
"Customer ID: ""%1""","Müşteri ID: ""%1"""
"User ID: ""%1""","Kullanıcı ID: ""%1"""
"Some tickets could not be parsed. Please check logs.","Bazı ticket'lar ayrıştırılamadı. Lütfen logları kontrol edin."
"Edit","Düzenle"
"All Departments","Tüm Departmanlar"
"All Roles","Tüm Roller"
"Back","Geri"
"Reset","Sıfırla"
"Save and Continue Edit","Kaydet ve Düzenlemeye Devam Et"
"Debug","Hata Ayıklama"
"24 hrs x 7 days","24 saat x 7 gün"
"Select working days/hours","Çalışma günlerini/saatlerini seçin"
"All Tickets","Tüm Ticket'lar"
"My Tickets","Ticket'larım"
"Satisfaction survey","Memnuniyet anketi"
"Satisfaction rating: %1 out of 5","Memnuniyet puanı: 5 üzerinden %1"
"View message source in new window","Mesaj kaynağını yeni pencerede görüntüle"
"show source","kaynağı göster"
"to %1 (third party)","%1 öğesine (üçüncü taraf)"
"%1 %2 (third party)","%1 %2 (üçüncü taraf)"
"%1","%1"
"Attachment image: %1","Ek görseli: %1"
"Document file icon","Belge dosyası simgesi"
"Download icon","İndirme simgesi"
"Download","İndir"
"Max file size: %1 Mb","Maksimum dosya boyutu: %1 Mb"
"Close","Kapat"
"Image preview","Görsel önizleme"
"Previous image","Önceki görsel"
"Previous","Önceki"
"Next","Sonraki"
"Ticket Summary","Ticket Özeti"
"enter subject of ticket","ticket konusunu girin"
"Ticket ID","Ticket ID"
"Assignee","Atanan Kişi"
"Additional Info","Ek Bilgi"
"You are not allowed to add the message to the current ticket as it is locked. To add the message to the current ticket you should change its status to one of unlocked.","Kilitli olduğu için mevcut ticket'a mesaj ekleme izniniz yok. Mevcut ticket'a mesaj eklemek için durumunu kilitli olmayan bir duruma değiştirmelisiniz."
"Ticket History","Ticket Geçmişi"
"Done by","Tarafından yapıldı"
"Changes","Değişiklikler"
"Ticket Grid Container","Ticket Tablosu Konteyneri"
"View tickets notifications","Ticket bildirimlerini görüntüle"
"Navigate to all tickets page","Tüm ticket'lar sayfasına git"
"See All Tickets","Tüm Ticket'ları Gör"
"Edit ticket: %1","Ticket'ı düzenle: %1"
"View tickets page","Ticket sayfasını görüntüle"
"Open contact form","İletişim formunu aç"
"Close contact form","İletişim formunu kapat"
"Name","Ad"
"Attach files","Dosya ekle"
"Submit","Gönder"
"Submit Ticket","Ticket Gönder"
"What is your question?","Sorunuz nedir?"
"We found the following topics that might be helpful:","Yardımcı olabilecek aşağıdaki konuları bulduk:"
"None of these are helpful - contact us","Hiçbiri yardımcı değil - bizimle iletişime geçin"
"We have not found any helpful topics.","Yardımcı olabilecek herhangi bir konu bulamadık."
"Contact Information","İletişim Bilgileri"
"Comment","Yorum"
"We are open 24 x 7","7/24 açığız"
"We are closed","Kapalıyız"
"Timezone: %1","Saat Dilimi: %1"
"Please take a second to rate my reply...","Yanıtımı değerlendirmek için lütfen bir saniyenizi ayırın..."
"Great","Harika"
"Awesome","Mükemmel"
"Fast, friendly, helpful, pleasant. Great job!","Hızlı, samimi, yardımsever, hoş. Harika iş!"
"Just Okay","İdare Eder"
"Fine, but definitely could have been better.","Fena değil, ama kesinlikle daha iyi olabilirdi."
"Not good","İyi değil"
"Unfortunately, I wasn't happy with it at all.","Maalesef, hiç memnun kalmadım."
"Satisfactory level of customer service in real time","Gerçek zamanlı tatmin edici müşteri hizmeti seviyesi"
"%1% said great!","%1% harika dedi!"
"last updated %1","son güncelleme %1"
"Thank you for participating in our survey!","Anketimize katıldığınız için teşekkür ederiz!"
"If you would like to provide additional comments, please do so below:","Ek yorum yapmak isterseniz, lütfen aşağıya yazın:"
"Message","Mesaj"
"Submit Message","Mesajı Gönder"
"Thank you for your feedback!","Geri bildiriminiz için teşekkür ederiz!"
"If the processing doesn't start automatically in a few seconds, please click the button below","İşlem birkaç saniye içinde otomatik olarak başlamazsa, lütfen aşağıdaki düğmeye tıklayın"
"Process Rate","İşlem Hızı"
"Attachments","Ekler"
"-- Select an Order --","-- Bir Sipariş Seçin --"
"Create ticket","Ticket oluştur"
"Navigate to create new ticket page","Yeni ticket oluşturma sayfasına git"
"You don't have open tickets","Açık ticket'ınız yok"
"View ticket: %1","Ticket'ı görüntüle: %1"
"Post a Reply","Yanıt Gönder"
"Max file size: %1","Maksimum dosya boyutu: %1"
"Reopen Ticket","Ticket'ı Yeniden Aç"
"Close Ticket","Ticket'ı Kapat"
"History","Geçmiş"
"%1 (third party)","%1 (üçüncü taraf)"
"Attachment: %1","Ek: %1"
"Download attachment: %1","Eki indir: %1"
"Image file icon","Görsel dosyası simgesi"
"Go back to my tickets list","Ticket listeme geri dön"
"Back to My Tickets","Ticket'larıma Geri Dön"
"Next image","Sonraki görsel"
"Rate","Değerlendir"
"Ok","Tamam"
"To","Kime"
"Customer Summary","Müşteri Özeti"
"Assigned To Customer","Müşteriye Atanmış"
"Assigned To Order","Siparişe Atanmış"
"Customer does not have any orders.","Müşterinin herhangi bir siparişi yok."
"RMA","RMA"
"type email or name","e-posta veya ad yazın"
"Click this button to authorize access to Gmail via OAuth2","OAuth2 üzerinden Gmail'e erişimi yetkilendirmek için bu düğmeye tıklayın"
"Reconnect","Yeniden Bağlan"
"Connect to Gmail","Gmail'e Bağlan"
"Attachment","Ek"
"type third party email here","üçüncü taraf e-postasını buraya yazın"
"Kind","Tür"
"Info","Bilgi"
"You can check the status of reply to this ticket online at:","Bu ticket'a verilen yanıtın durumunu çevrimiçi olarak şu adresten kontrol edebilirsiniz:"
"Dear %name,","Sayın %name,"
"Thank you for contacting us!","Bizimle iletişime geçtiğiniz için teşekkür ederiz!"
"This is an automated response confirming the receipt of your ticket. One of our agents will get back to you as soon as possible.","Bu, ticket'ınızın alındığını onaylayan otomatik bir yanıttır. Temsilcilerimizden biri en kısa sürede size geri dönecektir."
"Details","Detaylar"
"Please, answer the following ticket:","Lütfen aşağıdaki ticket'ı yanıtlayın:"
"Ticket ID:","Ticket ID:"
"Name:","Ad:"
"Email address:","E-posta adresi:"
"Store:","Mağaza:"
"Department:","Departman:"
"Staff (Owner): -- Unassigned --","Personel (Sahip): -- Atanmamış --"
"Status:","Durum:"
"Priority:","Öncelik:"
"Created:","Oluşturuldu:"
"Staff (Owner):","Personel (Sahip):"
"Updated:","Güncellendi:"
"== INTERNAL NOTE ==","== DAHİLİ NOT =="
"Dear <strong>%user_firstname %user_lastname</strong>, <br><br>
    %ticket_customer_name rated your help with smile","Sayın <strong>%user_firstname %user_lastname</strong>, <br><br>
    %ticket_customer_name yardımınızı gülümseme ile değerlendirdi"
"Customer email:","Müşteri e-postası:"
"Comment:","Yorum:"
"This browser does not support desktop notification","Bu tarayıcı masaüstü bildirimini desteklemiyor"
"Please save the gateway first before connecting to Gmail.","Gmail'e bağlanmadan önce lütfen ağ geçidini kaydedin."
"Please enter Client ID and Client Secret before connecting.","Bağlanmadan önce lütfen Client ID ve Client Secret girin."
"Your message will be emailed to the customer","Mesajınız müşteriye e-posta ile gönderilecektir"
"Your message will be emailed to your colleague. The customer will not see it.","Mesajınız iş arkadaşınıza e-posta ile gönderilecektir. Müşteri bunu göremeyecektir."
"Your message will be emailed to the third party. Customer will see it in the ticket history.","Mesajınız üçüncü tarafa e-posta ile gönderilecektir. Müşteri bunu ticket geçmişinde görecektir."
"Internal Message to Third Party","Üçüncü Tarafa Dahili Mesaj"
"Your message will be emailed to the third party. The customer will not see it.","Mesajınız üçüncü tarafa e-posta ile gönderilecektir. Müşteri bunu göremeyecektir."
"Session has expired. Please copy all unsaved data and reload the page.","Oturum süresi doldu. Lütfen kaydedilmemiş tüm verileri kopyalayın ve sayfayı yeniden yükleyin."
"Upload Too Large","Yükleme Çok Büyük"
"Open","Açık"
"Help Desk MX","Help Desk MX"
"General Settings","Genel Ayarlar"
"Enhance the overall performance and user experience of your helpdesk by setting up core features such as how communication is managed, personalizing customer interactions, and ensuring smooth ticket management with automated tasks.","İletişimin nasıl yönetildiği, müşteri etkileşimlerinin kişiselleştirilmesi ve otomatik görevlerle sorunsuz ticket yönetiminin sağlanması gibi temel özellikleri ayarlayarak helpdesk'inizin genel performansını ve kullanıcı deneyimini geliştirin."
"Helpdesk title in the customer account","Müşteri hesabındaki helpdesk başlığı"
"Customize the title displayed for the Helpdesk section in the customer's account to create a clear and branded support experience.","Net ve markalı bir destek deneyimi oluşturmak için müşterinin hesabındaki Helpdesk bölümü için gösterilen başlığı özelleştirin."
"Sign staff replies","Personel yanıtlarını imzala"
"Adds a personal touch to customer communication, which helps personalize responses and provide clarity on who handled the support request increasing trust and transparency.","Müşteri iletişimine kişisel bir dokunuş katar, bu da yanıtların kişiselleştirilmesine ve destek talebini kimin yönettiği konusunda netlik sağlanmasına yardımcı olarak güveni ve şeffaflığı artırır."
"Signature template","İmza şablonu"
"Send blind carbon copy (BCC) of all emails to","Tüm e-postaların gizli karbon kopyasını (BCC) şuraya gönder"
"Automatically send a BCC of all helpdesk-related emails to a specified address for monitoring or record-keeping, helping ensure nothing gets overlooked.","Hiçbir şeyin gözden kaçmamasını sağlamaya yardımcı olmak için izleme veya kayıt tutma amacıyla helpdesk ile ilgili tüm e-postaların BCC'sini otomatik olarak belirtilen bir adrese gönderin."
"Use default Magento cron","Varsayılan Magento cron'unu kullan"
"If this option is disabled, helpdesk-related tasks will not be processed automatically. For instance, emails from the configured gateway will not be fetched. However, you can still manually trigger cron tasks to test the module's functionality.","Bu seçenek devre dışı bırakılırsa, helpdesk ile ilgili görevler otomatik olarak işlenmez. Örneğin, yapılandırılmış ağ geçidinden e-postalar alınmaz. Ancak, modülün işlevselliğini test etmek için cron görevlerini manuel olarak yine de tetikleyebilirsiniz."
"Enable magento cron to ensure scheduled actions like email fetching are handled efficiently without extra configuration.","E-posta alma gibi planlanmış işlemlerin ekstra yapılandırma olmadan verimli bir şekilde gerçekleştirilmesini sağlamak için magento cron'unu etkinleştirin."
"Allow customer to open ticket by unique URL (without additional authentication)","Müşterinin benzersiz URL ile ticket açmasına izin ver (ek kimlik doğrulama olmadan)"
"Customers will receive link in the email notification to access their support tickets via a unique URL, simplifying the process and increasing accessibility by eliminating extra login steps.","Müşteriler, ek oturum açma adımlarını ortadan kaldırarak süreci basitleştiren ve erişilebilirliği artıran benzersiz bir URL aracılığıyla destek ticket'larına erişmek için e-posta bildiriminde bir bağlantı alacaklardır."
"Tickets Settings","Ticket Ayarları"
"Manage the flow and organization of support tickets efficiently by controlling the prioritization, categorization, and statuses of incoming customer requests. This section ensures that support agents can handle tickets based on urgency and track progress seamlessly.","Gelen müşteri taleplerinin önceliklendirilmesini, kategorize edilmesini ve durumlarını kontrol ederek destek ticket'larının akışını ve organizasyonunu verimli bir şekilde yönetin. Bu bölüm, destek temsilcilerinin ticket'ları aciliyete göre yönetebilmesini ve ilerlemeyi sorunsuzca takip edebilmesini sağlar."
"Priority for new tickets","Yeni ticket'lar için öncelik"
"Set the default priority for new tickets to help organize and prioritize customer issues based on urgency.","Müşteri sorunlarını aciliyete göre düzenlemeye ve önceliklendirmeye yardımcı olmak için yeni ticket'lar için varsayılan önceliği ayarlayın."
"Status for new tickets","Yeni ticket'lar için durum"
"Define the default status for new tickets to give clear visibility of ticket progress.","Ticket ilerlemesinin net bir şekilde görünür olmasını sağlamak için yeni ticket'lar için varsayılan durumu tanımlayın."
"Move Ticket to Archive if it has one of following statuses:","Aşağıdaki durumlardan birine sahipse Ticket'ı Arşive Taşı:"
"Automatically move tickets to the archive when they reach specified statuses, ensuring the system stays organized.","Sistemin düzenli kalmasını sağlamak için ticket'lar belirtilen durumlara ulaştığında bunları otomatik olarak arşive taşıyın."
"Lock Ticket if it has one of following statuses:","Aşağıdaki durumlardan birine sahipse Ticket'ı Kilitle:"
"When ticket is locked the customer cannot add a new message to the ticket, while admin still can send messages","Ticket kilitlendiğinde müşteri ticket'a yeni mesaj ekleyemez, ancak yönetici hâlâ mesaj gönderebilir"
"Control when tickets are locked based on their statuses to avoid further changes once certain progress is made.","Belirli bir ilerleme sağlandıktan sonra daha fazla değişikliği önlemek için ticket'ların durumlarına göre ne zaman kilitleneceğini kontrol edin."
"Tickets autosave period, sec","Ticket otomatik kayıt süresi, sn"
"Set how frequently ticket drafts are autosaved, minimizing the risk of losing unsaved work. Leave empty to disable autosave.","Kaydedilmemiş çalışma kaybı riskini en aza indirerek ticket taslaklarının ne sıklıkla otomatik olarak kaydedileceğini ayarlayın. Otomatik kaydetmeyi devre dışı bırakmak için boş bırakın."
"Use WYSIWYG Editor in backend","Arka uçta WYSIWYG Editör Kullan"
"Enable the use of a text editor for tickets in the backend, making it easier for staff to format replies and provide detailed, structured responses.","Personelin yanıtları biçimlendirmesini ve ayrıntılı, yapılandırılmış yanıtlar sağlamasını kolaylaştırmak için arka uçta ticket'lar için bir metin düzenleyici kullanımını etkinleştirin."
"Create Tickets from Contact Us form","Bize Ulaşın formundan Ticket Oluştur"
"Automatically create helpdesk tickets from submissions via the 'Contact Us' form, turning every inquiry into a manageable support ticket.","Her sorguyu yönetilebilir bir destek ticket'ına dönüştürerek, 'Bize Ulaşın' formu aracılığıyla yapılan gönderimlerden otomatik olarak helpdesk ticket'ları oluşturun."
"Admin Display Options","Yönetici Görüntüleme Seçenekleri"
"Improve the visual accessibility and ease of navigating through tickets in the admin panel. This section allows you to enable quick access to essential data, helping your support team handle tickets faster and more effectively.","Yönetim panelindeki ticket'lar arasında gezinmenin görsel erişilebilirliğini ve kolaylığını artırın. Bu bölüm, destek ekibinizin ticket'ları daha hızlı ve etkili bir şekilde yönetmesine yardımcı olarak temel verilere hızlı erişimi etkinleştirmenize olanak tanır."
"Show Quick Data Bar in admin ticket grid","Yönetici ticket tablosunda Hızlı Veri Çubuğunu Göster"
"This feature enhances workflow visibility and helps agents stay on top of their responsibilities.","Bu özellik iş akışı görünürlüğünü artırır ve temsilcilerin sorumluluklarının üstesinden gelmelerine yardımcı olur."
"Show User Activity Data Bar in admin ticket grid","Yönetici ticket tablosunda Kullanıcı Etkinliği Veri Çubuğunu Göster"
"Shows recent user activity related to the ticket, helping managers track staff interactions with customers more efficiently.","Ticket ile ilgili son kullanıcı etkinliğini gösterir ve yöneticilerin personelin müşterilerle etkileşimlerini daha verimli bir şekilde takip etmesine yardımcı olur."
"Show previous/next button in backend ticket edit page","Arka uç ticket düzenleme sayfasında önceki/sonraki düğmesini göster"
"Display 'previous' and 'next' buttons on the ticket editing page in the backend to move through tickets quickly without returning to the grid.","Tabloya geri dönmeden ticket'lar arasında hızlıca geçiş yapmak için arka uçtaki ticket düzenleme sayfasında 'önceki' ve 'sonraki' düğmelerini görüntüleyin."
"Attachments Settings","Ek Ayarları"
"Customize how file attachments are managed within the helpdesk. This section helps you control the storage, format, and retention of attachments, ensuring customers and staff can exchange relevant files without compromising storage space.","Helpdesk içinde dosya eklerinin nasıl yönetildiğini özelleştirin. Bu bölüm, eklerin depolanmasını, biçimini ve saklanmasını kontrol etmenize yardımcı olur ve müşterilerin ve personelin depolama alanından ödün vermeden ilgili dosyaları paylaşabilmesini sağlar."
"Store attachments in","Ekleri şurada sakla"
"Select the storage location for ticket attachments, giving you control over file management.","Dosya yönetimi üzerinde size kontrol sağlayarak ticket ekleri için depolama konumunu seçin."
"Auto-removing old attachments","Eski ekleri otomatik kaldırma"
"Enable automatic removal of old attachments to free up storage space and keep the system clutter-free","Depolama alanı açmak ve sistemi düzenli tutmak için eski eklerin otomatik olarak kaldırılmasını etkinleştirin"
"Remove attachments older than, days","Şu günden eski ekleri kaldır"
"Specifies the number of days after which old ticket attachments will be deleted.","Eski ticket eklerinin silineceği gün sayısını belirtir."
"Only allow upload of attachments with extensions","Yalnızca şu uzantılara sahip ek yüklemesine izin ver"
"Restrict attachment uploads to specific file types to avoid security risks and maintain control over the type of files uploaded. Comma separated list. e.g. jpg, jpeg, gif, png, bmp, pdf>","Güvenlik risklerinden kaçınmak ve yüklenen dosya türü üzerinde kontrolü sürdürmek için ek yüklemelerini belirli dosya türlerine kısıtlayın. Virgülle ayrılmış liste. ör. jpg, jpeg, gif, png, bmp, pdf>"
"Feedback Tab","Geri Bildirim Sekmesi"
"Boost customer engagement by offering an easy-to-use feedback system. The feedback tab allows customers to submit inquiries or tickets directly from the website, improving accessibility to your support team.","Kullanımı kolay bir geri bildirim sistemi sunarak müşteri etkileşimini artırın. Geri bildirim sekmesi, müşterilerin sorgularını veya ticket'larını doğrudan web sitesinden göndermesine olanak tanıyarak destek ekibinize erişilebilirliği artırır."
"Enable Feedback Tab","Geri Bildirim Sekmesini Etkinleştir"
"Activate the feedback tab on your website, making it easy for customers to submit support requests.","Müşterilerin destek talepleri göndermesini kolaylaştırarak web sitenizde geri bildirim sekmesini etkinleştirin."
"Assign to Department","Departmana Ata"
"Automatically assign feedback tab-generated tickets to a specific department, ensuring they reach the right team for quick resolution.","Hızlı çözüm için doğru ekibe ulaşmalarını sağlayarak geri bildirim sekmesi tarafından oluşturulan ticket'ları otomatik olarak belirli bir departmana atayın."
"Tab Color","Sekme Rengi"
"Customize the feedback tab color to align with your brand, making it more visually appealing and noticeable.","Markanızla uyumlu olması için geri bildirim sekmesi rengini özelleştirerek görsel olarak daha çekici ve fark edilebilir hale getirin."
"Tab Title","Sekme Başlığı"
"Set the title for the feedback tab, giving customers a clear call to action","Müşterilere net bir eylem çağrısı vererek geri bildirim sekmesinin başlığını ayarlayın"
"Tab Position","Sekme Konumu"
"Choose where the feedback tab is displayed on the screen, ensuring it's easily accessible","Kolayca erişilebilir olmasını sağlayarak geri bildirim sekmesinin ekranda nerede görüntüleneceğini seçin"
"Search Knowledge Base Topics first","Önce Bilgi Tabanı Konularında Ara"
"Allow the feedback tab to suggest knowledge base topics before showing the form, helping reduce support ticket volume by guiding customers to self-help resources.","Müşterileri öz-yardım kaynaklarına yönlendirerek destek ticket hacmini azaltmaya yardımcı olmak için geri bildirim sekmesinin formu göstermeden önce bilgi tabanı konularını önermesine izin verin."
"Form Fields","Form Alanları"
"Tailor the feedback submission forms to collect the right information from customers. This section lets you customize form fields and improve the accuracy of the information gathered from customers, enhancing the quality of support requests.","Müşterilerden doğru bilgileri toplamak için geri bildirim gönderme formlarını uyarlayın. Bu bölüm, form alanlarını özelleştirmenize ve müşterilerden toplanan bilgilerin doğruluğunu artırarak destek taleplerinin kalitesini geliştirmenize olanak tanır."
"Form Title","Form Başlığı"
"Set a title for the feedback form to provide context and guide customers on what to expect.","Bağlam sağlamak ve müşterilere ne bekleyeceklerini göstermek için geri bildirim formu için bir başlık ayarlayın."
"Subject Title","Konu Başlığı"
"Label the subject field to ensure customers provide a brief overview of their issue.","Müşterilerin sorunlarına kısa bir genel bakış sağlamasını sağlamak için konu alanını etiketleyin."
"Subject Placeholder","Konu Yer Tutucusu"
"Placeholder text displayed inside the subject input field that provides guidance on what kind of information the customer should enter.","Müşterinin ne tür bilgiler girmesi gerektiğine dair rehberlik sağlayan, konu giriş alanının içinde görüntülenen yer tutucu metin."
"Description Title","Açıklama Başlığı"
"Label the description field to prompt customers to provide more details about their inquiry.","Müşterileri sorguları hakkında daha fazla ayrıntı sağlamaya teşvik etmek için açıklama alanını etiketleyin."
"Description Placeholder","Açıklama Yer Tutucusu"
"Add helpful placeholder text to guide customers in providing relevant information.","Müşterilere ilgili bilgileri sağlama konusunda rehberlik etmek için yararlı yer tutucu metin ekleyin."
"Allow customer to attach files","Müşterinin dosya eklemesine izin ver"
"Enables the option for customers to upload files (e.g., screenshots or documents) with their feedback or support request providing additional context or supporting materials for their issue.","Müşterilerin geri bildirimleri veya destek talepleri ile dosya yüklemesini (ör. ekran görüntüleri veya belgeler) ve sorunları için ek bağlam veya destekleyici materyaller sağlamasını mümkün kılar."
"Allow customers to select Priority","Müşterilerin Öncelik seçmesine izin ver"
"Gives customers the ability to set the priority of their feedback or ticket that can help the support team to prioritize urgent requests over less critical ones.","Müşterilere geri bildirimlerinin veya ticket'larının önceliğini ayarlama yeteneği vererek, destek ekibinin acil istekleri daha az kritik olanlara göre önceliklendirmesine yardımcı olabilir."
"Allow customer to select Department","Müşterinin Departman seçmesine izin ver"
"Allows customers to choose the department their request should be sent to. This ensures that inquiries are routed to the correct team for faster handling.","Müşterilerin talebinin gönderileceği departmanı seçmesine olanak tanır. Bu, sorguların daha hızlı işlenmesi için doğru ekibe yönlendirilmesini sağlar."
"Improve customer experience by integrating helpdesk functionality into the customer’s account. This section helps you enable features like tracking ticket status, prioritizing requests, and allowing file attachments, making the support process more user-friendly.","Helpdesk işlevselliğini müşterinin hesabına entegre ederek müşteri deneyimini iyileştirin. Bu bölüm, destek sürecini daha kullanıcı dostu hale getirerek ticket durumunu takip etme, talepleri önceliklendirme ve dosya eklemelerine izin verme gibi özellikleri etkinleştirmenize yardımcı olur."
"Show the Help Desk section in the Customer Account","Müşteri Hesabında Yardım Masası bölümünü göster"
"Display a Help Desk section in the customer’s account, making it easy for customers to submit and track their support tickets directly from their account dashboard.","Müşterilerin destek ticket'larını doğrudan hesap kontrol panelinden göndermelerini ve takip etmelerini kolaylaştırarak müşterinin hesabında bir Yardım Masası bölümü görüntüleyin."
"Show Help Desk link in customer menu","Müşteri menüsünde Yardım Masası bağlantısını göster"
"Add a Help Desk link in the customer's dropdown menu for quick access to the support page, ensuring customers can easily find the help they need.","Müşterilerin ihtiyaç duydukları yardımı kolayca bulabilmesini sağlayarak, destek sayfasına hızlı erişim için müşterinin açılır menüsüne bir Yardım Masası bağlantısı ekleyin."
"Let customers the ability to set the priority of the ticket that can help the support team to prioritize urgent requests over less critical ones.","Müşterilere ticket'ın önceliğini ayarlama yeteneği vererek, destek ekibinin acil istekleri daha az kritik olanlara göre önceliklendirmesine yardımcı olabilir."
"Allow customer to select Order","Müşterinin Sipariş seçmesine izin ver"
"Allows customers to link their support tickets to particular orders they have placed, helping support staff to address issues more efficiently.","Müşterilerin destek ticket'larını verdikleri belirli siparişlere bağlamasına olanak tanır ve destek personelinin sorunları daha verimli bir şekilde ele almasına yardımcı olur."
"When enabled, customers can upload files with their ticket submissions, providing additional context or supporting materials for their issue.","Etkinleştirildiğinde, müşteriler ticket gönderimleri ile dosya yükleyebilir ve sorunları için ek bağlam veya destekleyici materyaller sağlayabilir."
"Customer Satisfaction Survey","Müşteri Memnuniyet Anketi"
"Gain valuable insights into customer satisfaction with your support. This section allows you to include surveys in your communications and view the results, helping you continually improve your service based on real feedback.","Desteğinizle müşteri memnuniyetine ilişkin değerli bilgiler edinin. Bu bölüm, gerçek geri bildirimlere dayalı olarak hizmetinizi sürekli iyileştirmenize yardımcı olarak iletişimlerinize anketler eklemenize ve sonuçları görüntülemenize olanak tanır."
"Include a satisfaction survey in the reply email from staff members","Personel üyelerinin yanıt e-postasına memnuniyet anketi ekle"
"Automatically include a satisfaction survey in staff reply emails to encourage feedback and measure customer satisfaction with the support they received.","Geri bildirimi teşvik etmek ve aldıkları destekten müşteri memnuniyetini ölçmek için personel yanıt e-postalarına otomatik olarak bir memnuniyet anketi ekleyin."
"Show survey results in the frontend ticket history","Ön uç ticket geçmişinde anket sonuçlarını göster"
"Allow customers to view their survey ratings in the ticket history within their account, giving them transparency on how they rated their interaction with support.","Müşterilerin destek ile etkileşimlerini nasıl değerlendirdikleri konusunda şeffaflık vererek hesaplarındaki ticket geçmişinde anket puanlarını görüntülemelerine izin verin."
"Show survey results in the backend ticket history","Arka uç ticket geçmişinde anket sonuçlarını göster"
"Provide support staff access to customer satisfaction ratings in the backend, allowing them to review and address feedback for service improvement.","Destek personeline arka uçta müşteri memnuniyeti derecelendirmelerine erişim sağlayarak hizmet iyileştirmesi için geri bildirimi incelemesine ve ele almasına olanak tanıyın."
"Send survey results to the ticket owner","Anket sonuçlarını ticket sahibine gönder"
"Notify the assigned staff member when a customer submits a satisfaction survey, giving them the opportunity to review their performance.","Bir müşteri memnuniyet anketi gönderdiğinde atanan personel üyesini bilgilendirin ve performanslarını gözden geçirme fırsatı verin."
"Send survey results to emails","Anket sonuçlarını e-postalara gönder"
"Automatically send customer satisfaction survey results to designated email addresses (e.g., managers) for analysis and performance tracking. You can enter multiple emails separated by a comma.","Analiz ve performans izleme için müşteri memnuniyeti anketi sonuçlarını otomatik olarak belirlenen e-posta adreslerine (ör. yöneticilere) gönderin. Virgülle ayrılmış birden fazla e-posta girebilirsiniz."
"Email Notification Settings","E-posta Bildirim Ayarları"
"Ensure efficient communication between your support team and customers by configuring how and when email notifications are sent. This section helps automate key touchpoints, keeping all parties informed about ticket statuses.","E-posta bildirimlerinin nasıl ve ne zaman gönderileceğini yapılandırarak destek ekibiniz ile müşterileriniz arasında verimli iletişimi sağlayın. Bu bölüm, tüm tarafları ticket durumları hakkında bilgilendirerek kilit temas noktalarını otomatikleştirmeye yardımcı olur."
"Show Ticket ID in the email title","E-posta başlığında Ticket ID'yi göster"
"Include the ticket ID in the subject line of helpdesk-related emails, making it easy for both customers and staff to reference specific tickets in ongoing conversations.","Hem müşterilerin hem de personelin devam eden görüşmelerde belirli ticket'lara başvurmasını kolaylaştırarak helpdesk ile ilgili e-postaların konu satırına ticket ID'sini ekleyin."
"Add customers Cc emails to the ticket","Müşterilerin Cc e-postalarını ticket'a ekle"
"When enabled will automatically add additional email recipients (Cc) to the ticket from the fetched email. If option is enabled spam Cc email are possible.","Etkinleştirildiğinde, alınan e-postadan ek e-posta alıcılarını (Cc) otomatik olarak ticket'a ekler. Seçenek etkinleştirilirse spam Cc e-postaları mümkündür."
"Number of last replies to be shown in the ticket history","Ticket geçmişinde gösterilecek son yanıt sayısı"
"Control how many recent replies are displayed in the ticket history within email notifications, providing context without overwhelming the recipient with too much information.","Alıcıyı çok fazla bilgiyle bunaltmadan bağlam sağlayarak, e-posta bildirimleri içindeki ticket geçmişinde kaç son yanıtın görüntüleneceğini kontrol edin."
"Email Notification Templates","E-posta Bildirim Şablonları"
"Streamline your email communication with customers and staff by setting notification templates. This section ensures that each email interaction is consistent and professional, keeping everyone aligned with support activities.","Bildirim şablonları ayarlayarak müşterilerle ve personelle e-posta iletişiminizi düzene koyun. Bu bölüm, her e-posta etkileşiminin tutarlı ve profesyonel olmasını sağlar ve herkesi destek faaliyetleriyle uyumlu tutar."
"Template of New Ticket Email for Customer","Müşteri için Yeni Ticket E-postası Şablonu"
"Set the email template that notifies customers when a new ticket is created, ensuring consistent branding and communication.","Tutarlı marka ve iletişim sağlayarak yeni bir ticket oluşturulduğunda müşterileri bilgilendiren e-posta şablonunu ayarlayın."
"Template of New Ticket Email for Staff","Personel için Yeni Ticket E-postası Şablonu"
"Set the template for the email notifying staff about new tickets, ensuring timely alerts and a professional look.","Zamanında uyarılar ve profesyonel bir görünüm sağlayarak yeni ticket'lar hakkında personeli bilgilendiren e-posta şablonunu ayarlayın."
"Template of Ticket Email Assigned to Staff","Personele Atanan Ticket E-postası Şablonu"
"Set the email template used when a ticket is assigned to a staff member, ensuring they are informed of their new task promptly.","Yeni görevlerinden derhal haberdar olmalarını sağlayarak bir ticket bir personel üyesine atandığında kullanılan e-posta şablonunu ayarlayın."
"Template of New Message Email for Customer","Müşteri için Yeni Mesaj E-postası Şablonu"
"Set the template for emails that update customers when a new message is posted to their ticket, ensuring they stay informed about progress.","İlerleme hakkında bilgi sahibi olmalarını sağlayarak ticket'larına yeni bir mesaj gönderildiğinde müşterileri güncelleyen e-postaların şablonunu ayarlayın."
"Template of New Message Email for Staff","Personel için Yeni Mesaj E-postası Şablonu"
"Set the template to alert staff when a customer responds, ensuring timely follow-ups.","Zamanında takipler sağlayarak bir müşteri yanıt verdiğinde personeli uyarmak için şablonu ayarlayın."
"Template of New Message Email for Third Party","Üçüncü Taraf için Yeni Mesaj E-postası Şablonu"
"Set the template for notifying third-party collaborators, ensuring external stakeholders stay updated on the ticket progress.","Dış paydaşların ticket ilerlemesi hakkında güncel kalmasını sağlayarak üçüncü taraf işbirlikçilerini bilgilendirmek için şablonu ayarlayın."
"Template of Ticket Reminder","Ticket Hatırlatıcısı Şablonu"
"Set the template for reminder emails, prompting customers to follow up on unresolved tickets.","Müşterileri çözülmemiş ticket'ları takip etmeye teşvik ederek hatırlatıcı e-postalar için şablonu ayarlayın."
"Template of Rule Notification","Kural Bildirimi Şablonu"
"Set a rule-specific template for automated emails sent via helpdesk workflow rules, ensuring consistency in communications.","İletişimlerde tutarlılık sağlayarak helpdesk iş akışı kuralları aracılığıyla gönderilen otomatik e-postalar için kurala özgü bir şablon ayarlayın."
"Template of Survey Satisfaction Result","Anket Memnuniyet Sonucu Şablonu"
"Set the template used to send staff survey feedback results, providing insights into customer satisfaction.","Müşteri memnuniyetine ilişkin bilgiler sağlayarak personele anket geri bildirim sonuçlarını göndermek için kullanılan şablonu ayarlayın."
"Desktop Notification Settings","Masaüstü Bildirim Ayarları"
"Keep your staff informed in real time with desktop notifications about new tickets and updates. This section enables instant awareness of new tasks, helping the support team act quickly and stay organized.","Yeni ticket'lar ve güncellemeler hakkında masaüstü bildirimleri ile personelinizi gerçek zamanlı olarak bilgilendirin. Bu bölüm, destek ekibinin hızlı hareket etmesine ve organize kalmasına yardımcı olarak yeni görevlerin anında farkında olmayı sağlar."
"Notifications check period, sec","Bildirim kontrol süresi, sn"
"On heavy-loaded systems, this can cause production loss - so in this case, you need to disable this feature, or increase the check period to 500-600 secs. Setting to 0 will disable them.","Yoğun yüklü sistemlerde, bu üretim kaybına neden olabilir - bu nedenle bu durumda, bu özelliği devre dışı bırakmanız veya kontrol süresini 500-600 saniyeye çıkarmanız gerekir. 0 olarak ayarlamak bunları devre dışı bırakır."
"Adjusting the frequency helps staff stay updated in real-time, ensuring timely follow-ups.","Sıklığı ayarlamak, zamanında takipler sağlayarak personelin gerçek zamanlı olarak güncel kalmasına yardımcı olur."
"Show notification about arrival of new tickets for","Yeni ticket'ların gelişi hakkında bildirim göster"
"Allows you to specify which users should receive notifications about the arrival of new tickets, ensuring the right team members are alerted promptly.","Doğru ekip üyelerinin derhal uyarılmasını sağlayarak hangi kullanıcıların yeni ticket'ların gelişi hakkında bildirim alacağını belirtmenize olanak tanır."
"Enable notification about arrival of new messages in tickets assigned for user","Kullanıcıya atanan ticket'larda yeni mesajların gelişi hakkında bildirimi etkinleştir"
"Notifies users about a new message is added to any ticket that they are assigned to, helping them stay informed on ticket updates.","Ticket güncellemeleri hakkında bilgili kalmalarına yardımcı olarak, kullanıcılara atandıkları herhangi bir ticket'a yeni bir mesajın eklendiğini bildirir."
"Enable notification about assigning a ticket to the user","Kullanıcıya bir ticket'ın atandığı hakkında bildirimi etkinleştir"
"Sends a notification to users when a ticket is assigned to them, ensuring they are aware of their new responsibilities.","Yeni sorumluluklarının farkında olmalarını sağlayarak kendilerine bir ticket atandığında kullanıcılara bildirim gönderir."
"Set clear expectations for customers by displaying your business hours. This section helps customers know when they can expect support availability, enhancing the overall customer experience and ensuring timely responses.","Çalışma saatlerinizi görüntüleyerek müşteriler için net beklentiler belirleyin. Bu bölüm, müşterilerin destek müsaitliğini ne zaman bekleyeceklerini bilmelerine yardımcı olur, genel müşteri deneyimini geliştirir ve zamanında yanıtlar sağlar."
"Working schedule title","Çalışma takvimi başlığı"
"Customize the title for the working hours section on the 'Contact Us' page, ensuring customers know when your team is available.","Müşterilerin ekibinizin ne zaman müsait olduğunu bilmesini sağlayarak 'Bize Ulaşın' sayfasındaki çalışma saatleri bölümünün başlığını özelleştirin."
"Upcoming working schedule title","Yaklaşan çalışma takvimi başlığı"
"Add a title for upcoming business hours, providing customers with clear information on future availability.","Müşterilere gelecekteki müsaitlik hakkında net bilgiler sağlayarak yaklaşan çalışma saatleri için bir başlık ekleyin."
"Default message when we are open","Açık olduğumuzda varsayılan mesaj"
"Can be overwritten for each schedule in Customers > Help Desk MX > Working Hours.  This allows you to provide customized messages for different time periods or scenarios, depending on the specific schedule of your support team.","Müşteriler > Help Desk MX > Çalışma Saatleri içindeki her takvim için üzerine yazılabilir. Bu, destek ekibinizin belirli takvimine bağlı olarak farklı zaman dilimleri veya senaryolar için özelleştirilmiş mesajlar sağlamanıza olanak tanır."
"Set a default message to display when the helpdesk is open, encouraging customers to reach out during business hours.","Müşterileri çalışma saatleri içinde iletişime geçmeye teşvik ederek, helpdesk açıkken görüntülenecek varsayılan bir mesaj ayarlayın."
"Default message when we are closed","Kapalı olduğumuzda varsayılan mesaj"
"Define the message displayed when the helpdesk is closed managing customer expectations during off-hours.","Mesai dışı saatlerde müşteri beklentilerini yöneterek helpdesk kapalıyken görüntülenecek mesajı tanımlayın."
"Show online/offline status on the Contact Us page","Bize Ulaşın sayfasında çevrimiçi/çevrimdışı durumunu göster"
"Display the status on the Contact Us page that can help manage customer expectations about when support is available.","Desteğin ne zaman müsait olduğu hakkında müşteri beklentilerini yönetmeye yardımcı olabilen Bize Ulaşın sayfasında durumu görüntüleyin."
"Show online/offline status in the Feedback popup","Geri Bildirim açılır penceresinde çevrimiçi/çevrimdışı durumunu göster"
"Display the status in the Feedback popup that can be useful for informing customers about availability before submitting a request or feedback.","Müşterileri bir talep veya geri bildirim göndermeden önce müsaitlik hakkında bilgilendirmek için yararlı olabilecek Geri Bildirim açılır penceresinde durumu görüntüleyin."
"Show online/offline status in the Customer Account > My Tickets","Müşteri Hesabı > Ticket'larım'da çevrimiçi/çevrimdışı durumunu göster"
"Display the status in the My Tickets section of the customer's account. This help customers know whether they can expect a prompt response to their support ticket.","Müşterinin hesabının Ticket'larım bölümünde durumu görüntüleyin. Bu, müşterilerin destek ticket'larına hızlı bir yanıt bekleyip bekleyemeyeceklerini bilmelerine yardımcı olur."
"Show working hours on the Contact Us page","Bize Ulaşın sayfasında çalışma saatlerini göster"
"Display the status on the Contact Us page to give customers a clear idea of when you are available for support","Müşterilere destek için ne zaman müsait olduğunuza dair net bir fikir vermek için Bize Ulaşın sayfasında durumu görüntüleyin"
"Show holiday schedule in X days before activation","Etkinleştirilmeden X gün önce tatil takvimini göster"
"Specifies how many days in advance your holiday schedule will be displayed to customers to ensure that customers are informed about upcoming holiday hours before they take effect","Müşterilerin yaklaşan tatil saatleri yürürlüğe girmeden önce bunlardan haberdar olmasını sağlamak için tatil takviminizin müşterilere kaç gün önceden gösterileceğini belirtir"
"Track the performance of your helpdesk with reporting on solved tickets. This section allows you to define which ticket statuses are considered solved, helping you monitor team efficiency and customer service success.","Çözülen ticket'lar hakkında raporlama ile helpdesk'inizin performansını takip edin. Bu bölüm, ekip verimliliğini ve müşteri hizmetleri başarısını izlemenize yardımcı olarak hangi ticket durumlarının çözülmüş olarak kabul edileceğini tanımlamanıza olanak tanır."
"Solved Statuses","Çözülen Durumlar"
"Developer Settings","Geliştirici Ayarları"
"Optimize the technical aspects of the helpdesk system with developer-specific options. This section helps in testing, debugging, and customizing the module to suit your website's infrastructure without disrupting live operations.","Geliştiriciye özel seçeneklerle helpdesk sisteminin teknik yönlerini optimize edin. Bu bölüm, canlı operasyonları aksatmadan modülü web sitenizin altyapısına uyacak şekilde test etmeye, hata ayıklamaya ve özelleştirmeye yardımcı olur."
"Activate Sandbox","Sandbox'ı Etkinleştir"
"Enable sandbox mode to test the helpdesk system without affecting live data. All emails will be redirected to the sandbox email, preventing disruptions to real customer interactions.","Canlı verileri etkilemeden helpdesk sistemini test etmek için sandbox modunu etkinleştirin. Tüm e-postalar sandbox e-postasına yönlendirilecek ve gerçek müşteri etkileşimlerinde aksaklıklar önlenecektir."
"Send All Outgoing emails to Email","Tüm Giden e-postaları E-postaya Gönder"
"Set an email address to receive all outgoing emails in sandbox mode, ensuring a controlled environment for testing email templates and notifications.","E-posta şablonları ve bildirimleri test etmek için kontrollü bir ortam sağlayarak, sandbox modunda tüm giden e-postaları almak için bir e-posta adresi ayarlayın."
"Force store's theme to apply styles","Mağazanın temasını stilleri uygulamaya zorla"
"If theme overrides Magento way of including style this option will add Help Desk styles to page","Tema, stil eklemenin Magento yöntemini geçersiz kılarsa bu seçenek sayfaya Yardım Masası stilleri ekleyecektir"
"Log ticket deletion","Ticket silme işlemini logla"
"Keep a log of deleted tickets to track deletions and maintain a record for audit or recovery purposes, stored in the /var/log/mirasvit/helpdesk.log file.","Silmeleri izlemek ve denetim veya kurtarma amaçları için bir kayıt tutmak amacıyla silinen ticket'ların bir günlüğünü tutun, /var/log/mirasvit/helpdesk.log dosyasında saklanır."
"Help Text","Yardım Metni"
"Add customizable help text that appears under the title on the 'Contact Us' page and Feedback tab, providing customers with clear guidance on how to submit a support request.","Müşterilere destek talebinin nasıl gönderileceği konusunda net rehberlik sağlayarak 'Bize Ulaşın' sayfasında ve Geri Bildirim sekmesinde başlığın altında görünen özelleştirilebilir yardım metni ekleyin."
"Show customer the local time in backend","Arka uçta müşteriye yerel saati göster"
"Display the customer’s local time in the backend to help support staff understand when the customer submitted the ticket, providing context for time-sensitive issues.","Zaman duyarlı sorunlar için bağlam sağlayarak destek personelinin müşterinin ticket'ı ne zaman gönderdiğini anlamasına yardımcı olmak için arka uçta müşterinin yerel saatini görüntüleyin."
"Enable Google reCaptcha","Google reCaptcha'yı Etkinleştir"
"Activate Google reCaptcha on Helpdesk pages to prevent spam and bots from submitting fraudulent tickets. Configuration for reCaptcha settings is available in Configuration > Security > Google reCaptcha.","Spam ve botların hileli ticket'lar göndermesini önlemek için Helpdesk sayfalarında Google reCaptcha'yı etkinleştirin. reCaptcha ayarları için yapılandırma, Yapılandırma > Güvenlik > Google reCaptcha içinde mevcuttur."
"Helpdesk Contact Form","Helpdesk İletişim Formu"
"Helpdesk Satisfaction Block","Helpdesk Memnuniyet Bloğu"
"Satisfaction List Url","Memnuniyet Listesi URL'si"
"Helpdesk Satisfaction List","Helpdesk Memnuniyet Listesi"
"All Store Views","Tüm Mağaza Görünümleri"
"Purchased From","Şuradan Satın Alındı"
"Replies #","Yanıtlar #"
"Created","Oluşturuldu"
"Modified","Değiştirildi"
"Title","Başlık"
"Active","Aktif"
"Is Shown on Frontend","Ön Uçta Gösteriliyor"
"Sort Order","Sıralama Düzeni"
"Sender Email","Gönderen E-posta"
"Members of Department","Departman Üyeleri"
"Notification","Bildirim"
"If ticket is unassigned, send notifications to all department members","Ticket atanmamışsa, tüm departman üyelerine bildirim gönder"
"If ticket is unassigned, send notifications to email","Ticket atanmamışsa, e-postaya bildirim gönder"
"Code","Kod"
"Internal field. Can contain only letters, digits and underscore.","Dahili alan. Yalnızca harf, rakam ve alt çizgi içerebilir."
"Type","Tür"
"Description","Açıklama"
"Options list","Seçenek listesi"
"Only for drop-down list. Enter each value from the new line using format:<br>value1 | label1<br>value2 | label2","Yalnızca açılır liste için. Her değeri yeni satırdan şu formatı kullanarak girin:<br>value1 | label1<br>value2 | label2"
"Show value in customer account","Değeri müşteri hesabında göster"
"Show in create ticket form","Ticket oluşturma formunda göster"
"Show in contact us form","Bize ulaşın formunda göster"
"Required for customers","Müşteriler için gerekli"
"Required for staff","Personel için gerekli"
"Authorization Type","Yetkilendirme Türü"
"OAuth2 Client ID","OAuth2 Client ID"
"OAuth2 Client Secret","OAuth2 Client Secret"
"OAuth2 Redirect URI","OAuth2 Redirect URI"
"Use this URL when configuring OAuth2 credentials in Google Cloud Console","Google Cloud Console'da OAuth2 kimlik bilgilerini yapılandırırken bu URL'yi kullanın"
"Gmail Connection","Gmail Bağlantısı"
"Connection Status","Bağlantı Durumu"
"Login","Oturum Aç"
"Password","Parola"
"Host","Sunucu"
"Protocol","Protokol"
"Encryption","Şifreleme"
"Port","Port"
"Fetch Frequency (minutes)","Alma Sıklığı (dakika)"
"Fetch Max","Maksimum Alma"
"Fetch Only X Last Emails","Yalnızca Son X E-postayı Al"
"Can be useful for some mailboxes. Leave empty to disable this feature.","Bazı posta kutuları için yararlı olabilir. Bu özelliği devre dışı bırakmak için boş bırakın."
"Remove emails after fetching","Aldıktan sonra e-postaları kaldır"
"Auto-assign tickets to Store View","Ticket'ları Mağaza Görünümüne otomatik ata"
"Auto-assign tickets to department","Ticket'ları departmana otomatik ata"
"Notes","Notlar"
"Create New Department","Yeni Departman Oluştur"
"Change status","Durumu değiştir"
"Inactive","Pasif"
"Delete items","Öğeleri sil"
"Are you sure you want to delete selected items?","Seçili öğeleri silmek istediğinizden emin misiniz?"
"Is Active","Aktif"
"Create New Field","Yeni Alan Oluştur"
"Create New Gateway","Yeni Ağ Geçidi Oluştur"
"Last Fetched At","Son Alındı"
"Last Fetch Result","Son Alma Sonucu"
"Create New Pattern","Yeni Kalıp Oluştur"
"Create New Permission","Yeni İzin Oluştur"
"Role","Rol"
"Has Access to Tickets of Departments","Departman Ticket'larına Erişim Var"
"Can Remove Tickets","Ticket Kaldırabilir"
"Create New Priority","Yeni Öncelik Oluştur"
"Color","Renk"
"Create New Rule","Yeni Kural Oluştur"
"Stop Processing","İşlemeyi Durdur"
"Remote Ip","Uzak IP"
"View Ticket","Ticket'ı Görüntüle"
"Create New Schedule","Yeni Takvim Oluştur"
"Holiday","Tatil"
"Active From","Şu Tarihten İtibaren Aktif"
"Active To","Şu Tarihe Kadar Aktif"
"Create New Status","Yeni Durum Oluştur"
"Create New Template","Yeni Şablon Oluştur"
"Select...","Seçin..."
"Mark as Spam","Spam Olarak İşaretle"
"Mark as Archive","Arşiv Olarak İşaretle"
"Merge tickets","Ticket'ları birleştir"
"Mark as Inbox","Gelen Kutusu Olarak İşaretle"
"Change Assignee","Atanan Kişiyi Değiştir"
"Requester","Talep Eden"
"Requester Email","Talep Eden E-postası"
"Scope","Kapsam"
"If one of these characters uses as part of the string it should be escaped with \(backslash ): . \ + * ? [ ^ ] $ ( ) { } = ! < > | : - #. The pattern should be enclosed by delimiters.","Bu karakterlerden biri dizenin bir parçası olarak kullanılıyorsa, \(ters eğik çizgi) ile kaçış yapılmalıdır: . \ + * ? [ ^ ] $ ( ) { } = ! < > | : - #. Kalıp ayırıcılarla çevrelenmelidir."
"Allows access to tickets of departments","Departman ticket'larına erişime izin verir"
"Can Delete Tickets","Ticket Silebilir"
"Rule Name","Kural Adı"
"Arranged in the ascending order. 0 is the highest.","Artan sırada düzenlenmiştir. 0 en yüksektir."
"Stop Further Rules Processing","Daha Fazla Kural İşlemeyi Durdur"
"Conditions","Koşullar"
"Event","Olay"
"Actions","Eylemler"
"Set Status","Durumu Ayarla"
"Set Priority","Önceliği Ayarla"
"Set Department","Departmanı Ayarla"
"Set Owner","Sahibi Ayarla"
"Add Tags","Etiket Ekle"
"Remove Tags","Etiketleri Kaldır"
"Notifications","Bildirimler"
"Send email to ticket owner","Ticket sahibine e-posta gönder"
"Send email to all department users","Tüm departman kullanıcılarına e-posta gönder"
"Send email to customer","Müşteriye e-posta gönder"
"Send email to other email addresses","Diğer e-posta adreslerine e-posta gönder"
"Email subject","E-posta konusu"
"Email Body","E-posta Gövdesi"
"Attach files previously attached to the last message","Önceden son mesaja eklenmiş dosyaları ekle"
"Stores","Mağazalar"
"Is Holiday","Tatil mi"
"Timezone","Saat Dilimi"
"Open message","Açık mesaj"
"Closed message","Kapalı mesaj"
"Internal Title","Dahili Başlık"
"Template","Şablon"
"Request ID","İstek Kimliği"
"Admin or integration authorization is required.","Yönetici veya entegrasyon yetkilendirmesi gereklidir."
"Internal notes require an admin identity and cannot be added with an integration token.","Dahili notlar bir yönetici kimliği gerektirir ve entegrasyon belirteci ile eklenemez."
"OAuth2 (Microsoft 365 / Exchange Online)","OAuth2 (Microsoft 365 / Exchange Online)"
"Microsoft Directory (tenant) ID","Microsoft Dizin (tenant) kimliği"
"Azure AD Directory (tenant) ID, from the Azure App registration Overview page. Leave empty to use ""common"".","Azure uygulama kaydının Overview sayfasındaki Azure AD Dizin (tenant) kimliği. ""common"" kullanmak için boş bırakın."
"Register this URL as the redirect URI in your OAuth2 app (Google Cloud Console for Gmail, or the Azure App Registration for Microsoft 365 / Exchange Online).","Bu URL'yi OAuth2 uygulamanızda redirect URI olarak kaydedin (Gmail için Google Cloud Console veya Microsoft 365 / Exchange Online için Azure App Registration)."
"Mailbox Connection","Posta kutusu bağlantısı"
"Connect Mailbox","Posta kutusunu bağla"
"Click this button to authorize mailbox access via OAuth2","Posta kutusu erişimini OAuth2 ile yetkilendirmek için bu düğmeye tıklayın"
"Successfully connected the mailbox!","Posta kutusu başarıyla bağlandı!"
"Gateway was successfully saved. Please click ""Connect"" to authorize the mailbox.","Ağ geçidi başarıyla kaydedildi. Posta kutusunu yetkilendirmek için lütfen ""Connect"" düğmesine tıklayın."
"Please save the gateway first before connecting the mailbox.","Posta kutusunu bağlamadan önce lütfen ağ geçidini kaydedin."
"How to obtain Gmail OAuth2 credentials","Gmail OAuth2 kimlik bilgileri nasıl alınır"
"Open the Google Cloud Console and create (or pick) a project.","Google Cloud Console'u açın ve bir proje oluşturun (veya seçin)."
"Go to APIs & Services then Credentials, click Create Credentials and choose OAuth client ID (application type: Web application).","APIs & Services ardından Credentials bölümüne gidin, Create Credentials'a tıklayın ve OAuth client ID'yi seçin (uygulama türü: Web application)."
"Open Google Cloud Console Credentials","Google Cloud Console Credentials'ı aç"
"Add the OAuth2 Redirect URI shown below to the Authorized redirect URIs list.","Aşağıda gösterilen OAuth2 Redirect URI'yi Authorized redirect URIs listesine ekleyin."
"On the OAuth consent screen add the gmail.modify and userinfo.email scopes, then copy the generated Client ID and Client Secret into the fields below.","OAuth consent screen'de gmail.modify ve userinfo.email kapsamlarını ekleyin, ardından oluşturulan Client ID ve Client Secret'ı aşağıdaki alanlara kopyalayın."
"Open OAuth consent screen","OAuth consent screen'i aç"
"How to obtain Microsoft 365 / Exchange Online OAuth2 credentials","Microsoft 365 / Exchange Online OAuth2 kimlik bilgileri nasıl alınır"
"Open the Azure portal and go to App registrations, then register a new application (supported account types as your tenant requires).","Azure portalını açın ve App registrations'a gidin, ardından yeni bir uygulama kaydedin (tenant'ınızın gerektirdiği desteklenen hesap türleri)."
"Open Azure App registrations","Azure App registrations'ı aç"
"Copy the Application (client) ID and the Directory (tenant) ID from the app Overview page into the fields below (leave tenant empty to use common).","Application (client) ID ve Directory (tenant) ID değerlerini uygulamanın Overview sayfasından aşağıdaki alanlara kopyalayın (common kullanmak için tenant'ı boş bırakın)."
"Under Certificates & secrets create a new client secret and copy its Value into the OAuth2 Client Secret field below.","Certificates & secrets bölümünde yeni bir client secret oluşturun ve Value değerini aşağıdaki OAuth2 Client Secret alanına kopyalayın."
"Under Authentication add a Web platform and register the OAuth2 Redirect URI shown below exactly as displayed.","Authentication bölümünde bir Web platformu ekleyin ve aşağıda gösterilen OAuth2 Redirect URI'yi tam olarak göründüğü gibi kaydedin."
"Under API permissions add the delegated Office 365 Exchange Online IMAP.AccessAsUser.All and offline_access permissions, then grant admin consent.","API permissions bölümünde devredilmiş Office 365 Exchange Online IMAP.AccessAsUser.All ve offline_access izinlerini ekleyin, ardından yönetici onayını verin."
"For Gmail: the OAuth client ID from Google Cloud Console (APIs & Services then Credentials). For Microsoft 365: the Application (client) ID from the Azure App registration Overview page. See the steps above.","Gmail için: Google Cloud Console'dan OAuth client ID (APIs & Services ardından Credentials). Microsoft 365 için: Azure uygulama kaydının Overview sayfasından Application (client) ID. Yukarıdaki adımlara bakın."
"For Gmail: the client secret created alongside the OAuth client ID in Google Cloud Console. For Microsoft 365: the client secret Value from Certificates & secrets in the Azure App registration. See the steps above.","Gmail için: Google Cloud Console'da OAuth client ID ile birlikte oluşturulan client secret. Microsoft 365 için: Azure uygulama kaydındaki Certificates & secrets bölümünden client secret Value. Yukarıdaki adımlara bakın."
