"Help Desk Tickets (%1)","服务台工单 (%1)"
"Departments","部门"
"Add New Department","添加新部门"
"Custom Fields","自定义字段"
"Add New Field","添加新字段"
"Gateways","网关"
"Add New Gateway","添加新网关"
"Tickets","工单"
"Priorities","优先级"
"Statuses","状态"
"Quick Responses","快速回复"
"SPAM patterns","垃圾邮件规则"
"Permissions","权限"
"Workflow Rules","工作流规则"
"Satisfaction Survey Results","满意度调查结果"
"Working Hours","工作时间"
"Reports","报表"
"Refresh Statistics","刷新统计数据"
"Settings","设置"
"Spam Filter Patterns","垃圾邮件过滤规则"
"Add New Pattern","添加新规则"
"Add New Permission","添加新权限"
"Add New Priority","添加新优先级"
"Add New Rule","添加新规则"
"Apply the rule only if the following conditions are met:","仅在满足以下条件时应用该规则："
"Help Desk Tickets","服务台工单"
"Create a ticket for this order","为此订单创建工单"
"Satisfaction Survey","满意度调查"
"Schedule","时间表"
"Add New Schedule","添加新时间表"
"General Information","常规信息"
"Working days/hours","工作日/时间"
"Spam Folder","垃圾邮件文件夹"
"Add New Status","添加新状态"
"Add New Template","添加新模板"
"Create New Ticket","创建新工单"
"Previous Ticket","上一个工单"
"Next Ticket","下一个工单"
"Convert to RMA","转换为 RMA"
"Save","保存"
"Save & Edit","保存并编辑"
"To Archive","移至归档"
"To Spam","移至垃圾邮件"
"Delete","删除"
"Are you sure you want to do this?","确定要执行此操作吗？"
"To Inbox","移至收件箱"
"Additional Information","附加信息"
"Subject","主题"
"Store View","商店视图"
"Channel","渠道"
"open page","打开页面"
"External Link","外部链接"
"Tags","标签"
"comma-separated list","以逗号分隔的列表"
"Customer Note","客户备注"
"This field is shared for all of this customer's tickets.","此字段在该客户的所有工单中共享。"
"Follow Up","跟进"
"Period","周期"
"Period Value","周期值"
"Execute At","执行时间"
"Send Reminder","发送提醒"
"Set Status To","将状态设置为"
"Set Priority To","将优先级设置为"
"Set Owner To","将负责人设置为"
"Unassigned","未分配"
"Loading...","加载中..."
"%1, %2","%1, %2"
"Select a store","选择商店"
"Store","商店"
"General","常规"
"Additional","附加"
"Other Tickets (%1)","其他工单 (%1)"
"ID","ID"
"Customer Name","客户姓名"
"Last Replier","最后回复人"
"Owner","负责人"
"Department","部门"
"Status","状态"
"Priority","优先级"
"Replies","回复数"
"Created At","创建时间"
"Updated At","更新时间"
"Last Reply At","最后回复时间"
"Last Activity","最后活动"
"Action","操作"
"View","查看"
"Change Status","更改状态"
"Change Owner","更改负责人"
"Merge","合并"
"Are you sure you want to proceed? This action is not reversible.","确定要继续吗？此操作不可逆。"
"Archive","归档"
"Are you sure?","您确定吗？"
"Mark as spam","标记为垃圾邮件"
"Add Ticket","添加工单"
"Help Desk","服务台"
"Help Desk Settings","服务台设置"
"Signature for Emails","邮件签名"
"Thank you","谢谢"
"Processing Rate","处理评分"
"Create Ticket","创建工单"
"[%1] %2","[%1] %2"
"You are not allowed to add the message to the current ticket as it is locked. To contact support team you should create a new ticket.","当前工单已锁定，您无法添加消息。如需联系支持团队，请创建新工单。"
"--/--/--","--/--/--"
"unlocked","已解锁"
"locked","已锁定"
"New Department","新建部门"
"Department  Manager","部门管理"
"Department Manager","部门管理"
"Add Department","添加部门"
"Add Department","添加部门"
"Department was successfully deleted","部门删除成功"
"Edit Department '%1'","编辑部门 '%1'"
"Edit Department","编辑部门"
"The Department does not exist.","该部门不存在。"
"Department was successfully saved","部门保存成功"
"Unable to find Department to save","无法找到要保存的部门"
"Wrong request.","错误的请求。"
"This ticket does not exist anymore.","此工单已不存在。"
"New Field","新建字段"
"Field  Manager","字段管理"
"Field Manager","字段管理"
"Add Field","添加字段"
"Add Field","添加字段"
"Field was successfully deleted","字段删除成功"
"Edit Field '%1'","编辑字段 '%1'"
"Edit Field","编辑字段"
"The Field does not exist.","该字段不存在。"
"Field with the same code already exists","已存在具有相同代码的字段"
"Field was successfully saved","字段保存成功"
"Unable to find Field to save","无法找到要保存的字段"
"Please, ask your hosting provider to enable the IMAP extension in PHP configuration of your server. Otherwise, helpdesk will not be able to fetch emails.","请联系您的主机提供商在服务器的 PHP 配置中启用 IMAP 扩展，否则服务台将无法获取邮件。"
"New Gateway","新建网关"
"Gateway  Manager","网关管理"
"Gateway Manager","网关管理"
"Add Gateway","添加网关"
"Add Gateway","添加网关"
"done","完成"
"Gateway was successfully deleted","网关删除成功"
"Edit Gateway '%1'","编辑网关 '%1'"
"Edit Gateway","编辑网关"
"The Gateway does not exist.","该网关不存在。"
"OAuth2 authorization failed: %1","OAuth2 授权失败：%1"
"Invalid OAuth2 callback parameters.","OAuth2 回调参数无效。"
"Invalid state parameter.","状态参数无效。"
"CSRF token validation failed.","CSRF 令牌验证失败。"
"Gateway not found.","未找到网关。"
"Connected","已连接"
"Connected to %1","已连接到 %1"
"No email connected","未连接任何邮箱"
"Successfully connected to Gmail!","已成功连接到 Gmail！"
"Failed to obtain access token.","获取访问令牌失败。"
"OAuth2 token exchange failed: %1","OAuth2 令牌交换失败：%1"
"Gateway ID is required.","网关 ID 必填。"
"Please configure OAuth2 Client ID and Secret first.","请先配置 OAuth2 客户端 ID 和密钥。"
"Gateway was successfully saved. Please click ""Connect to Gmail"" to authorize.","网关保存成功。请点击 ""连接到 Gmail"" 进行授权。"
"Gateway was successfully saved. Connection has been established.","网关保存成功。连接已建立。"
"Unable to find Gateway to save","无法找到要保存的网关"
"A total of %1 record(s) have been updated.","共更新 %1 条记录。"
"A total of %1 record(s) have been deleted.","共删除 %1 条记录。"
"New Pattern","新建规则"
"Pattern  Manager","规则管理"
"Pattern Manager","规则管理"
"Add Pattern","添加规则"
"Add Pattern","添加规则"
"Pattern was successfully deleted","规则删除成功"
"Edit Pattern '%1'","编辑规则 '%1'"
"Edit Pattern","编辑规则"
"The Pattern does not exist.","该规则不存在。"
"Pattern was successfully saved","规则保存成功"
"You have written an incorrect pattern","您填写的规则不正确"
"Unable to find Pattern to save","无法找到要保存的规则"
"New Permission","新建权限"
"Permission  Manager","权限管理"
"Permission Manager","权限管理"
"Add Permission","添加权限"
"Add Permission","添加权限"
"Permission was successfully deleted","权限删除成功"
"Edit Permission","编辑权限"
"Edit Permission","编辑权限"
"Permission does not exist.","权限不存在。"
"Permission was successfully saved","权限保存成功"
"Unable to find Permission to save","无法找到要保存的权限"
"New Priority","新建优先级"
"Priority  Manager","优先级管理"
"Priority Manager","优先级管理"
"Add Priority","添加优先级"
"Add Priority","添加优先级"
"Priority was successfully deleted","优先级删除成功"
"Edit Priority '%1'","编辑优先级 '%1'"
"Edit Priority","编辑优先级"
"The Priority does not exist.","该优先级不存在。"
"Priority was successfully saved","优先级保存成功"
"Unable to find Priority to save","无法找到要保存的优先级"
"Statistics was successfully updated","统计数据更新成功"
"Helpdesk","服务台"
"New Rule","新建规则"
"Rule  Manager","规则管理"
"Rule Manager","规则管理"
"Add Rule","添加规则"
"Add Rule","添加规则"
"Rule was successfully deleted","规则删除成功"
"Edit Rule '%1'","编辑规则 '%1'"
"Edit Rule","编辑规则"
"The Rule does not exist.","该规则不存在。"
"Rule was successfully saved","规则保存成功"
"Unable to find Rule to save","无法找到要保存的规则"
"New Satisfaction","新建满意度"
"Satisfaction  Manager","满意度管理"
"Satisfaction Manager","满意度管理"
"Add Satisfaction","添加满意度"
"Add Satisfaction","添加满意度"
"Satisfaction was successfully deleted","满意度删除成功"
"Edit Satisfaction '%1'","编辑满意度 '%1'"
"Edit Satisfaction","编辑满意度"
"The Satisfaction does not exist.","该满意度不存在。"
"Satisfaction was successfully saved","满意度保存成功"
"Unable to find Satisfaction to save","无法找到要保存的满意度"
"New Schedule","新建时间表"
"Schedule Manager","时间表管理"
"Add Schedule","添加时间表"
"Add Schedule","添加时间表"
"You can not delete this schedule, because there are gateways using it.
                         Please, change gateways settings","无法删除此时间表，因为有网关正在使用它。
                         请先更改网关设置"
"Schedule was successfully deleted","时间表删除成功"
"Edit Schedule '%1'","编辑时间表 '%1'"
"Edit Schedule","编辑时间表"
"The Schedule does not exist.","该时间表不存在。"
"Schedules","时间表"
"Working days/hours is a required field.","工作日/时间为必填字段。"
"Schedule was successfully saved","时间表保存成功"
"Unable to find a Schedule to save","无法找到要保存的时间表"
"Ticket was successfully moved to the Tickets folder","工单已成功移至工单文件夹"
"Edit Spam '%1'","编辑垃圾邮件 '%1'"
"Edit Spam","编辑垃圾邮件"
"The spam does not exist.","该垃圾邮件不存在。"
"Please select spam(s)","请选择垃圾邮件"
"Total of %1 record(s) were successfully moved to the Tickets folder","共 %1 条记录已成功移至工单文件夹"
"Total of %1 record(s) were successfully deleted","共 %1 条记录删除成功"
"New Status","新建状态"
"Status  Manager","状态管理"
"Status Manager","状态管理"
"Add Status","添加状态"
"Add Status","添加状态"
"Status was successfully deleted","状态删除成功"
"Edit Status '%1'","编辑状态 '%1'"
"Edit Status","编辑状态"
"The Status does not exist.","该状态不存在。"
"Status was successfully saved","状态保存成功"
"Unable to find a Status to save","无法找到要保存的状态"
"New Template","新建模板"
"Template  Manager","模板管理"
"Template Manager","模板管理"
"Add Template","添加模板"
"Add Template","添加模板"
"Template was successfully deleted","模板删除成功"
"Edit Template '%1'","编辑模板 '%1'"
"Edit Template","编辑模板"
"The Template does not exist.","该模板不存在。"
"Template was successfully saved","模板保存成功"
"Unable to find a Template to save","无法找到要保存的模板"
"New Ticket","新建工单"
"Ticket Manager","工单管理"
"Add Ticket","添加工单"
"Ticket was moved to Archive","工单已移至归档"
"The file does not exist or has been deleted.","该文件不存在或已被删除。"
"Ticket was successfully deleted","工单删除成功"
"Edit Ticket","编辑工单"
"The ticket does not exist.","该工单不存在。"
"Total of %1 record(s) were moved to Archive.","共 %1 条记录已移至归档。"
"Please select ticket(s)","请选择工单"
"Total of %1 record(s) were moved to the Spam folder","共 %1 条记录已移至垃圾邮件文件夹"
"Total of %1 record(s) were successfully updated","共 %1 条记录更新成功"
"Total of %1 record(s) Assignee was changed.","共 %1 条记录的指派人已更改。"
"You don't have permission for this operation.","您没有执行此操作的权限。"
"Total of %1 record(s) were moved to the Inbox folder.","共 %1 条记录已移至收件箱文件夹。"
"Please select 2 or more tickets","请至少选择 2 个工单"
"Total of %1 record(s) were successfully merged","共 %1 条记录合并成功"
"Total of %1 record(s) were moved to the Spam folder.","共 %1 条记录已移至垃圾邮件文件夹。"
"Ticket was moved to the Inbox","工单已移至收件箱"
"Message was successfully sent","消息发送成功"
"Ticket was successfully updated","工单更新成功"
"Field ""Cc"" is limited by %1 emails","""抄送"" 字段最多限制为 %1 个邮箱"
"Something went wrong while saving the ticket.","保存工单时出错。"
"Unable to find ticket to save","无法找到要保存的工单"
"Incorrect email format.","邮箱格式不正确。"
"Incorrect CC format.","抄送格式不正确。"
"Incorrect BCC format.","密送格式不正确。"
"Ticket was moved to the Spam folder","工单已移至垃圾邮件文件夹"
"Your request was successfully submitted. You should receive a confirmation email shortly.","您的请求已成功提交。您将很快收到一封确认邮件。"
"Unable to submit your request. Please, try again later","无法提交您的请求。请稍后重试"
"Field ""Name"" is required","""姓名"" 字段为必填项"
"Field ""Comment"" is required","""备注"" 字段为必填项"
"Something went wrong","出错了"
"Telephone","电话"
"Your inquiry was submitted and will be responded to as soon as possible. Thank you for contacting us.","您的咨询已提交，我们将尽快回复。感谢您与我们联系。"
"Sorry, for technical reasons you can't submit your query from this browser. Please try using a different browser or computer.","抱歉，由于技术原因，您无法通过此浏览器提交查询。请尝试使用其他浏览器或计算机。"
"Page not found.","未找到页面。"
"Your message was successfully posted","您的消息已成功发布"
"Your ticket was successfully posted","您的工单已成功发布"
"Ticket was successfully closed","工单已成功关闭"
"wrong URL","错误的 URL"
"Can't upload file %1 . Max allowed upload size is %2 MB.","无法上传文件 %1。允许的最大上传大小为 %2 MB。"
"Allows only this file types: %1","仅允许以下文件类型：%1"
"%1:%2 (%3) is open.","%1:%2 (%3) 已开放。"
"%1:%2 is closed.","%1:%2 已关闭。"
"%1 Help Desk","%1 服务台"
"You have %1 unread notifications.","您有 %1 条未读通知。"
"Ticket ""%1"" was created.","工单 ""%1"" 已创建。"
"New message was added to the ticket ""%1""","工单 ""%1"" 中有新消息"
"Ticket ""%1"" was assigned to you.","工单 ""%1"" 已分配给您。"
"%1 is editing now","%1 正在编辑"
"%1 has opened this ticket %2","%1 已于 %2 打开此工单"
"%1 have opened this ticket %2","%1 已于 %2 打开此工单"
"please type your reply above this line","请在此行上方输入您的回复"
"Can't fetch.
                Please, ask your hosting provider to enable the IMAP extension in PHP configuration of your server.","无法获取。
                请联系您的主机提供商在服务器的 PHP 配置中启用 IMAP 扩展。"
"Yes","是"
"No","否"
"Unable to define email sender","无法识别邮件发送者"
"Rule '%1'","规则 '%1'"
"Follow Up actions","跟进操作"
"%1: %2 => %3","%1: %2 => %3"
"%1: %2","%1: %2"
"Ticket was merged to: %1","工单已合并至：%1"
"Ticket was merged with: %1","工单已与以下工单合并：%1"
"Message added","已添加消息"
"Internal note added","已添加内部备注"
"Third party message added","已添加第三方消息"
"Private third party message added","已添加私密第三方消息"
"Folder","文件夹"
"Order","订单"
"User","用户"
"Customer","客户"
"Customer Email","客户邮箱"
"Cc","抄送"
"Bcc","密送"
"-- Please Select --","-- 请选择 --"
"Inbox","收件箱"
"Spam","垃圾邮件"
"Email","邮箱"
"Backend","后端"
"Contact Tab","联系标签"
"Contact Form","联系表单"
"Customer Account","客户账户"
"Public Reply","公开回复"
"Internal Note","内部备注"
"Message to Third Party","发送给第三方的消息"
"Internal Note to Third Party","发送给第三方的内部备注"
"at %1 (%2) - %3","于 %1 (%2) - %3"
"You don't have permissions to read this ticket. Please, contact your administrator.","您没有读取此工单的权限。请联系您的管理员。"
"Field ""Name"" is incorrect.","""姓名"" 字段不正确。"
"Email field should not be empty","邮箱字段不能为空"
"Submitted from the page:","从以下页面提交："
"Invalid Customer Email","客户邮箱无效"
"Ticket was merged to %1","工单已合并至 %1"
"Pattern","规则"
"Attribute Value","属性值"
"Default","默认"
"Integer","整数"
"Price","价格"
"Strip Tags","去除标签"
"Ticket Attributes","工单属性"
"Wrong URL","错误的 URL"
"Unknown time","未知时间"
"ago","前"
"from now","之后"
"1 sec ago","1 秒前"
"Links:","链接："
"Open Ticket","打开工单"
"Open Tickets","打开的工单"
"! Blocked file -","！已屏蔽的文件 -"
"File System","文件系统"
"Database","数据库"
"IMAP","IMAP"
"OAuth2 (Gmail)","OAuth2 (Gmail)"
"Aqua","水绿色"
"Grey","灰色"
"Navy","深蓝色"
"Silver","银色"
"Black","黑色"
"Green","绿色"
"Olive","橄榄色"
"Teal","蓝绿色"
"Blue","蓝色"
"Lime","酸橙色"
"Purple","紫色"
"Fuchsia","紫红色"
"Maroon","栗色"
"Red","红色"
"Orange","橙色"
"Yellow","黄色"
"NONE","无"
"SSL","SSL"
"Text","文本"
"Multi-line text","多行文本"
"Date","日期"
"Checkbox","复选框"
"Drop-down list","下拉列表"
"In minutes...","按分钟..."
"In hours...","按小时..."
"In days...","按天..."
"In weeks...","按周..."
"In months...","按月..."
"Custom","自定义"
"Move to Archive","移至归档"
"Move from Archive","从归档移出"
"All users","所有用户"
"Left","左侧"
"Right","右侧"
"POP","POP"
"Great!","很棒！"
"OK","一般"
"Bad","差"
"--Please Select--","--请选择--"
"New ticket created","创建了新工单"
"New reply from customer","客户的新回复"
"New reply from staff","员工的新回复"
"New reply from third party","第三方的新回复"
"Ticket assigned to staff","工单已分配给员工"
"Ticket was changed","工单已更改"
"Ticket was converted to RMA","工单已转换为 RMA"
"Check every hour","每小时检查一次"
"Headers","标头"
"Body","正文"
"Using Department Name (e.g. Sales)","使用部门名称（例如：销售部）"
"Using Staff Name (e.g. John Doe)","使用员工姓名（例如：张三）"
"Using Custom Template","使用自定义模板"
"Last Reply","最后回复"
"View link","查看链接"
"%1 attachments were deleted","%1 个附件已删除"
"desktop notifications","桌面通知"
"%1 %2 were deleted","已删除 %1 %2"
"Process is locked","进程已锁定"
"Locked","已锁定"
"Success","成功"
"Pattern is invalid","规则无效"
"""%1"" department is using as default department in next gateway(s) with id: %2.
                Please change it first.","""%1"" 部门正被以下 ID 的网关用作默认部门：%2。
                请先更改。"
"""%1"" department is used as the default department in the option ""Feedback Tab > Assign to Department"".
                Please change this option first.","""%1"" 部门正在 ""反馈标签 > 分配到部门"" 选项中用作默认部门。
                请先更改该选项。"
"Update the Ticket","更新工单"
"Conditions Combination","条件组合"
"Ticket Attribute","工单属性"
"Last 7-days Clicks","最近 7 天点击数"
"Last 7-days Orders","最近 7 天订单数"
"Last 7-days Revenue","最近 7 天收入"
"Last 7-days Conversation Rate (%)","最近 7 天转化率 (%)"
"Last message body","最后消息正文"
"Priority (before change)","优先级（更改前）"
"Status (before change)","状态（更改前）"
"Department (before change)","部门（更改前）"
"Owner (before change)","负责人（更改前）"
"Folder (before change)","文件夹（更改前）"
"Last Reply By","最后回复者"
"Last Reply Type","最后回复类型"
"Hours since Created","创建后经过的小时数"
"Hours since Updated","更新后经过的小时数"
"Hours since Last reply","最后回复后经过的小时数"
"Ticket Source (Channel)","工单来源（渠道）"
"%1 (before change)","%1（更改前）"
"Staff","员工"
"Third party","第三方"
"Closed","已关闭"
"Opened 24hr","24 小时内打开"
"Searchable attributes not defined","未定义可搜索的属性"
"- Disable these emails -","- 禁用这些邮件 -"
"Authentication failed for the Gateway(s) ""%1""
                                <br> To hide this message, re-save the above Gateway(s) and run cron,
                                or disable the above Gateway(s) <a href=""%2"">help desk gateways</a>.","网关 ""%1"" 身份验证失败
                                <br> 要隐藏此消息，请重新保存上述网关并运行 cron，
                                或禁用上述网关 <a href=""%2"">服务台网关</a>。"
"The Help Desk can't fetch new emails.
                Please, try to run bin/magento mirasvit:helpdesk:run to determine the source of this problem.","服务台无法获取新邮件。
                请尝试运行 bin/magento mirasvit:helpdesk:run 以确定此问题的根源。"
"Help desk can't fetch emails.","服务台无法获取邮件。"
"<br> To temporarily hide this message, disable all <a href=""%1"">help desk gateways</a>.","<br> 要暂时隐藏此消息，请禁用所有<a href=""%1"">服务台网关</a>。"
"Help Desk can't fetch new emails.
                 Please, check that you are running cron for bin/magento mirasvit:helpdesk:run.","服务台无法获取新邮件。
                 请检查您是否正在为 bin/magento mirasvit:helpdesk:run 运行 cron。"
"Helpdesk Tickets","服务台工单"
"Department with id ""%1"" does not exist.","ID 为 ""%1"" 的部门不存在。"
"Field with id ""%1"" does not exist.","ID 为 ""%1"" 的字段不存在。"
"Priority with id ""%1"" does not exist.","ID 为 ""%1"" 的优先级不存在。"
"Satisfaction with id ""%1"" does not exist.","ID 为 ""%1"" 的满意度不存在。"
"Cannot delete satisfaction with id %1","无法删除 ID 为 %1 的满意度"
"Status with id ""%1"" does not exist.","ID 为 ""%1"" 的状态不存在。"
"Template with id ""%1"" does not exist.","ID 为 ""%1"" 的模板不存在。"
"Cannot delete ticket with id %1","无法删除 ID 为 %1 的工单"
"Admin authorization is required.","需要管理员授权。"
"Message body cannot be empty.","消息正文不能为空。"
"Invalid folder ""%1"". Allowed: 1 (Inbox), 2 (Archive), 3 (Spam)","文件夹 ""%1"" 无效。允许值：1（收件箱）、2（归档）、3（垃圾邮件）"
"Invalid customer email format.","客户邮箱格式无效。"
"Invalid %1 email format: %2","%1 邮箱格式无效：%2"
"Invalid message type ""%1"". Allowed: %2","消息类型 ""%1"" 无效。允许值：%2"
"Area: ""%1""","区域：""%1"""
"Ticket ID: ""%1""","工单 ID：""%1"""
"Customer ID: ""%1""","客户 ID：""%1"""
"User ID: ""%1""","用户 ID：""%1"""
"Some tickets could not be parsed. Please check logs.","部分工单无法解析。请查看日志。"
"Edit","编辑"
"All Departments","所有部门"
"All Roles","所有角色"
"Back","返回"
"Reset","重置"
"Save and Continue Edit","保存并继续编辑"
"Debug","调试"
"24 hrs x 7 days","24 小时 x 7 天"
"Select working days/hours","选择工作日/时间"
"All Tickets","所有工单"
"My Tickets","我的工单"
"Satisfaction survey","满意度调查"
"Satisfaction rating: %1 out of 5","满意度评分：%1（满分 5）"
"View message source in new window","在新窗口中查看消息源"
"show source","显示源代码"
"to %1 (third party)","至 %1（第三方）"
"%1 %2 (third party)","%1 %2（第三方）"
"%1","%1"
"Attachment image: %1","附件图片：%1"
"Document file icon","文档文件图标"
"Download icon","下载图标"
"Download","下载"
"Max file size: %1 Mb","最大文件大小：%1 Mb"
"Close","关闭"
"Image preview","图片预览"
"Previous image","上一张图片"
"Previous","上一个"
"Next","下一个"
"Ticket Summary","工单摘要"
"enter subject of ticket","输入工单主题"
"Ticket ID","工单 ID"
"Assignee","指派人"
"Additional Info","附加信息"
"You are not allowed to add the message to the current ticket as it is locked. To add the message to the current ticket you should change its status to one of unlocked.","当前工单已锁定，您无法添加消息。要向当前工单添加消息，您需要将其状态更改为未锁定状态之一。"
"Ticket History","工单历史"
"Done by","操作人"
"Changes","更改"
"Ticket Grid Container","工单网格容器"
"View tickets notifications","查看工单通知"
"Navigate to all tickets page","转到所有工单页面"
"See All Tickets","查看所有工单"
"Edit ticket: %1","编辑工单：%1"
"View tickets page","查看工单页面"
"Open contact form","打开联系表单"
"Close contact form","关闭联系表单"
"Name","姓名"
"Attach files","附加文件"
"Submit","提交"
"Submit Ticket","提交工单"
"What is your question?","您有什么问题？"
"We found the following topics that might be helpful:","我们找到以下可能有帮助的主题："
"None of these are helpful - contact us","这些都没有帮助 - 联系我们"
"We have not found any helpful topics.","我们未找到任何有帮助的主题。"
"Contact Information","联系信息"
"Comment","备注"
"We are open 24 x 7","我们 24 x 7 全天候开放"
"We are closed","我们已关闭"
"Timezone: %1","时区：%1"
"Please take a second to rate my reply...","请花一秒钟为我的回复评分..."
"Great","很棒"
"Awesome","非常好"
"Fast, friendly, helpful, pleasant. Great job!","快速、友好、有用、愉快。干得好！"
"Just Okay","一般"
"Fine, but definitely could have been better.","还行，但绝对可以做得更好。"
"Not good","不好"
"Unfortunately, I wasn't happy with it at all.","不幸的是，我对此完全不满意。"
"Satisfactory level of customer service in real time","实时客户服务满意度水平"
"%1% said great!","%1% 的人评为很棒！"
"last updated %1","最后更新：%1"
"Thank you for participating in our survey!","感谢您参与我们的调查！"
"If you would like to provide additional comments, please do so below:","如果您希望提供其他备注，请在下方填写："
"Message","消息"
"Submit Message","提交消息"
"Thank you for your feedback!","感谢您的反馈！"
"If the processing doesn't start automatically in a few seconds, please click the button below","如果处理在几秒钟内未自动开始，请点击下方按钮"
"Process Rate","处理评分"
"Attachments","附件"
"-- Select an Order --","-- 选择订单 --"
"Create ticket","创建工单"
"Navigate to create new ticket page","转到创建新工单页面"
"You don't have open tickets","您没有打开的工单"
"View ticket: %1","查看工单：%1"
"Post a Reply","发布回复"
"Max file size: %1","最大文件大小：%1"
"Reopen Ticket","重新打开工单"
"Close Ticket","关闭工单"
"History","历史"
"%1 (third party)","%1（第三方）"
"Attachment: %1","附件：%1"
"Download attachment: %1","下载附件：%1"
"Image file icon","图片文件图标"
"Go back to my tickets list","返回我的工单列表"
"Back to My Tickets","返回我的工单"
"Next image","下一张图片"
"Rate","评分"
"Ok","好的"
"To","收件人"
"Customer Summary","客户摘要"
"Assigned To Customer","已分配给客户"
"Assigned To Order","已分配给订单"
"Customer does not have any orders.","该客户没有任何订单。"
"RMA","RMA"
"type email or name","输入邮箱或姓名"
"Click this button to authorize access to Gmail via OAuth2","点击此按钮通过 OAuth2 授权访问 Gmail"
"Reconnect","重新连接"
"Connect to Gmail","连接到 Gmail"
"Attachment","附件"
"type third party email here","在此输入第三方邮箱"
"Kind","类型"
"Info","信息"
"You can check the status of reply to this ticket online at:","您可以在以下位置在线查看此工单的回复状态："
"Dear %name,","尊敬的 %name，"
"Thank you for contacting us!","感谢您联系我们！"
"This is an automated response confirming the receipt of your ticket. One of our agents will get back to you as soon as possible.","这是一封确认收到您工单的自动回复。我们的客服人员将尽快与您联系。"
"Details","详情"
"Please, answer the following ticket:","请回复以下工单："
"Ticket ID:","工单 ID："
"Name:","姓名："
"Email address:","邮箱地址："
"Store:","商店："
"Department:","部门："
"Staff (Owner): -- Unassigned --","员工（负责人）：-- 未分配 --"
"Status:","状态："
"Priority:","优先级："
"Created:","创建时间："
"Staff (Owner):","员工（负责人）："
"Updated:","更新时间："
"== INTERNAL NOTE ==","== 内部备注 =="
"Dear <strong>%user_firstname %user_lastname</strong>, <br><br>
    %ticket_customer_name rated your help with smile","尊敬的 <strong>%user_firstname %user_lastname</strong>，<br><br>
    %ticket_customer_name 用笑脸评价了您的帮助"
"Customer email:","客户邮箱："
"Comment:","备注："
"This browser does not support desktop notification","此浏览器不支持桌面通知"
"Please save the gateway first before connecting to Gmail.","在连接到 Gmail 之前，请先保存网关。"
"Please enter Client ID and Client Secret before connecting.","连接前请输入客户端 ID 和客户端密钥。"
"Your message will be emailed to the customer","您的消息将通过邮件发送给客户"
"Your message will be emailed to your colleague. The customer will not see it.","您的消息将通过邮件发送给您的同事。客户将看不到。"
"Your message will be emailed to the third party. Customer will see it in the ticket history.","您的消息将通过邮件发送给第三方。客户可以在工单历史中看到。"
"Internal Message to Third Party","发送给第三方的内部消息"
"Your message will be emailed to the third party. The customer will not see it.","您的消息将通过邮件发送给第三方。客户将看不到。"
"Session has expired. Please copy all unsaved data and reload the page.","会话已过期。请复制所有未保存的数据并重新加载页面。"
"Upload Too Large","上传内容过大"
"Open","打开"
"Help Desk MX","Help Desk MX"
"General Settings","常规设置"
"Enhance the overall performance and user experience of your helpdesk by setting up core features such as how communication is managed, personalizing customer interactions, and ensuring smooth ticket management with automated tasks.","通过设置核心功能（例如通信管理方式、个性化客户互动以及通过自动化任务确保工单管理顺畅），提升服务台的整体性能和用户体验。"
"Helpdesk title in the customer account","客户账户中的服务台标题"
"Customize the title displayed for the Helpdesk section in the customer's account to create a clear and branded support experience.","自定义在客户账户中显示的服务台板块标题，以打造清晰且具有品牌特色的支持体验。"
"Sign staff replies","为员工回复添加签名"
"Adds a personal touch to customer communication, which helps personalize responses and provide clarity on who handled the support request increasing trust and transparency.","为客户沟通添加个人化元素，有助于个性化回复并明确处理支持请求的人员，从而增强信任度和透明度。"
"Signature template","签名模板"
"Send blind carbon copy (BCC) of all emails to","以密送 (BCC) 形式发送所有邮件至"
"Automatically send a BCC of all helpdesk-related emails to a specified address for monitoring or record-keeping, helping ensure nothing gets overlooked.","自动将所有服务台相关邮件的密送副本发送到指定地址，用于监控或记录保存，确保不会遗漏任何内容。"
"Use default Magento cron","使用默认的 Magento cron"
"If this option is disabled, helpdesk-related tasks will not be processed automatically. For instance, emails from the configured gateway will not be fetched. However, you can still manually trigger cron tasks to test the module's functionality.","如果禁用此选项，服务台相关任务将不会自动处理。例如，将不会获取已配置网关的邮件。但是，您仍可手动触发 cron 任务以测试模块功能。"
"Enable magento cron to ensure scheduled actions like email fetching are handled efficiently without extra configuration.","启用 Magento cron 以确保邮件获取等计划任务无需额外配置即可高效处理。"
"Allow customer to open ticket by unique URL (without additional authentication)","允许客户通过唯一 URL 打开工单（无需额外身份验证）"
"Customers will receive link in the email notification to access their support tickets via a unique URL, simplifying the process and increasing accessibility by eliminating extra login steps.","客户将在邮件通知中收到链接，可通过唯一 URL 访问其支持工单，简化流程并通过免除额外登录步骤提高可访问性。"
"Tickets Settings","工单设置"
"Manage the flow and organization of support tickets efficiently by controlling the prioritization, categorization, and statuses of incoming customer requests. This section ensures that support agents can handle tickets based on urgency and track progress seamlessly.","通过控制传入客户请求的优先级、分类和状态，高效管理支持工单的流程和组织。此部分确保支持人员可以根据紧急程度处理工单并无缝跟踪进度。"
"Priority for new tickets","新工单的优先级"
"Set the default priority for new tickets to help organize and prioritize customer issues based on urgency.","设置新工单的默认优先级，根据紧急程度组织客户问题并确定优先顺序。"
"Status for new tickets","新工单的状态"
"Define the default status for new tickets to give clear visibility of ticket progress.","定义新工单的默认状态，以清晰呈现工单进度。"
"Move Ticket to Archive if it has one of following statuses:","如果工单具有以下状态之一，则将其移至归档："
"Automatically move tickets to the archive when they reach specified statuses, ensuring the system stays organized.","当工单达到指定状态时自动将其移至归档，确保系统井然有序。"
"Lock Ticket if it has one of following statuses:","如果工单具有以下状态之一，则锁定该工单："
"When ticket is locked the customer cannot add a new message to the ticket, while admin still can send messages","工单被锁定后，客户无法向工单添加新消息，而管理员仍可发送消息"
"Control when tickets are locked based on their statuses to avoid further changes once certain progress is made.","根据工单状态控制锁定时机，避免在取得一定进展后再进行更改。"
"Tickets autosave period, sec","工单自动保存周期（秒）"
"Set how frequently ticket drafts are autosaved, minimizing the risk of losing unsaved work. Leave empty to disable autosave.","设置工单草稿自动保存的频率，最大限度降低丢失未保存工作的风险。留空以禁用自动保存。"
"Use WYSIWYG Editor in backend","在后端使用所见即所得编辑器"
"Enable the use of a text editor for tickets in the backend, making it easier for staff to format replies and provide detailed, structured responses.","在后端启用工单文本编辑器，使员工能更轻松地设置回复格式并提供详细、结构化的回复。"
"Create Tickets from Contact Us form","从联系我们表单创建工单"
"Automatically create helpdesk tickets from submissions via the 'Contact Us' form, turning every inquiry into a manageable support ticket.","自动从 ""联系我们"" 表单提交的内容创建服务台工单，将每个咨询转换为可管理的支持工单。"
"Admin Display Options","管理后台显示选项"
"Improve the visual accessibility and ease of navigating through tickets in the admin panel. This section allows you to enable quick access to essential data, helping your support team handle tickets faster and more effectively.","提高管理面板中工单的视觉可访问性和导航便利性。此部分允许您启用对关键数据的快速访问，帮助您的支持团队更快、更高效地处理工单。"
"Show Quick Data Bar in admin ticket grid","在管理后台工单网格中显示快速数据栏"
"This feature enhances workflow visibility and helps agents stay on top of their responsibilities.","此功能增强工作流可见性，帮助客服人员掌控其职责。"
"Show User Activity Data Bar in admin ticket grid","在管理后台工单网格中显示用户活动数据栏"
"Shows recent user activity related to the ticket, helping managers track staff interactions with customers more efficiently.","显示与工单相关的近期用户活动，帮助管理者更高效地跟踪员工与客户的互动。"
"Show previous/next button in backend ticket edit page","在后端工单编辑页面显示上一个/下一个按钮"
"Display 'previous' and 'next' buttons on the ticket editing page in the backend to move through tickets quickly without returning to the grid.","在后端工单编辑页面显示 ""上一个"" 和 ""下一个"" 按钮，无需返回网格即可快速浏览工单。"
"Attachments Settings","附件设置"
"Customize how file attachments are managed within the helpdesk. This section helps you control the storage, format, and retention of attachments, ensuring customers and staff can exchange relevant files without compromising storage space.","自定义服务台中文件附件的管理方式。此部分帮助您控制附件的存储、格式和保留，确保客户和员工可以在不占用存储空间的情况下交换相关文件。"
"Store attachments in","附件存储位置"
"Select the storage location for ticket attachments, giving you control over file management.","选择工单附件的存储位置，让您掌控文件管理。"
"Auto-removing old attachments","自动删除旧附件"
"Enable automatic removal of old attachments to free up storage space and keep the system clutter-free","启用旧附件自动删除以释放存储空间并保持系统整洁"
"Remove attachments older than, days","删除超过指定天数的附件"
"Specifies the number of days after which old ticket attachments will be deleted.","指定删除旧工单附件之前的天数。"
"Only allow upload of attachments with extensions","仅允许上传具有以下扩展名的附件"
"Restrict attachment uploads to specific file types to avoid security risks and maintain control over the type of files uploaded. Comma separated list. e.g. jpg, jpeg, gif, png, bmp, pdf>","将附件上传限制为特定文件类型，以避免安全风险并控制上传文件的类型。以逗号分隔的列表。例如：jpg, jpeg, gif, png, bmp, pdf>"
"Feedback Tab","反馈标签"
"Boost customer engagement by offering an easy-to-use feedback system. The feedback tab allows customers to submit inquiries or tickets directly from the website, improving accessibility to your support team.","通过提供易用的反馈系统提升客户参与度。反馈标签允许客户直接从网站提交咨询或工单，提高对您支持团队的可访问性。"
"Enable Feedback Tab","启用反馈标签"
"Activate the feedback tab on your website, making it easy for customers to submit support requests.","在您的网站上激活反馈标签，方便客户提交支持请求。"
"Assign to Department","分配到部门"
"Automatically assign feedback tab-generated tickets to a specific department, ensuring they reach the right team for quick resolution.","自动将反馈标签生成的工单分配到特定部门，确保它们到达合适的团队以快速解决。"
"Tab Color","标签颜色"
"Customize the feedback tab color to align with your brand, making it more visually appealing and noticeable.","自定义反馈标签颜色以契合您的品牌，使其在视觉上更具吸引力和显著性。"
"Tab Title","标签标题"
"Set the title for the feedback tab, giving customers a clear call to action","设置反馈标签的标题，为客户提供清晰的行动号召"
"Tab Position","标签位置"
"Choose where the feedback tab is displayed on the screen, ensuring it's easily accessible","选择反馈标签在屏幕上的显示位置，确保易于访问"
"Search Knowledge Base Topics first","优先搜索知识库主题"
"Allow the feedback tab to suggest knowledge base topics before showing the form, helping reduce support ticket volume by guiding customers to self-help resources.","允许反馈标签在显示表单之前建议知识库主题，通过引导客户使用自助资源帮助降低支持工单量。"
"Form Fields","表单字段"
"Tailor the feedback submission forms to collect the right information from customers. This section lets you customize form fields and improve the accuracy of the information gathered from customers, enhancing the quality of support requests.","定制反馈提交表单以从客户处收集正确信息。此部分允许您自定义表单字段并提高从客户处收集的信息的准确性，提升支持请求的质量。"
"Form Title","表单标题"
"Set a title for the feedback form to provide context and guide customers on what to expect.","为反馈表单设置标题以提供上下文并指导客户预期内容。"
"Subject Title","主题标题"
"Label the subject field to ensure customers provide a brief overview of their issue.","为主题字段添加标签，确保客户提供其问题的简要概述。"
"Subject Placeholder","主题占位符"
"Placeholder text displayed inside the subject input field that provides guidance on what kind of information the customer should enter.","显示在主题输入字段内的占位符文本，为客户应输入的信息类型提供指导。"
"Description Title","描述标题"
"Label the description field to prompt customers to provide more details about their inquiry.","为描述字段添加标签，提示客户提供有关其咨询的更多详细信息。"
"Description Placeholder","描述占位符"
"Add helpful placeholder text to guide customers in providing relevant information.","添加有用的占位符文本以指导客户提供相关信息。"
"Allow customer to attach files","允许客户附加文件"
"Enables the option for customers to upload files (e.g., screenshots or documents) with their feedback or support request providing additional context or supporting materials for their issue.","启用客户上传文件（例如屏幕截图或文档）以及其反馈或支持请求的选项，为其问题提供附加上下文或佐证材料。"
"Allow customers to select Priority","允许客户选择优先级"
"Gives customers the ability to set the priority of their feedback or ticket that can help the support team to prioritize urgent requests over less critical ones.","让客户能够设置其反馈或工单的优先级，帮助支持团队将紧急请求置于不那么关键的请求之上。"
"Allow customer to select Department","允许客户选择部门"
"Allows customers to choose the department their request should be sent to. This ensures that inquiries are routed to the correct team for faster handling.","允许客户选择其请求应发送到的部门。这确保咨询被路由到正确的团队以加快处理速度。"
"Improve customer experience by integrating helpdesk functionality into the customer’s account. This section helps you enable features like tracking ticket status, prioritizing requests, and allowing file attachments, making the support process more user-friendly.","通过将服务台功能集成到客户账户中提升客户体验。此部分帮助您启用跟踪工单状态、确定请求优先级和允许文件附件等功能，使支持流程更加用户友好。"
"Show the Help Desk section in the Customer Account","在客户账户中显示服务台板块"
"Display a Help Desk section in the customer’s account, making it easy for customers to submit and track their support tickets directly from their account dashboard.","在客户账户中显示服务台板块，方便客户直接从其账户仪表板提交和跟踪其支持工单。"
"Show Help Desk link in customer menu","在客户菜单中显示服务台链接"
"Add a Help Desk link in the customer's dropdown menu for quick access to the support page, ensuring customers can easily find the help they need.","在客户的下拉菜单中添加服务台链接以便快速访问支持页面，确保客户可以轻松找到所需的帮助。"
"Let customers the ability to set the priority of the ticket that can help the support team to prioritize urgent requests over less critical ones.","让客户能够设置工单的优先级，帮助支持团队将紧急请求置于不那么关键的请求之上。"
"Allow customer to select Order","允许客户选择订单"
"Allows customers to link their support tickets to particular orders they have placed, helping support staff to address issues more efficiently.","允许客户将其支持工单链接到他们已下的特定订单，帮助支持人员更高效地解决问题。"
"When enabled, customers can upload files with their ticket submissions, providing additional context or supporting materials for their issue.","启用后，客户可以在提交工单时上传文件，为其问题提供附加上下文或佐证材料。"
"Customer Satisfaction Survey","客户满意度调查"
"Gain valuable insights into customer satisfaction with your support. This section allows you to include surveys in your communications and view the results, helping you continually improve your service based on real feedback.","获得对客户支持满意度的宝贵见解。此部分允许您在通信中包含调查并查看结果，帮助您根据真实反馈持续改进服务。"
"Include a satisfaction survey in the reply email from staff members","在员工的回复邮件中包含满意度调查"
"Automatically include a satisfaction survey in staff reply emails to encourage feedback and measure customer satisfaction with the support they received.","在员工回复邮件中自动包含满意度调查，鼓励反馈并衡量客户对所获支持的满意度。"
"Show survey results in the frontend ticket history","在前端工单历史中显示调查结果"
"Allow customers to view their survey ratings in the ticket history within their account, giving them transparency on how they rated their interaction with support.","允许客户在其账户内的工单历史中查看其调查评分，让他们清楚自己对与支持互动的评价。"
"Show survey results in the backend ticket history","在后端工单历史中显示调查结果"
"Provide support staff access to customer satisfaction ratings in the backend, allowing them to review and address feedback for service improvement.","在后端为支持人员提供客户满意度评分访问权限，让他们能够审查和处理反馈以改进服务。"
"Send survey results to the ticket owner","将调查结果发送给工单负责人"
"Notify the assigned staff member when a customer submits a satisfaction survey, giving them the opportunity to review their performance.","当客户提交满意度调查时通知所分配的员工，让他们有机会审视其表现。"
"Send survey results to emails","将调查结果发送至邮箱"
"Automatically send customer satisfaction survey results to designated email addresses (e.g., managers) for analysis and performance tracking. You can enter multiple emails separated by a comma.","自动将客户满意度调查结果发送到指定邮箱地址（例如经理），用于分析和绩效跟踪。您可以输入多个以逗号分隔的邮箱。"
"Email Notification Settings","邮件通知设置"
"Ensure efficient communication between your support team and customers by configuring how and when email notifications are sent. This section helps automate key touchpoints, keeping all parties informed about ticket statuses.","通过配置邮件通知的发送方式和时机，确保支持团队与客户之间的高效沟通。此部分帮助自动化关键接触点，让各方了解工单状态。"
"Show Ticket ID in the email title","在邮件标题中显示工单 ID"
"Include the ticket ID in the subject line of helpdesk-related emails, making it easy for both customers and staff to reference specific tickets in ongoing conversations.","在服务台相关邮件的主题行中包含工单 ID，方便客户和员工在持续对话中引用特定工单。"
"Add customers Cc emails to the ticket","将客户的抄送邮箱添加到工单"
"When enabled will automatically add additional email recipients (Cc) to the ticket from the fetched email. If option is enabled spam Cc email are possible.","启用后将自动从获取的邮件中添加额外邮件收件人（抄送）到工单。如果启用此选项，可能会出现垃圾抄送邮件。"
"Number of last replies to be shown in the ticket history","工单历史中显示的最后回复数量"
"Control how many recent replies are displayed in the ticket history within email notifications, providing context without overwhelming the recipient with too much information.","控制邮件通知中工单历史显示多少条最近回复，提供上下文而不让收件人被过多信息淹没。"
"Email Notification Templates","邮件通知模板"
"Streamline your email communication with customers and staff by setting notification templates. This section ensures that each email interaction is consistent and professional, keeping everyone aligned with support activities.","通过设置通知模板简化与客户和员工的邮件沟通。此部分确保每次邮件互动一致且专业，让每个人都与支持活动保持一致。"
"Template of New Ticket Email for Customer","客户新工单邮件模板"
"Set the email template that notifies customers when a new ticket is created, ensuring consistent branding and communication.","设置在创建新工单时通知客户的邮件模板，确保一致的品牌和沟通。"
"Template of New Ticket Email for Staff","员工新工单邮件模板"
"Set the template for the email notifying staff about new tickets, ensuring timely alerts and a professional look.","设置通知员工有关新工单的邮件模板，确保及时提醒和专业外观。"
"Template of Ticket Email Assigned to Staff","分配给员工的工单邮件模板"
"Set the email template used when a ticket is assigned to a staff member, ensuring they are informed of their new task promptly.","设置工单分配给员工时使用的邮件模板，确保他们及时获悉新任务。"
"Template of New Message Email for Customer","客户新消息邮件模板"
"Set the template for emails that update customers when a new message is posted to their ticket, ensuring they stay informed about progress.","设置当其工单收到新消息时通知客户的邮件模板，确保他们了解进度。"
"Template of New Message Email for Staff","员工新消息邮件模板"
"Set the template to alert staff when a customer responds, ensuring timely follow-ups.","设置客户回复时提醒员工的模板，确保及时跟进。"
"Template of New Message Email for Third Party","第三方新消息邮件模板"
"Set the template for notifying third-party collaborators, ensuring external stakeholders stay updated on the ticket progress.","设置通知第三方协作者的模板，确保外部利益相关者了解工单进度。"
"Template of Ticket Reminder","工单提醒模板"
"Set the template for reminder emails, prompting customers to follow up on unresolved tickets.","设置提醒邮件的模板，促使客户跟进未解决的工单。"
"Template of Rule Notification","规则通知模板"
"Set a rule-specific template for automated emails sent via helpdesk workflow rules, ensuring consistency in communications.","为通过服务台工作流规则发送的自动化邮件设置特定于规则的模板，确保通信一致。"
"Template of Survey Satisfaction Result","满意度调查结果模板"
"Set the template used to send staff survey feedback results, providing insights into customer satisfaction.","设置用于发送员工调查反馈结果的模板，提供客户满意度洞察。"
"Desktop Notification Settings","桌面通知设置"
"Keep your staff informed in real time with desktop notifications about new tickets and updates. This section enables instant awareness of new tasks, helping the support team act quickly and stay organized.","通过有关新工单和更新的桌面通知使员工实时获悉信息。此部分使新任务即时可见，帮助支持团队快速行动并保持井然有序。"
"Notifications check period, sec","通知检查周期（秒）"
"On heavy-loaded systems, this can cause production loss - so in this case, you need to disable this feature, or increase the check period to 500-600 secs. Setting to 0 will disable them.","在重负载系统上，这可能导致生产损失 - 因此在这种情况下，您需要禁用此功能，或将检查周期增加到 500-600 秒。设为 0 将禁用通知。"
"Adjusting the frequency helps staff stay updated in real-time, ensuring timely follow-ups.","调整频率有助于员工实时获悉信息，确保及时跟进。"
"Show notification about arrival of new tickets for","针对以下用户显示新工单到达通知"
"Allows you to specify which users should receive notifications about the arrival of new tickets, ensuring the right team members are alerted promptly.","允许您指定哪些用户应接收新工单到达通知，确保合适的团队成员及时收到提醒。"
"Enable notification about arrival of new messages in tickets assigned for user","启用分配给用户的工单中新消息到达通知"
"Notifies users about a new message is added to any ticket that they are assigned to, helping them stay informed on ticket updates.","当其分配的任何工单中添加新消息时通知用户，帮助他们了解工单更新。"
"Enable notification about assigning a ticket to the user","启用工单分配给用户的通知"
"Sends a notification to users when a ticket is assigned to them, ensuring they are aware of their new responsibilities.","当工单分配给用户时向其发送通知，确保他们了解新职责。"
"Set clear expectations for customers by displaying your business hours. This section helps customers know when they can expect support availability, enhancing the overall customer experience and ensuring timely responses.","通过显示您的营业时间为客户设定明确的预期。此部分帮助客户了解何时可获得支持，提升整体客户体验并确保及时回复。"
"Working schedule title","工作时间表标题"
"Customize the title for the working hours section on the 'Contact Us' page, ensuring customers know when your team is available.","自定义 ""联系我们"" 页面上工作时间板块的标题，确保客户知道您的团队何时可用。"
"Upcoming working schedule title","即将到来的工作时间表标题"
"Add a title for upcoming business hours, providing customers with clear information on future availability.","为即将到来的营业时间添加标题，向客户提供有关未来可用性的清晰信息。"
"Default message when we are open","开放时的默认消息"
"Can be overwritten for each schedule in Customers > Help Desk MX > Working Hours.  This allows you to provide customized messages for different time periods or scenarios, depending on the specific schedule of your support team.","可以在 客户 > Help Desk MX > 工作时间 中针对每个时间表覆盖。这允许您根据支持团队的具体时间表为不同时间段或场景提供自定义消息。"
"Set a default message to display when the helpdesk is open, encouraging customers to reach out during business hours.","设置服务台开放时显示的默认消息，鼓励客户在营业时间内联系。"
"Default message when we are closed","关闭时的默认消息"
"Define the message displayed when the helpdesk is closed managing customer expectations during off-hours.","定义服务台关闭时显示的消息，在非营业时间管理客户预期。"
"Show online/offline status on the Contact Us page","在联系我们页面显示在线/离线状态"
"Display the status on the Contact Us page that can help manage customer expectations about when support is available.","在联系我们页面显示状态，帮助管理客户对何时可获得支持的预期。"
"Show online/offline status in the Feedback popup","在反馈弹窗中显示在线/离线状态"
"Display the status in the Feedback popup that can be useful for informing customers about availability before submitting a request or feedback.","在反馈弹窗中显示状态，可用于在客户提交请求或反馈之前告知其可用性。"
"Show online/offline status in the Customer Account > My Tickets","在 客户账户 > 我的工单 中显示在线/离线状态"
"Display the status in the My Tickets section of the customer's account. This help customers know whether they can expect a prompt response to their support ticket.","在客户账户的我的工单板块中显示状态。这有助于客户了解是否可以期待对其支持工单的及时回复。"
"Show working hours on the Contact Us page","在联系我们页面显示工作时间"
"Display the status on the Contact Us page to give customers a clear idea of when you are available for support","在联系我们页面显示状态，让客户清楚了解您何时可提供支持"
"Show holiday schedule in X days before activation","在生效前 X 天显示节假日时间表"
"Specifies how many days in advance your holiday schedule will be displayed to customers to ensure that customers are informed about upcoming holiday hours before they take effect","指定提前多少天向客户显示您的节假日时间表，以确保客户在节假日时间生效前获悉相关信息"
"Track the performance of your helpdesk with reporting on solved tickets. This section allows you to define which ticket statuses are considered solved, helping you monitor team efficiency and customer service success.","通过已解决工单的报表跟踪服务台绩效。此部分允许您定义哪些工单状态视为已解决，帮助您监控团队效率和客户服务成功率。"
"Solved Statuses","已解决状态"
"Developer Settings","开发者设置"
"Optimize the technical aspects of the helpdesk system with developer-specific options. This section helps in testing, debugging, and customizing the module to suit your website's infrastructure without disrupting live operations.","通过开发者专用选项优化服务台系统的技术方面。此部分有助于在不中断实时运营的情况下测试、调试和自定义模块以适应您的网站基础架构。"
"Activate Sandbox","激活沙盒"
"Enable sandbox mode to test the helpdesk system without affecting live data. All emails will be redirected to the sandbox email, preventing disruptions to real customer interactions.","启用沙盒模式以在不影响真实数据的情况下测试服务台系统。所有邮件将被重定向到沙盒邮箱，防止干扰真实的客户互动。"
"Send All Outgoing emails to Email","将所有发出邮件发送至邮箱"
"Set an email address to receive all outgoing emails in sandbox mode, ensuring a controlled environment for testing email templates and notifications.","设置一个邮箱地址以在沙盒模式下接收所有发出邮件，确保测试邮件模板和通知的受控环境。"
"Force store's theme to apply styles","强制商店主题应用样式"
"If theme overrides Magento way of including style this option will add Help Desk styles to page","如果主题覆盖了 Magento 包含样式的方式，此选项会将服务台样式添加到页面"
"Log ticket deletion","记录工单删除"
"Keep a log of deleted tickets to track deletions and maintain a record for audit or recovery purposes, stored in the /var/log/mirasvit/helpdesk.log file.","保留已删除工单的日志以跟踪删除并保存审计或恢复用记录，存储在 /var/log/mirasvit/helpdesk.log 文件中。"
"Help Text","帮助文本"
"Add customizable help text that appears under the title on the 'Contact Us' page and Feedback tab, providing customers with clear guidance on how to submit a support request.","添加显示在 ""联系我们"" 页面和反馈标签标题下方的可自定义帮助文本，为客户提供如何提交支持请求的清晰指导。"
"Show customer the local time in backend","在后端向客户显示本地时间"
"Display the customer’s local time in the backend to help support staff understand when the customer submitted the ticket, providing context for time-sensitive issues.","在后端显示客户的本地时间，帮助支持人员了解客户何时提交工单，为时效性问题提供上下文。"
"Enable Google reCaptcha","启用 Google reCaptcha"
"Activate Google reCaptcha on Helpdesk pages to prevent spam and bots from submitting fraudulent tickets. Configuration for reCaptcha settings is available in Configuration > Security > Google reCaptcha.","在服务台页面激活 Google reCaptcha 以防止垃圾邮件和机器人提交欺诈工单。reCaptcha 设置的配置可在 配置 > 安全 > Google reCaptcha 中找到。"
"Helpdesk Contact Form","服务台联系表单"
"Helpdesk Satisfaction Block","服务台满意度区块"
"Satisfaction List Url","满意度列表 URL"
"Helpdesk Satisfaction List","服务台满意度列表"
"All Store Views","所有商店视图"
"Purchased From","购自"
"Replies #","回复数 #"
"Created","创建"
"Modified","已修改"
"Title","标题"
"Active","启用"
"Is Shown on Frontend","在前端显示"
"Sort Order","排序"
"Sender Email","发件人邮箱"
"Members of Department","部门成员"
"Notification","通知"
"If ticket is unassigned, send notifications to all department members","如果工单未分配，向所有部门成员发送通知"
"If ticket is unassigned, send notifications to email","如果工单未分配，发送通知至邮箱"
"Code","代码"
"Internal field. Can contain only letters, digits and underscore.","内部字段。只能包含字母、数字和下划线。"
"Type","类型"
"Description","描述"
"Options list","选项列表"
"Only for drop-down list. Enter each value from the new line using format:<br>value1 | label1<br>value2 | label2","仅用于下拉列表。每行输入一个值，格式为：<br>值1 | 标签1<br>值2 | 标签2"
"Show value in customer account","在客户账户中显示值"
"Show in create ticket form","在创建工单表单中显示"
"Show in contact us form","在联系我们表单中显示"
"Required for customers","客户必填"
"Required for staff","员工必填"
"Authorization Type","授权类型"
"OAuth2 Client ID","OAuth2 客户端 ID"
"OAuth2 Client Secret","OAuth2 客户端密钥"
"OAuth2 Redirect URI","OAuth2 重定向 URI"
"Use this URL when configuring OAuth2 credentials in Google Cloud Console","在 Google Cloud Console 中配置 OAuth2 凭据时使用此 URL"
"Gmail Connection","Gmail 连接"
"Connection Status","连接状态"
"Login","登录"
"Password","密码"
"Host","主机"
"Protocol","协议"
"Encryption","加密"
"Port","端口"
"Fetch Frequency (minutes)","获取频率（分钟）"
"Fetch Max","最大获取数"
"Fetch Only X Last Emails","仅获取最近 X 封邮件"
"Can be useful for some mailboxes. Leave empty to disable this feature.","对某些邮箱可能有用。留空以禁用此功能。"
"Remove emails after fetching","获取后删除邮件"
"Auto-assign tickets to Store View","自动将工单分配到商店视图"
"Auto-assign tickets to department","自动将工单分配到部门"
"Notes","备注"
"Create New Department","创建新部门"
"Change status","更改状态"
"Inactive","停用"
"Delete items","删除项目"
"Are you sure you want to delete selected items?","确定要删除选中的项目吗？"
"Is Active","是否启用"
"Create New Field","创建新字段"
"Create New Gateway","创建新网关"
"Last Fetched At","最后获取时间"
"Last Fetch Result","最后获取结果"
"Create New Pattern","创建新规则"
"Create New Permission","创建新权限"
"Role","角色"
"Has Access to Tickets of Departments","拥有以下部门工单的访问权限"
"Can Remove Tickets","可移除工单"
"Create New Priority","创建新优先级"
"Color","颜色"
"Create New Rule","创建新规则"
"Stop Processing","停止处理"
"Remote Ip","远程 IP"
"View Ticket","查看工单"
"Create New Schedule","创建新时间表"
"Holiday","节假日"
"Active From","生效开始"
"Active To","生效结束"
"Create New Status","创建新状态"
"Create New Template","创建新模板"
"Select...","选择..."
"Mark as Spam","标记为垃圾邮件"
"Mark as Archive","标记为归档"
"Merge tickets","合并工单"
"Mark as Inbox","标记为收件箱"
"Change Assignee","更改指派人"
"Requester","请求者"
"Requester Email","请求者邮箱"
"Scope","范围"
"If one of these characters uses as part of the string it should be escaped with \(backslash ): . \ + * ? [ ^ ] $ ( ) { } = ! < > | : - #. The pattern should be enclosed by delimiters.","如果以下字符之一用作字符串的一部分，则应使用反斜杠 \ 进行转义：. \ + * ? [ ^ ] $ ( ) { } = ! < > | : - #。规则应使用分隔符包围。"
"Allows access to tickets of departments","允许访问以下部门的工单"
"Can Delete Tickets","可删除工单"
"Rule Name","规则名称"
"Arranged in the ascending order. 0 is the highest.","按升序排列。0 为最高。"
"Stop Further Rules Processing","停止进一步的规则处理"
"Conditions","条件"
"Event","事件"
"Actions","操作"
"Set Status","设置状态"
"Set Priority","设置优先级"
"Set Department","设置部门"
"Set Owner","设置负责人"
"Add Tags","添加标签"
"Remove Tags","移除标签"
"Notifications","通知"
"Send email to ticket owner","向工单负责人发送邮件"
"Send email to all department users","向所有部门用户发送邮件"
"Send email to customer","向客户发送邮件"
"Send email to other email addresses","向其他邮箱地址发送邮件"
"Email subject","邮件主题"
"Email Body","邮件正文"
"Attach files previously attached to the last message","附加之前附加到最后一条消息的文件"
"Stores","商店"
"Is Holiday","是否节假日"
"Timezone","时区"
"Open message","开放消息"
"Closed message","关闭消息"
"Internal Title","内部标题"
"Template","模板"
"Request ID","请求 ID"
"Admin or integration authorization is required.","需要管理员或集成授权。"
"Internal notes require an admin identity and cannot be added with an integration token.","内部备注需要管理员身份，无法使用集成令牌添加。"
"OAuth2 (Microsoft 365 / Exchange Online)","OAuth2 (Microsoft 365 / Exchange Online)"
"Microsoft Directory (tenant) ID","Microsoft 目录 (tenant) ID"
"Azure AD Directory (tenant) ID, from the Azure App registration Overview page. Leave empty to use ""common"".","Azure 应用注册 Overview 页面中的 Azure AD 目录 (tenant) ID。留空则使用 ""common""。"
"Register this URL as the redirect URI in your OAuth2 app (Google Cloud Console for Gmail, or the Azure App Registration for Microsoft 365 / Exchange Online).","请在您的 OAuth2 应用中将此 URL 注册为 redirect URI（Gmail 使用 Google Cloud Console，Microsoft 365 / Exchange Online 使用 Azure App Registration）。"
"Mailbox Connection","邮箱连接"
"Connect Mailbox","连接邮箱"
"Click this button to authorize mailbox access via OAuth2","点击此按钮以通过 OAuth2 授权邮箱访问"
"Successfully connected the mailbox!","邮箱连接成功！"
"Gateway was successfully saved. Please click ""Connect"" to authorize the mailbox.","网关已成功保存。请点击 ""Connect"" 以授权邮箱。"
"Please save the gateway first before connecting the mailbox.","连接邮箱之前，请先保存网关。"
"How to obtain Gmail OAuth2 credentials","如何获取 Gmail OAuth2 凭据"
"Open the Google Cloud Console and create (or pick) a project.","打开 Google Cloud Console 并创建（或选择）一个项目。"
"Go to APIs & Services then Credentials, click Create Credentials and choose OAuth client ID (application type: Web application).","进入 APIs & Services 然后 Credentials，点击 Create Credentials 并选择 OAuth client ID（应用类型：Web application）。"
"Open Google Cloud Console Credentials","打开 Google Cloud Console Credentials"
"Add the OAuth2 Redirect URI shown below to the Authorized redirect URIs list.","将下方显示的 OAuth2 Redirect URI 添加到 Authorized redirect URIs 列表中。"
"On the OAuth consent screen add the gmail.modify and userinfo.email scopes, then copy the generated Client ID and Client Secret into the fields below.","在 OAuth consent screen 中添加 gmail.modify 和 userinfo.email 范围，然后将生成的 Client ID 和 Client Secret 复制到下方的字段中。"
"Open OAuth consent screen","打开 OAuth consent screen"
"How to obtain Microsoft 365 / Exchange Online OAuth2 credentials","如何获取 Microsoft 365 / Exchange Online OAuth2 凭据"
"Open the Azure portal and go to App registrations, then register a new application (supported account types as your tenant requires).","打开 Azure 门户并进入 App registrations，然后注册一个新应用（支持的账户类型按您的 tenant 要求而定）。"
"Open Azure App registrations","打开 Azure App registrations"
"Copy the Application (client) ID and the Directory (tenant) ID from the app Overview page into the fields below (leave tenant empty to use common).","将应用 Overview 页面中的 Application (client) ID 和 Directory (tenant) ID 复制到下方的字段中（将 tenant 留空则使用 common）。"
"Under Certificates & secrets create a new client secret and copy its Value into the OAuth2 Client Secret field below.","在 Certificates & secrets 下创建一个新的 client secret，并将其 Value 复制到下方的 OAuth2 Client Secret 字段中。"
"Under Authentication add a Web platform and register the OAuth2 Redirect URI shown below exactly as displayed.","在 Authentication 下添加一个 Web 平台，并完全按照所示注册下方显示的 OAuth2 Redirect URI。"
"Under API permissions add the delegated Office 365 Exchange Online IMAP.AccessAsUser.All and offline_access permissions, then grant admin consent.","在 API permissions 下添加委派的 Office 365 Exchange Online IMAP.AccessAsUser.All 和 offline_access 权限，然后授予管理员同意。"
"For Gmail: the OAuth client ID from Google Cloud Console (APIs & Services then Credentials). For Microsoft 365: the Application (client) ID from the Azure App registration Overview page. See the steps above.","对于 Gmail：来自 Google Cloud Console（APIs & Services 然后 Credentials）的 OAuth client ID。对于 Microsoft 365：来自 Azure 应用注册 Overview 页面的 Application (client) ID。请参阅上述步骤。"
"For Gmail: the client secret created alongside the OAuth client ID in Google Cloud Console. For Microsoft 365: the client secret Value from Certificates & secrets in the Azure App registration. See the steps above.","对于 Gmail：在 Google Cloud Console 中与 OAuth client ID 一起创建的 client secret。对于 Microsoft 365：来自 Azure 应用注册中 Certificates & secrets 的 client secret Value。请参阅上述步骤。"
