"Add New Category","Añadir nueva categoria"
"Are you sure you want to do this?","¿Seguro que quieres hacer esto?"
"Start Import","Iniciar Importación"
"NOTICE","AVISO"
"Database Name","Nombre de la base de datos"
"User Name","Nombre de usuario"
"Database Host","Servidor de base de datos"
"Table Prefix","Tabla de prefijos"
"Post","Enviar"
"Add New Post","Añadir nueva publicación"
"Blog","Blog"
"Go to Blog Home Page","Ir a la página principal del blog"
"Monthly Archives: %s %s","Archivos mensuales: %s %s"
"Search ""%1""","Buscar ""%1"""
"Recent Blog Posts","Entradas recientes del blog"
"Manage %1","Administrar %1"
"Edit %1","Editar %1"
"New %1","Nuevo %1"
"Create %1","Crear %1"
"%1 has been saved.","Se ha guardado %1."
"Something went wrong while saving this %1. %2","Se ha producido un error al guardar este %1. %2"
"We can't delete %1 right now. %2","No podemos eliminar% 1 ahora mismo. %2"
"%1 have been deleted.","Se ha eliminado %1."
"Parameter ""Status"" missing in request data.","Parámetro ""Estado"" no aparece en los datos solicitados."
"Status Field Name is not specified.","El nombre del campo de estado no está especificado."
"We can't change status of %1 right now. %2","No podemos cambiar el estado de %1 ahora mismo. %2"
"%1 status have been changed.","Se ha cambiado el estado %1."
"Blog Import","Importación de blogs"
"Blog import type is not specified.","El tipo de importación de blog no se especifica."
"The import process was completed successfully. %1 posts and %2 categories where imported.","El proceso de importación se completó correctamente. %1 puestos y %2 categorías donde se importan."
"The import process completed. %1 posts and %2 categories where imported. Some posts or categories where skipped.<br/> %3 %4","El proceso de importación completado. %1 publicaciones y %2 categorías importadas. Algunas publicaciones o categorías no han podido importarse. <br/> %3 %4"
"Nothing to import.","Nada que importar."
"Can not make import.","No se puede importar."
"Something went wrong: ","Algo salió mal:"
"Please enter your name and email","Por favor, introduce tu nombre y correo electrónico"
"Blog Import from WordPress","Importación de blogs de WordPress"
"Comment text is too short.","El texto del comentario es demasiado corto."
"Please select","Por favor seleccione"
"Use Facebook Comments","Utilizar los comentarios de Facebook"
"Use Disqus Comments","Utilizar los comentarios de Disqus"
"Use Google Comments","Utilizar los comentarios de Google"
"Featured Blog Posts","Artículos destacados del blog"
"Yes (With auto trigger)","Sí (con auto trigger)"
"Yes (Without auto trigger)","Sí (sin auto trigger)"
"Parameter %1 is required","Se requiere el parámetro %1"
"AheadWorks Blog Extension not detected.","No se ha detectado la extensión Blog de AheadWorks."
"The category URL key contains disallowed symbols.","La URL key de categoría contiene letras mayúsculas o símbolos no permitidos."
"The category URL key cannot be made of only numbers.","La URL key de categoría no puede contener únicamente números."
"The post URL key contains disallowed symbols.","La URL key de la publicación contiene letras mayúsculas o símbolos no permitidos."
"The post URL key cannot be made of only numbers.","La URL key de la publicación no puede contener únicamente números."
"The tag is already exist.","La etiqueta ya existe."
"The tag URL key contains disallowed symbols.","La etiqueta URL key contiene letras mayúsculas o símbolos no permitidos."
"The tag URL key cannot be made of only numbers.","La etiqueta URL key no puede contener únicamente números."
"Related posts","Artículos Relacionados"
"Posted:","Publicado:"
"Categories:","Categorías:"
"Tags:","Etiquetas:"
"Author:","Autor:"
"We can't find posts matching the selection.","No hemos encontrado publicaciones que coincidan con la selección."
"Read more","Leer más"
"Read more &#187;","Lee mas &#187;"
"See more","Ver más"
"Read %1","Leer %1"
"&larr; Previous","&larr; Anterior"
"Previous","Anterior"
"Next &rarr;","Siguiente &rarr;"
"Next","Siguiente"
"Related Posts","Artículos Relacionados"
"Archive","Archivo"
"Archive %s","Archivo %s"
"Recent Posts","Mensajes recientes"
"RSS Feed","RSS Feed"
"Search posts here...","Buscar mensajes aquí..."
"Tags","Etiquetas"
"Read more >","Leer más >"
"MageFan Extensions","Extensiones MageFan"
"Blog Information","Información del blog"
"Blog Index Page","Página del índice del blog"
"Post View","Vista de la publicación"
"Display Related Posts","Mostrar publicaciones relacionadas"
"Number of Posts","Cantidad de publicaciones"
"Display Related Products","Mostrar productos relacionados"
"Number of Products","Número de productos"
"Comments","Comentarios"
"Number of Comments","Número de Comentarios"
"Facebook Application ID","ID de la aplicación de Facebook"
"Preview and Next Post","Vista previa y siguiente publicación"
"Display Prev. & Next Post Links","Mostrar Prev. & Siguiente Publicar Enlaces"
"Post List","Lista de correos"
"Posts Per Page","Mensajes por página"
"Use Lazy Loading","Utilizar Lazy Loading"
"Automatically load more posts on page.","Cargar automáticamente más publicaciones en la página."
"Auto Triger Padding (px)","Auto Triger padding (px)"
"Author","Autor"
"Display Author Information","Mostrar información del autor"
"Display Post List By Author","Mostrar lista de publicaciones por autor"
"Sidebar","Barra lateral"
"Search Form Widget","Widget de formulario de búsqueda"
"Categories Widget","Categorías Widget"
"Recent Posts Widget","Widget de publicaciones recientes"
"Posts Number","Número de publicaciones"
"Archive Widget","Archivo de Widget"
"Tag Claud Widget","Etiqueta Claud Widget"
"Rss Feed","RSS Feed"
"Feed Title","Título del Feed"
"Feed Description","Descripción del Feed"
"Product Page","Página del producto"
"Permalink Settings","Configuraciones de Permalinks"
"Blog Route","Ruta del blog"
"Permalink Type","Tipo de Permalink"
"Post Route","Ruta de publicación"
"Category Route","Ruta de la Categoría"
"Archive Route","Ruta de archivo"
"Tag Route","Ruta de etiquetas"
"Author Route","Ruta del autor"
"Search Route","Ruta de búsqueda"
"Social","Redes Sociales"
"AddThis Enabled","AddThis Activado"
"AddThis ID","AddThis ID"
"AddThis Language","AddThis Idioma"
"Category Top Navigation","Categoría Navegación superior"
"Display Blog Link","Mostrar enlace de blog"
"Blog Category","Categoría del blog"
"Leave blank to display posts from all categories.","Déjelo en blanco para mostrar los mensajes de todas las categorías."
"Custom Template","Plantilla personalizada"
"Published","Publicado"
"Category Information","Información de Categoría"
"Enable Category","Habilitar categoría"
"Category Title","Categoría Título"
"Category in Websites","Categoría en los sitios web"
"-- Please Select --","- Seleccione -"
"Tag Title","Título de la etiqueta"
"Post Information","Publicar información"
"Enable Post","Activar publicación"
"Post Title","Título de la entrada"
"New Category","Nueva categoría"
"Additional Options","Opciones adicionales"
"Featured Image","Foto principal"
"Publish Date","Fecha de publicación"
"New Tag","Nueva etiqueta"
"Open Graph Metadata","Abrir Gráfico de Metadatos"
"OG Title","Título OG"
"Leave blank to use Meta Title by default.","Déjelo en blanco para usar el Meta título por defecto."
"OG Description","Descripción OG"
"Leave blank to use Meta Description by default.","Déjelo en blanco para usar la Meta Descripción por defecto."
"OG Image","Imagen OG"
"Leave blank to use Featured Image by default. Allow image type: jpg, jpeg, gif, png.","Déjelo en blanco para usar la imagen destacada de forma predeterminada. Permitir tipo de imagen: jpg, jpeg, gif, png."
"OG Type","Tipo OG"
"Leave blank to use ""article"" type by default.","Déjelo en blanco para utilizar el tipo de artículo por defecto."
"Post in Websites","Publicar en sitios web"
"Related Posts and Products","Publicaciones y productos relacionados"
"Related posts are shown to customers in addition to the item the customer is looking at.","Las publicaciones relacionadas se muestran a los clientes además del artículo que el cliente está mirando."
"Add Related Post","Añadir publicación relacionada"
"Add Related Posts","Añadir publicaciones relacionadas"
"Add Selected Posts","Añadir publicaciones seleccionadas"
"January","Enero"
"February","Febrero"
"March","Marzo"
"April","Abril"
"May","Mayo"
"June","Junio"
"July","Julio"
"August","Agosto"
"September","Septiembre"
"October","Octubre"
"November","Noviembre"
"December","Diciembre"
"Jan","Ene"
"Feb","Feb"
"Mar","Mar"
"Apr","Abr"
"May","Mayo"
"Jun","Jun"
"Jul","Jul"
"Aug","Ago"
"Sep","Sep"
"Oct","Oct"
"Nov","Nov"
"Dec","Dic"
"Reply","Responder"
"Show more replies in this thread","Mostrar más respuestas en este hilo"
"%1 Comment(s)","%1 Comentario(s)"
"Add a comment...","Agregar un comentario..."
"Add a reply...","Agregar una respuesta..."
"Sign in to add a comment...","Inicia sesión para agregar un comentario..."
"Sign in to add a reply...","Inicia sesión para agregar una respuesta..."
"Full Name","Nombre completo"
"Load more comments","Load more comments"
"Load more comments","Cargar más comentarios"
"Login to submit comment","Iniciar sesión para enviar un comentario"
"You cannot post comment. Blog post is not longer exist.","No puede publicar el comentario. La publicación del blog ya no existe."
"You cannot reply to this comment. Comment is not longer exist.","No puede responder a este comentario. El comentario ya no existe."
"You cannot reply to this comment.","No puede responder a este comentario."
"You submitted your comment for moderation.","Ha enviado su comentario para moderación."
"Thank you for your comment.","Gracias por su comentario."
"Import Categories","Importar categorías"
"Import Comments","Importar comentarios"
"Import Posts","Importar publicaciones"
"Import from aheadWorks Blog Extension","Importar desde la extensión Blog de aheadWorks"
"Import from Joomla","Importar desde Joomla"
"Import from Blogger.com","Importar desde Blogger.com"
"Import from Drupal","Importar desde Drupal"
"Import from CSV","Importar desde CSV"
"Import from XML","Importar desde XML"
"Yes, I have read the %1 and agree to the processing of my personal data.","Sí, he leído el %1 y acepto el tratamiento de mis datos personales."
"privacy policy","política de privacidad"
"Latest From %1","Lo último de %1"
"New Arrivals","Recién llegados"
"Blog Posts","Entradas de blog"
"Blog Categories","Categorías del blog"
"Post Contents","Contenido de la publicación"
"hide","ocultar"
"show","presentar"
"You May Also Like","También te puede interesar"
"People Who Bought This Also Bought:","Las personas que compraron esto también compraron:"
"and","y"
"Popular Posts","Publicaciones populares"
"Featured Posts","Publicaciones destacadas"
"min read","lectura mínima"
"Latest From %1","Lo último de %1"
"Co-author","Coautor"
Add New Comment,Agregar nuevo comentario
Add New Images,Agregar nuevas imágenes
Add New Tag,Agregar nueva etiqueta
Add to Cart,Agregar al carrito
Add to Compare,Agregar a comparación
Add to Wish List,Agregar a lista de deseos
Add With AI,Agregar con IA
Admin,Administrador
AI Writer is not enabled. Please enable it first.,El escritor de IA no está habilitado. Por favor habilítelo primero.
All Authors,Todos los autores
All Blog Pages,Todas las páginas del blog
All Categories,Todas las categorías
and,y
Approved,Aprobado
Archive %1,Archivo %1
Blank (Use widgets to build the page content),En blanco (Usar widgets para crear el contenido de la página)
Blog Archive Page,Página de archivo del blog
Blog Author Page,Página de autor del blog
Blog Category Page,Página de categoría del blog
"Blog Plus <b>Advanced Permalink Settings</b> are enabled.","Blog Plus <b>Configuración avanzada de permalinks</b> está habilitada."
Blog Post Page,Página de publicación del blog
Blog Tag Page,Página de etiquetas del blog
Bottom (Horizontal),Abajo (Horizontal)
Browse to find or drag image here,Explorar para encontrar o arrastrar imagen aquí
Cancel,Cancelar
Categories,Categorías
Category,Categoría
"Chat-GPT API Key is missing in ""AI Writer"" configurations.","La clave API de Chat-GPT falta en las configuraciones de ""Escritor de IA""."
Comments:,Comentarios:
Customer,Cliente
Database connection error,Error de conexión con la base de datos
Default: mystore.com/{blog_route}/{post_route}/post-title/,Predeterminado: mystore.com/{blog_route}/{post_route}/post-title/
Delete image,Eliminar imagen
Disabled,Deshabilitado
Duplicated,Duplicado
Email,Correo electrónico
Enabled,Habilitado
General Information,Información general
Go to Home Page,Ir a la página de inicio
Grid - 1 column (Blog Extra),Cuadrícula - 1 columna (Blog Extra)
Grid - 2 columns (Blog Extra),Cuadrícula - 2 columnas (Blog Extra)
Grid - 3 columns (Blog Extra),Cuadrícula - 3 columnas (Blog Extra)
Grid and List (Blog Extra),Cuadrícula y lista (Blog Extra)
Guest,Invitado
Hidden,Oculto
Home,Inicio
"Images (.gif, .jpg, .png)","Imágenes (.gif, .jpg, .png)"
Import Tags,Importar etiquetas
In stock,En stock
Leave a review about the blog extension,Dejar una reseña sobre la extensión de blog
Left (Vertical),Izquierda (Vertical)
List (Blog Extra),Lista (Blog Extra)
min read,min de lectura
Month And Year,Mes y año
Need a new blog feature?,¿Necesita una nueva función de blog?
No,No
Not Approved,No aprobado
Other Grids (Blog Extra),Otras cuadrículas (Blog Extra)
Out of stock,Sin stock
Page,Página
/page/N,/page/N
?page=N,?page=N
Pending,Pendiente
Please enter valid email,Por favor ingrese un correo electrónico válido
Please select post IDs,Por favor seleccione los IDs de publicaciones
?p=N,?p=N
Position,Posición
Post Id,ID de publicación
Posts (default),Publicaciones (predeterminado)
Posts Links,Enlaces de publicaciones
Posts loader,Cargador de publicaciones
Posts & Subcategories Links,Publicaciones y enlaces de subcategorías
Publish Date (default),Fecha de publicación (predeterminada)
Related Products,Productos relacionados
Requested item doesn't exist,El elemento solicitado no existe
Right (Vertical),Derecha (Vertical)
Search,Buscar
Select Post IDs ...,Seleccionar IDs de publicaciones ...
Share on %1,Compartir en %1
Short: mystore.com/{blog_route}/post-title/,Corto: mystore.com/{blog_route}/post-title/
Sign In,Iniciar sesión
Slider (Blog Extra),Control deslizante (Blog Extra)
Something went wrong %1,Algo salió mal %1
Something went wrong while saving the file(s).,Algo salió mal al guardar el/los archivo(s).
Subcategories Links,Enlaces de subcategorías
Submit,Enviar
Tag,Etiqueta
"This option is available in <strong>%1</strong> plan only.","Esta opción solo está disponible en el plan <strong>%1</strong>."
"This option is available in <strong>Plus or Extra</strong> plans only.","Esta opción solo está disponible en los planes <strong>Plus o Extra</strong>."
Title,Título
Top (Horizontal),Arriba (Horizontal)
Unable to remove item,No se puede eliminar el elemento
Unable to save item,No se puede guardar el elemento
URL key is already in use by another blog item.,La clave URL ya está en uso por otro elemento del blog.
URL key is already in use by another tag item.,La clave URL ya está en uso por otro elemento de etiqueta.
Use Magefan Blog Comments,Usar comentarios Magefan Blog
Views:,Vistas:
Year,Año
"Last updated:","Última actualización:"
