"Add New Category","Lisää uusi luokka"
"Are you sure you want to do this?","Oletko varma, että haluat tehdä tämän?"
"Start Import","Aloita tuonti"
"NOTICE","HUOMAA"
"Database Name","Tietokannan nimi"
"User Name","Käyttäjän nimi"
"Database Host","Tietokantaisäntä"
"Table Prefix","Taulukon etuliite"
"Post","Artikkeli"
"Add New Post","Luo uusi artikkeli"
"Blog","Blogi"
"Go to Blog Home Page","Siirry blogin kotisivulle"
"Monthly Archives: %s %s","Arkisto kuukausittain: : %s %s"
"Archive","Arkisto"
"Search ""%1""","Hae ""%1"""
"Recent Blog Posts","Tuoreimmat artikkelit"
"Manage %1","Hallitse %1"
"Edit %1","Muokkaa %1"
"New %1","Uusi %1"
"Create %1","Luo %1"
"%1 has been saved.","%1 on tallennettu."
"Something went wrong while saving this %1. %2","Jokin meni pieleen koittaessasi tallentaa %1. %2"
"We can't delete %1 right now. %2"," %1 ei voida poistaa juuri nyt. %2"
"%1 have been deleted.","%1 on poistettu."
"Parameter ""Status"" missing in request data.","Parametri ""tila"" puuttuu pyydetyistä tiedoista"
"Status Field Name is not specified.","Tila-kentän nimeä ei olla määritelty"
"We can't change status of %1 right now. %2","%1 tilaa ei voida muuttaa juuri nyt. %2"
"%1 status have been changed.","%1 tila on muutettu-"
"Blog Import","Blogin tuonti"
"Blog import type is not specified.","Blogin tuontityyppiä ei ole määritelty."
"The import process was completed successfully. %1 posts and %2 categories where imported.","Tuonti suoritettiin onnistuneesti. %1 artikkelia ja %2 kategoriaa on nyt tuotu."
"The import process completed. %1 posts and %2 categories where imported. Some posts or categories where skipped.<br/> %3 %4","Tuonti on suoritettu. %1 artikkelia ja %2 kategoriaa on nyt tuotu. Osa artikkeleista tai kategorioista ohitettiin.<br/> %3 %4"
"Nothing to import.","Ei tuotavaa"
"Can not make import.","Tuontia ei voida suorittaa"
"Something went wrong: ","Jokin meni pieleen: "
"Please enter your name and email","Syötä nimesi ja sähköpostiosoitteesi"
"Blog Import from WordPress","Blogin tuonti WordPressista"
"Comment text is too short.","Kommentti on liian lyhyt."
"Please select","Valitse"
"Use Facebook Comments","Käytä Facebook-kommentteja"
"Use Disqus Comments","Käytä Disqus-kommentteja"
"Use Google Comments","Käytä Google-kommentteja"
"Featured Blog Posts","Suositellut blogiartikkelit"
"Yes (With auto trigger)","Kyllä (automaattisella käynnistyksellä)"
"Yes (Without auto trigger)","Kyllä (ilman automaattista käynnistystä)"
"Parameter %1 is required","Parameteri %1 vaaditaan"
"AheadWorks Blog Extension not detected.","AheadWorks Blogi -laajennusta ei havaittu"
"The category URL key contains disallowed symbols.","Kategorian URL-avain sisältää kiellettyjä merkkejä"
"The category URL key cannot be made of only numbers.","Kategorian URL-avain ei voi koostua ainoastaan numeroita"
"The post URL key contains disallowed symbols.","Artikkelin URL-avain sisältää kiellettyjä merkkejä."
"The post URL key cannot be made of only numbers.","Artikkelin URL-avain ei voi koostua ainoastaan numeroita"
"The tag is already exist.","Tämä tagi on jo olemassa."
"The tag URL key contains disallowed symbols.","Tagin URL-avain sisältää kiellettyjä merkkejä"
"The tag URL key cannot be made of only numbers.","Tagin URL-avain ei voi koostua ainoastaan numeroita"
"Related posts","Samankaltaiset artikkelit"
"Posted:","Julkaistu:"
"Categories:","Kategoriat:"
"Categories","Kategoriat:"
"Tags:","Tagit:"
"Author:","Kirjoittaja:"
"We can't find posts matching the selection.","Emme löydä hakuasi vastaavaa postausta"
"Read more","Lue lisää"
"Read more &#187;","Lue lisää &#187;"
"See more","Näytä more"
"Read %1","Lue %1"
"&larr; Previous","&larr; Edellinen"
"Next &rarr;","Seuraava &rarr;"
"Related Posts","Samankaltaiset artikkelit"
"Archive","Arkisto"
"Archive %s","Arkisto %s"
"Recent Posts","Tuoreimmat artikkelit"
"RSS Feed","RSS-syöte"
"Search posts here...","Hae artikkeleita…"
"Tags","Tagit"
"Read more >","Lue lisää >"
"MageFan Extensions","MageFan-laajennus"
"Blog Information","Tietoja blogista"
"Blog Index Page","Blogin sisällysluettelo"
"Post View","Artikkelinäkymä"
"Display Related Posts","Näytä Samankaltaiset artikkelit"
"Number of Posts","Artikkeleiden määrä"
"Display Related Products","Näytä aiheeseen liittyvät tuotteet"
"Number of Products","Tuotteiden määrä"
"Comments","Kommentit"
"Number of Comments","Kommenttien määrä"
"Facebook Application ID","Facebook-sovelluksen tunnus"
"Preview and Next Post","Esikatselu ja seuraava artikkeli"
"Display Prev. & Next Post Links","Näytä esikatselun & seuraavan artikkelin linkit"
"Post List","Artikkelilista"
"Posts Per Page","Artikkelia per sivu"
"Use Lazy Loading","Ota käyttöön Lazy Loading"
"Automatically load more posts on page.","Lataa sivulle automaattisesti lisää artikkeleita."
"Auto Triger Padding (px)","Automaattisen käynnistyksen reunus (px)"
"Author","Kirjoittaja"
"Display Author Information","Näytä kirjoittajan tiedot"
"Display Post List By Author","Näytä kirjoittajan kirjoittamat artikkelit"
"Sidebar","Sivupalkki"
"Search Form Widget","Hae widgetistä"
"Categories Widget","Kategoria-widget"
"Recent Posts Widget","Tuoreet artikkelit -widget"
"Posts Number","Artikkeleiden määrä"
"Archive Widget","Arkisto-widget"
"Tag Claud Widget","Tagipilvi-widget"
"Rss Feed","RSS-syöte"
"Feed Title","Syötteen otsikko"
"Feed Description","Syötteen kuvaus"
"Product Page","Tuotesivu"
"Permalink Settings","Kestolinkin asetukset"
"Blog Route","Blogi-reitti"
"Permalink Type","Kestolinkin tyyppi"
"Post Route","Artikkeli-reitti"
"Category Route","Kategoria-reitti"
"Archive Route","Arkisto-reitti"
"Tag Route","Tagi-reitti"
"Author Route","Kirjoittaja-reitti"
"Search Route","Haku-reitti"
"Social","Social"
"AddThis Enabled","AddThis käytössä"
"AddThis ID","AddThis tunnus"
"AddThis Language","AddThis kieli"
"Category Top Navigation","Kategorian ylänavigointi"
"Display Blog Link","Näytä blogin linkki"
"Blog Category","Blogikategoria"
"Leave blank to display posts from all categories.","Jätä tyhjäksi näyttääksesi artikkelit kaikista kategorioista"
"Custom Template","Kustomoitu pohja"
"Published","Julkaistu"
"Category Information","Kategorian tiedot"
"Enable Category","Ota kategoria käyttöön"
"Category Title","Kategorian otsikko"
"Category in Websites","Kategoria verkkosivulla"
"-- Please Select --","-- Valitse—"
"Tag Title","Tagin otsikko"
"Post Information","Artikkelin tiedot"
"Enable Post","Ota artikkeli käyttöön"
"Post Title","Artikkelin otsikko"
"New Category","Uusi kategoria"
"Additional Options","Lisävalinnat"
"Featured Image","Artikkelikuva"
"Publish Date","Julkaisupäivämäärä"
"New Tag","Uusi tagi"
"Open Graph Metadata","Avaa Graph Metadata"
"OG Title","OG otsikko"
"Leave blank to use Meta Title by default.","Jätä tyhjäksi, jotta Meta-otsikko on oletuksena"
"OG Description","OG kuvaus"
"Leave blank to use Meta Description by default.","Jätä tyhjäksi, jotta Meta-kuvaus on oletuksena"
"OG Image","OG kuva"
"Leave blank to use Featured Image by default. Allow image type: jpg, jpeg, gif, png.","Jätä tyhjäksi, jotta artikkelikuva on oletuksena. Sallitut kuvatiedostot: jpg, jpeg, gif, png."
"OG Type","OG tyyppi"
"Leave blank to use ""article"" type by default.","Jätä tyhjäksi jotta ""artikkeli"" -tyyppi on oletuksena"
"Post in Websites","Artikkeli verkkosivuilla"
"Related Posts and Products","Aiheeseen liittyvät artikkelit ja tuotteet"
"Related posts are shown to customers in addition to the item the customer is looking at.","Aiheeseen liittyvät artikkelit näytetään asiakkaille lisäksi tuotteen yhteydessä."
"Add Related Post","Lisää aiheeseen liittyvä artikkeli"
"Add Related Posts","Lisää aiheeseen liittyviä artikkeleita"
"Add Selected Posts","Lisää valitut artikkelit"
"January","tammikuu"
"February","helmikuu"
"March","maaliskuu"
"April","huhtikuu"
"May","toukokuu"
"June","kesäkuu"
"July","heinäkuu"
"August","elokuu"
"September","syyskuu"
"October","lokakuu"
"November","marraskuu"
"December","joulukuu"
"Jan","tammikuu"
"Feb","helmikuu"
"Mar","maaliskuu"
"Apr","huhtikuu"
"May","toukokuu"
"Jun","kesäkuu"
"Jul","heinäkuu"
"Aug","elokuu"
"Sep","syyskuu"
"Oct","lokakuu"
"Nov","marraskuu"
"Dec","joulukuu"
"Reply","Vastaa"
"Show more replies in this thread","Näytä lisää vastauksia"
"%1 Comment(s)","%1 Kommenttit"
"Add a comment...","Kirjoita kommentti…"
"Add a reply...","Vastaa kommenttiin…"
"Sign in to add a comment...","Kirjaudu sisään jotta voit kirjoittaa kommentin…"
"Sign in to add a reply...","Kirjaudu sisään jotta voit vastata kommenttiin…"
"Full Name","Koko nimi"
"Load more comments","Lataa lisää kommentteja"
"Login to submit comment","Kirjaudu sisään jotta voit julkaista kommentin"
"You cannot post comment. Blog post is not longer exist.","Kommenttia ei voitu julkaista. Tämä artikkeli on poistettu."
"You cannot reply to this comment. Comment is not longer exist.","Vastausta ei voitu julkaista. Tämä kommentti on poistettu."
"You cannot reply to this comment.","Tähän kommenttiin ei voi vastata"
"You submitted your comment for moderation.","Lähetä kommenttisi tarkistettavaksi"
"Thank you for your comment.","Kiitos kommentistasi"
"Import Categories","Tuo kategoriat"
"Import Comments","Tuo kommentit"
"Import Posts","Tuo artikkelit"
"Import from aheadWorks Blog Extension","Tuo aheadWorks Blog -laajennuksesta"
"Import from Joomla","Tuo Joomlasta"
"Import from Blogger.com","Tuo Blogger.comista"
"Import from Drupal","Tuo Drupalista"
"Import from CSV","Tuo CSV-tiedostosta"
"Import from XML","Tuo XML-tiedostosta"
"Yes, I have read the %1 and agree to the processing of my personal data.","Kyllä, olen lukenut %1 ja suostun tietojeni käsittelyyn."
"privacy policy","Tietosuojaseloste"
"New Arrivals","Uudet tuotteet"
"Blog Posts","Blogikirjoitukset"
"Blog Categories","Blogikategoriat"
"Post Contents","Viestin sisältö"
"hide","piilottaa"
"show","näyttää"
"You May Also Like","Saatat pitää myös näistä"
"People Who Bought This Also Bought:","Tämän ostaneet ihmiset ostivat myös:"
"and","ja"
"Popular Posts","Suositut julkaisut"
"Featured Posts","Esittelyssä olevat julkaisut"
"min read","min lukuaika"
"Latest From %1","Uusin käyttäjältä %1"
"Co-author","Yhteiskirjoittaja"
Add New Comment,Lisää uusi kommentti
Add New Images,Lisää uusia kuvia
Add New Tag,Lisää uusi tagi
Add to Cart,Lisää ostoskoriin
Add to Compare,Lisää vertailuun
Add to Wish List,Lisää toivelistalle
Add With AI,Lisää tekoälyllä
Admin,Admin
AI Writer is not enabled. Please enable it first.,AI Writer ei ole käytössä. Ota se ensin käyttöön.
All Authors,Kaikki kirjoittajat
All Blog Pages,Kaikki blogisivut
All Categories,Kaikki kategoriat
and,ja
Approved,Hyväksytty
Archive %1,Arkisto %1
Blank (Use widgets to build the page content),Tyhjä (käytä widgetejä sivun sisällön rakentamiseen)
Blog Archive Page,Blogin arkistosivu
Blog Author Page,Blogin kirjoittajasivu
Blog Category Page,Blogin kategoriasivu
Blog Plus <b>Advanced Permalink Settings</b> are enabled.,Blog Plus <b>Edistyneet kestolinkin asetukset</b> ovat käytössä.
Blog Post Page,Blogin artikkelisivu
Blog Tag Page,Blogin tagisivu
Bottom (Horizontal),Alhaalla (vaakasuora)
Browse to find or drag image here,Selaa löytääksesi tai vedä kuva tähän
Cancel,Peruuta
Category,Kategoria
"Chat-GPT API Key is missing in ""AI Writer"" configurations.","Chat-GPT API-avain puuttuu ""AI Writer"" -asetuksista."
Comments:,Kommentit:
Customer,Asiakas
Database connection error,Tietokantayhteysvirhe
Default: mystore.com/{blog_route}/{post_route}/post-title/,Default: mystore.com/{blog_route}/{post_route}/post-title/
Delete image,Poista kuva
Disabled,Pois käytöstä
Duplicated,Monistettu
Email,Email
Enabled,Käytössä
General Information,Yleiset tiedot
Go to Home Page,Siirry etusivulle
Grid - 1 column (Blog Extra),Ruudukko - 1 sarake (Blog Extra)
Grid - 2 columns (Blog Extra),Ruudukko - 2 saraketta (Blog Extra)
Grid - 3 columns (Blog Extra),Ruudukko - 3 saraketta (Blog Extra)
Grid and List (Blog Extra),Ruudukko ja lista (Blog Extra)
Guest,Vieras
Hidden,Piilotettu
Home,Etusivu
"Images (.gif, .jpg, .png)","Kuvat (.gif, .jpg, .png)"
Import Tags,Tuo tagit
In stock,Varastossa
Leave a review about the blog extension,Jätä arvio bloglaajennuksesta
Left (Vertical),Vasemmalla (pystysuora)
List (Blog Extra),Lista (Blog Extra)
min read,min lukuaika
Month And Year,Kuukausi ja vuosi
Need a new blog feature?,Tarvitsetko uuden ominaisuuden blogiin?
No,Ei
Not Approved,Ei hyväksytty
Other Grids (Blog Extra),Muut ruudukot (Blog Extra)
Out of stock,Loppu varastosta
Page,Sivu
/page/N,/page/N
?page=N,?page=N
Pending,Odottaa
Please enter valid email,Syötä kelvollinen sähköpostiosoite
Please select post IDs,Valitse artikkelin tunnukset
?p=N,?p=N
Position,Sijainti
Post Id,Artikkelin tunnus
Posts (default),Artikkelit (oletus)
Posts Links,Artikkelien linkit
Posts loader,Artikkelien lataaja
Posts & Subcategories Links,Artikkelien ja alakategorioiden linkit
Publish Date (default),Julkaisupäivämäärä (oletus)
Related Products,Aiheeseen liittyvät tuotteet
Requested item doesn't exist,Pyydettyä kohdetta ei ole olemassa
Right (Vertical),Oikealla (pystysuora)
Search,Hae
Select Post IDs ...,Valitse artikkelin tunnukset ...
Share on %1,Jaa %1:ssä
Short: mystore.com/{blog_route}/post-title/,Short: mystore.com/{blog_route}/post-title/
Sign In,Kirjaudu sisään
Slider (Blog Extra),Liukusäädin (Blog Extra)
Something went wrong %1,Jokin meni pieleen %1
Something went wrong while saving the file(s).,Jokin meni pieleen tiedostoa/tiedostoja tallennettaessa.
Subcategories Links,Alakategorioiden linkit
Submit,Lähetä
Tag,Tagi
This option is available in <strong>%1</strong> plan only.,Tämä vaihtoehto on saatavilla vain <strong>%1</strong> -paketissa.
This option is available in <strong>Plus or Extra</strong> plans only.,Tämä vaihtoehto on saatavilla vain <strong>Plus tai Extra</strong> -paketeissa.
Title,Otsikko
Top (Horizontal),Ylhäällä (vaakasuora)
Unable to remove item,Kohdetta ei voi poistaa
Unable to save item,Kohdetta ei voi tallentaa
URL key is already in use by another blog item.,URL-avain on jo käytössä toisella blogin kohteella.
URL key is already in use by another tag item.,URL-avain on jo käytössä toisella tagilla.
Use Magefan Blog Comments,Käytä Magefan Blog -kommentteja
Views:,Katselukerrat:
Year,Vuosi
"Last updated:","Viimeksi päivitetty:"
