"Add New Category","Ajouter une catégorie"
"Are you sure you want to do this?","Êtes-vous sûr de vouloir faire cela ?"
"Start Import","Commencer l'import"
"NOTICE","REMARQUER"
"Database Name","Nom de la base de données"
"User Name","Nom d'utilisateur"
"Database Host","Base de données (Serveur)"
"Table Prefix","Table de préfixes"
"Post","Article"
"Add New Post","Ajouter un publication"
"Blog","Blog"
"Go to Blog Home Page","Aller sur l'accueil du blog"
"Monthly Archives: %s %s","Archives mensuelles : %s %s"
"Search ""%1""","Recherche ""%1"""
"Recent Blog Posts","Dernières publications"
"Manage %1","Gérer %1"
"Edit %1","Éditer %1"
"New %1","Nouveau %1"
"Create %1","Créer %1"
"%1 has been saved.","%1 a été enregistré."
"Something went wrong while saving this %1. %2","Un problème est survenu lors de l'enregistrement %1. %2"
"We can't delete %1 right now. %2","Impossible de supprimer %1 pour le moment. %2"
"%1 have been deleted.","%1 a été supprimé."
"Parameter ""Status"" missing in request data.","Paramètre ""Statut"" manquant."
"Status Field Name is not specified.","Le champ nom du statut n'est pas indiqué."
"We can't change status of %1 right now. %2","Impossible de changer le statut de %1 pour le moment. %2"
"%1 status have been changed.","%1 le statut a été changé."
"Blog Import","Importer blog"
"Blog import type is not specified.","Le type d'import de blog n'est pas spécifié."
"The import process was completed successfully. %1 posts and %2 categories where imported.","L'importation a été réalisée avec succès. %1 articles et %2 catégories ont été importés."
"The import process completed. %1 posts and %2 categories where imported. Some posts or categories where skipped.<br/> %3 %4","L'importation a été réalisée. %1 publications et %2 catégories ont été importés. Quelques publications ou catégories n'ont pas pu être importés.<br/> %3 %4"
"Nothing to import.","Rien à importer."
"Can not make import.","Impossible de réaliser l'import."
"Something went wrong: ","Un problème est survenu: "
"Please enter your name and email","Veuillez entrer votre nom et votre e-mail"
"Blog Import from WordPress","Importer son blog à partir de WordPress"
"Comment text is too short.","Le texte du commentaire est trop court."
"Please select","Veuillez sélectionner"
"Use Facebook Comments","Utiliser les commentaires de Facebook"
"Use Disqus Comments","Utiliser les commentaires de Disqus"
"Use Google Comments","Utiliser les commentaires de Google"
"Featured Blog Posts","Articles vedettes du blog"
"Yes (With auto trigger)","Oui (Avec auto trigger)"
"Yes (Without auto trigger)","Oui (Sans auto trigger)"
"Parameter %1 is required","Le paramètre %1 est nécessaire"
"AheadWorks Blog Extension not detected.","AheadWorks Blog Extension non détectée."
"The category URL key contains disallowed symbols.","Le URL key de la catégorie contient des majuscules ou des symbôles non autorisés."
"The category URL key cannot be made of only numbers.","Le URL key de catégorie ne peut pas être composée uniquement de chiffres."
"The post URL key contains disallowed symbols.","Le URL key de la publication contient des majuscules ou des symbôles non autorisés."
"The post URL key cannot be made of only numbers.","Le URL key de la publication ne peut pas contenir uniquement des nombres."
"The tag is already exist.","L'etiquette existe déjà."
"The tag URL key contains disallowed symbols.","L'étiquette URL key contient des lettres majuscules ou des symboles non autorisés."
"The tag URL key cannot be made of only numbers.","L'étiquette URL key ne peut pas être composée uniquement de chiffres."
"Related posts","Articles liés"
"Posted:","Publié:"
"Categories:","Catégories:"
"Tags:","Etiquettes:"
"Author:","Auteur:"
"We can't find posts matching the selection.","Aucun article ne correspond à la sélection."
"Read more","Lire la suite"
"Read more &#187;","Lire plus &#187;"
"See more","Voir plus"
"Read %1","Lire %1"
"&larr; Previous","&larr; Précédent"
"Previous","Précédent"
"Next &rarr;","Suivant &rarr;"
"Next","Suivant"
"Related Posts","Articles Associés"
"Archive","Archives"
"Archive %s","Archive %s"
"Recent Posts","Articles récents"
"RSS Feed","Flux RSS"
"Search posts here...","Rechercher des articles ici..."
"Tags","Etiquettes"
"Read more >","Lire la suite >"
"MageFan Extensions","Extensions MageFan"
"Blog Information","À propos de ce blog"
"Blog Index Page","Page index du blog"
"Post View","Vue de publication"
"Display Related Posts","Afficher les publications associées"
"Number of Posts","Nombre de publications"
"Display Related Products","Afficher les produits associés"
"Number of Products","Nombre de produits"
"Comments","Commentaires"
"Number of Comments","Nombre de commentaires"
"Facebook Application ID","ID Application Facebook"
"Preview and Next Post","Aperçu et publication suivante"
"Display Prev. & Next Post Links","Display Prev. & Next Post Links"
"Post List","Liste des articles"
"Posts Per Page","Articles par page"
"Use Lazy Loading","Utiliser le Lazy Loading"
"Automatically load more posts on page.","Charger automatiquement plusieurs publications sur la page."
"Auto Triger Padding (px)","Auto Triger Padding (px)"
"Author","Auteur"
"Display Author Information","Afficher les informations de l'auteur"
"Display Post List By Author","Afficher les publications par nom d'auteur"
"Sidebar","Barre latérale"
"Search Form Widget","Widget formulaire de recherche"
"Categories Widget","Widget catégories"
"Recent Posts Widget","Widget publications récentes"
"Posts Number","Numéro de publications"
"Archive Widget","Widget archives"
"Tag Claud Widget","Etiquette Claud Widget"
"Rss Feed","Feed RSS"
"Feed Title","Titre du Feed"
"Feed Description","Description du Feed"
"Product Page","Page du produit"
"Permalink Settings","Paramètres des Permalink"
"Blog Route","Route du blog"
"Permalink Type","Type de Permalink"
"Post Route","Route des articles"
"Category Route","Route de catégorie"
"Archive Route","Route des archives"
"Tag Route","Route des étiquettes"
"Author Route","Route de l'auteur"
"Search Route","Route de recherche"
"Social","Réseaux sociaux"
"AddThis Enabled","AddThis Activé"
"AddThis ID","AddThis ID"
"AddThis Language","AddThis Langue"
"Category Top Navigation","Categories Navigation supérieure"
"Display Blog Link","Afficher le lien du blog"
"Blog Category","Catégorie du Blog"
"Leave blank to display posts from all categories.","Laissez vide pour afficher les articles de toutes les catégories."
"Custom Template","Modèle personnalisé"
"Published","Publié"
"Category Information","Information du catégorie"
"Enable Category","Activer la Catégorie"
"Category Title","Titre de la catégorie"
"Category in Websites","Catégorie dans les sites Web"
"-- Please Select --","-- Veuillez sélectionner --"
"Tag Title","Titre de l'étiquette"
"Post Information","Informations de l'article"
"Enable Post","Activer l'article"
"Post Title","Titre de l'article"
"New Category","Nouvelle catégorie"
"Additional Options","Options Supplémentaires"
"Featured Image","Image en vedette"
"Publish Date","Date de publication"
"New Tag","Nouvelle étiquette"
"Open Graph Metadata","Ouvrir Metadonnées du graphique"
"OG Title","Titre OG"
"Leave blank to use Meta Title by default.","Laissez vide pour utiliser un Meta Titre par défaut."
"OG Description","Description OG"
"Leave blank to use Meta Description by default.","Laisser vide pour utiliser une Meta Description par défaut."
"OG Image","Image OG "
"Leave blank to use Featured Image by default. Allow image type: jpg, jpeg, gif, png.","Laissez vide pour utiliser l'image principale par défaut. Autoriser le type d'image: jpg, jpeg, gif, png."
"OG Type","Type OG "
"Leave blank to use ""article"" type by default.","Laissez vide pour utiliser le type ""article"" par défaut."
"Post in Websites","Publier sur sites web"
"Related Posts and Products","Publications et produits liés"
"Related posts are shown to customers in addition to the item the customer is looking at.","Les publications liées sont montrés aux clients en plus de sa recherche initiale."
"Add Related Post","Ajouter une publication liée"
"Add Related Posts","Ajouter les publications liées"
"Add Selected Posts","Ajouter les publications sélectionnés"
"January","Janvier"
"February","Février"
"March","Mars"
"April","Avril"
"May","Mai"
"June","Juin"
"July","Juillet"
"August","Août"
"September","Septembre"
"October","Octobre"
"November","Novembre"
"December","Décembre"
"Jan","Jan"
"Feb","Fév"
"Mar","Mar"
"Apr","Avr"
"May","Mai"
"Jun","Jun"
"Jul","Juil"
"Aug","Août"
"Sep","Sep"
"Oct","Oct"
"Nov","Nov"
"Dec","Déc"
"Reply","Répondre"
"Show more replies in this thread","Afficher plus de réponses dans ce fil"
"%1 Comment(s)","%1 Commentaire(s)"
"Add a comment...","Ajouter un commentaire..."
"Add a reply...","Ajouter une réponse..."
"Sign in to add a comment...","Connectez-vous pour ajouter un commentaire..."
"Sign in to add a reply...","Connectez-vous pour ajouter une réponse..."
"Full Name","Nom complet"
"Load more comments","Charger plus de commentaires"
"Login to submit comment","Connectez-vous pour soumettre un commentaire"
"You cannot post comment. Blog post is not longer exist.","Vous ne pouvez pas poster de commentaire. L'article de blog n'existe plus."
"You cannot reply to this comment. Comment is not longer exist.","Vous ne pouvez pas répondre à ce commentaire. Le commentaire n'existe plus."
"You cannot reply to this comment.","Vous ne pouvez pas répondre à ce commentaire."
"You submitted your comment for moderation.","Vous avez soumis votre commentaire pour modération."
"Thank you for your comment.","Merci pour votre commentaire."
"Import Categories","Catégories d'importation"
"Import Comments","Importer des commentaires"
"Import Posts","Importer des publications"
"Import from aheadWorks Blog Extension","Importer depuis l'extension de blog aheadWorks"
"Import from Joomla","Importer depuis Joomla"
"Import from Blogger.com","Importer depuis Blogger.com"
"Import from Drupal","Importer depuis Drupal"
"Import from CSV","Importer depuis CSV"
"Import from XML","Importer depuis XML"
"Yes, I have read the %1 and agree to the processing of my personal data.","Oui, j'ai lu le %1 et j'accepte le traitement de mes données personnelles."
"privacy policy","politique de confidentialité"
"New Arrivals","Nouveautés"
"Blog Posts","Articles de blog"
"Blog Categories","Catégories de blog"
"Post Contents","Contenu de l'article"
"hide","cacher"
"show","montrer"
"You May Also Like","Vous aimerez peut-être aussi"
"People Who Bought This Also Bought:","Les personnes qui ont acheté cet article ont également acheté:"
"and","et"
"Popular Posts","Articles populaires"
"Featured Posts","Articles en vedette"
"min read","min de lecture"
"Latest From %1","Dernières nouvelles de %1"
"Co-author","Coauteur"
Add New Comment,Ajouter un nouveau commentaire
Add New Images,Ajouter de nouvelles images
Add New Tag,Ajouter une nouvelle étiquette
Add to Cart,Ajouter au panier
Add to Compare,Ajouter à la comparaison
Add to Wish List,Ajouter à la liste de souhaits
Add With AI,Ajouter avec l'IA
Admin,Administrateur
AI Writer is not enabled. Please enable it first.,L'auteur IA n'est pas activé. Veuillez d'abord l'activer.
All Authors,Tous les auteurs
All Blog Pages,Toutes les pages du blog
All Categories,Toutes les catégories
and,et
Approved,Approuvé
Archive %1,Archive %1
Blank (Use widgets to build the page content),Vide (Utiliser des widgets pour créer le contenu de la page)
Blog Archive Page,Page d'archives du blog
Blog Author Page,Page de l'auteur du blog
Blog Category Page,Page de catégorie du blog
"Blog Plus <b>Advanced Permalink Settings</b> are enabled.","Blog Plus <b>Paramètres de permalien avancés</b> sont activés."
Blog Post Page,Page de l'article du blog
Blog Tag Page,Page des étiquettes du blog
Bottom (Horizontal),Bas (Horizontal)
Browse to find or drag image here,Parcourir ou glisser l'image ici
Cancel,Annuler
Categories,Catégories
Category,Catégorie
"Chat-GPT API Key is missing in ""AI Writer"" configurations.","La clé API Chat-GPT est manquante dans les configurations ""Auteur IA""."
Comments:,Commentaires:
Customer,Client
Database connection error,Erreur de connexion à la base de données
Default: mystore.com/{blog_route}/{post_route}/post-title/,Par défaut: mystore.com/{blog_route}/{post_route}/post-title/
Delete image,Supprimer l'image
Disabled,Désactivé
Duplicated,Dupliqué
Email,E-mail
Enabled,Activé
General Information,Informations générales
Go to Home Page,Aller à la page d'accueil
Grid - 1 column (Blog Extra),Grille - 1 colonne (Blog Extra)
Grid - 2 columns (Blog Extra),Grille - 2 colonnes (Blog Extra)
Grid - 3 columns (Blog Extra),Grille - 3 colonnes (Blog Extra)
Grid and List (Blog Extra),Grille et liste (Blog Extra)
Guest,Invité
Hidden,Masqué
Home,Accueil
"Images (.gif, .jpg, .png)","Images (.gif, .jpg, .png)"
Import Tags,Importer des étiquettes
In stock,En stock
Leave a review about the blog extension,Laisser un avis sur l'extension de blog
Left (Vertical),Gauche (Vertical)
List (Blog Extra),Liste (Blog Extra)
min read,min de lecture
Month And Year,Mois et année
Need a new blog feature?,Besoin d'une nouvelle fonctionnalité de blog ?
No,Non
Not Approved,Non approuvé
Other Grids (Blog Extra),Autres grilles (Blog Extra)
Out of stock,En rupture de stock
Page,Page
/page/N,/page/N
?page=N,?page=N
Pending,En attente
Please enter valid email,Veuillez saisir un e-mail valide
Please select post IDs,Veuillez sélectionner les IDs d'article
?p=N,?p=N
Position,Position
Post Id,ID de l'article
Posts (default),Articles (par défaut)
Posts Links,Liens des articles
Posts loader,Chargeur d'articles
Posts & Subcategories Links,Articles & liens des sous-catégories
Publish Date (default),Date de publication (par défaut)
Related Products,Produits associés
Requested item doesn't exist,L'élément demandé n'existe pas
Right (Vertical),Droite (Vertical)
Search,Rechercher
Select Post IDs ...,Sélectionner les IDs d'article ...
Share on %1,Partager sur %1
Short: mystore.com/{blog_route}/post-title/,Court: mystore.com/{blog_route}/post-title/
Sign In,Se connecter
Slider (Blog Extra),Curseur (Blog Extra)
Something went wrong %1,Un problème est survenu %1
Something went wrong while saving the file(s).,Un problème est survenu lors de l'enregistrement du/des fichier(s).
Subcategories Links,Liens des sous-catégories
Submit,Soumettre
Tag,Étiquette
"This option is available in <strong>%1</strong> plan only.","Cette option est disponible uniquement dans le plan <strong>%1</strong>."
"This option is available in <strong>Plus or Extra</strong> plans only.","Cette option est disponible uniquement dans les plans <strong>Plus ou Extra</strong>."
Title,Titre
Top (Horizontal),Haut (Horizontal)
Unable to remove item,Impossible de supprimer l'élément
Unable to save item,Impossible d'enregistrer l'élément
URL key is already in use by another blog item.,La clé URL est déjà utilisée par un autre élément du blog.
URL key is already in use by another tag item.,La clé URL est déjà utilisée par un autre élément d'étiquette.
Use Magefan Blog Comments,Utiliser les commentaires Magefan Blog
Views:,Vues:
Year,Année
"Last updated:","Dernière mise à jour :"
